Country,Investment area,Year,Funder,Amount,Unit,Row type,Category (as printed in MoU),Source note,Source (MoU PDF)
Kenya,Surveillance & outbreak response,2026,USG,4506350,USD,Line item,Surveillance & Outbreak Response,"Para 2.1.3.1 prints 4,506,360/yr; Appendix 1 value (4,506,350) reconciles to totals",https://www.citizen.org/wp-content/uploads/2026-0007QN-Kenya-Health-12.4.2025.pdf
Kenya,Surveillance & outbreak response,2027,USG,4506350,USD,Line item,Surveillance & Outbreak Response,"Para 2.1.3.1 prints 4,506,360/yr; Appendix 1 value (4,506,350) reconciles to totals",https://www.citizen.org/wp-content/uploads/2026-0007QN-Kenya-Health-12.4.2025.pdf
Kenya,Surveillance & outbreak response,2028,USG,4506350,USD,Line item,Surveillance & Outbreak Response,"Para 2.1.3.1 prints 4,506,360/yr; Appendix 1 value (4,506,350) reconciles to totals",https://www.citizen.org/wp-content/uploads/2026-0007QN-Kenya-Health-12.4.2025.pdf
Kenya,Surveillance & outbreak response,2029,USG,4506350,USD,Line item,Surveillance & Outbreak Response,"Para 2.1.3.1 prints 4,506,360/yr; Appendix 1 value (4,506,350) reconciles to totals",https://www.citizen.org/wp-content/uploads/2026-0007QN-Kenya-Health-12.4.2025.pdf
Kenya,Surveillance & outbreak response,2030,USG,4506350,USD,Line item,Surveillance & Outbreak Response,"Para 2.1.3.1 prints 4,506,360/yr; Appendix 1 value (4,506,350) reconciles to totals",https://www.citizen.org/wp-content/uploads/2026-0007QN-Kenya-Health-12.4.2025.pdf
Kenya,Laboratory commodities,2026,USG,14960974,USD,Line item,Lab Commodities,,https://www.citizen.org/wp-content/uploads/2026-0007QN-Kenya-Health-12.4.2025.pdf
Kenya,Laboratory commodities,2027,USG,10472682,USD,Line item,Lab Commodities,,https://www.citizen.org/wp-content/uploads/2026-0007QN-Kenya-Health-12.4.2025.pdf
Kenya,Laboratory commodities,2028,USG,5236341,USD,Line item,Lab Commodities,,https://www.citizen.org/wp-content/uploads/2026-0007QN-Kenya-Health-12.4.2025.pdf
Kenya,Laboratory commodities,2029,USG,0,USD,Line item,Lab Commodities,,https://www.citizen.org/wp-content/uploads/2026-0007QN-Kenya-Health-12.4.2025.pdf
Kenya,Laboratory commodities,2030,USG,0,USD,Line item,Lab Commodities,,https://www.citizen.org/wp-content/uploads/2026-0007QN-Kenya-Health-12.4.2025.pdf
Kenya,Frontline lab workers,2026,USG,6462293,USD,Line item,Frontline Lab Workers ($),,https://www.citizen.org/wp-content/uploads/2026-0007QN-Kenya-Health-12.4.2025.pdf
Kenya,Frontline lab workers,2027,USG,4308195,USD,Line item,Frontline Lab Workers ($),,https://www.citizen.org/wp-content/uploads/2026-0007QN-Kenya-Health-12.4.2025.pdf
Kenya,Frontline lab workers,2028,USG,2154098,USD,Line item,Frontline Lab Workers ($),,https://www.citizen.org/wp-content/uploads/2026-0007QN-Kenya-Health-12.4.2025.pdf
Kenya,Frontline lab workers,2029,USG,0,USD,Line item,Frontline Lab Workers ($),,https://www.citizen.org/wp-content/uploads/2026-0007QN-Kenya-Health-12.4.2025.pdf
Kenya,Frontline lab workers,2030,USG,0,USD,Line item,Frontline Lab Workers ($),,https://www.citizen.org/wp-content/uploads/2026-0007QN-Kenya-Health-12.4.2025.pdf
Kenya,Frontline lab workers,2026,USG,515,FTEs,Line item,Frontline Lab Workers (# FTEs),,https://www.citizen.org/wp-content/uploads/2026-0007QN-Kenya-Health-12.4.2025.pdf
Kenya,Frontline lab workers,2027,USG,515,FTEs,Line item,Frontline Lab Workers (# FTEs),,https://www.citizen.org/wp-content/uploads/2026-0007QN-Kenya-Health-12.4.2025.pdf
Kenya,Frontline lab workers,2028,USG,0,FTEs,Line item,Frontline Lab Workers (# FTEs),,https://www.citizen.org/wp-content/uploads/2026-0007QN-Kenya-Health-12.4.2025.pdf
Kenya,Frontline lab workers,2029,USG,0,FTEs,Line item,Frontline Lab Workers (# FTEs),,https://www.citizen.org/wp-content/uploads/2026-0007QN-Kenya-Health-12.4.2025.pdf
Kenya,Frontline lab workers,2030,USG,0,FTEs,Line item,Frontline Lab Workers (# FTEs),,https://www.citizen.org/wp-content/uploads/2026-0007QN-Kenya-Health-12.4.2025.pdf
Kenya,Other commodities,2026,USG,94782231,USD,Line item,Other Commodities,2026 includes one-time $20M buffer stock (6MMD ART + Lenacapavir PrEP),https://www.citizen.org/wp-content/uploads/2026-0007QN-Kenya-Health-12.4.2025.pdf
Kenya,Other commodities,2027,USG,44869339,USD,Line item,Other Commodities,2026 includes one-time $20M buffer stock (6MMD ART + Lenacapavir PrEP),https://www.citizen.org/wp-content/uploads/2026-0007QN-Kenya-Health-12.4.2025.pdf
Kenya,Other commodities,2028,USG,44869339,USD,Line item,Other Commodities,2026 includes one-time $20M buffer stock (6MMD ART + Lenacapavir PrEP),https://www.citizen.org/wp-content/uploads/2026-0007QN-Kenya-Health-12.4.2025.pdf
Kenya,Other commodities,2029,USG,29912892,USD,Line item,Other Commodities,2026 includes one-time $20M buffer stock (6MMD ART + Lenacapavir PrEP),https://www.citizen.org/wp-content/uploads/2026-0007QN-Kenya-Health-12.4.2025.pdf
Kenya,Other commodities,2030,USG,14956446,USD,Line item,Other Commodities,2026 includes one-time $20M buffer stock (6MMD ART + Lenacapavir PrEP),https://www.citizen.org/wp-content/uploads/2026-0007QN-Kenya-Health-12.4.2025.pdf
Kenya,Frontline healthcare workers,2026,USG,45735429,USD,Line item,Frontline Healthcare Workers ($),,https://www.citizen.org/wp-content/uploads/2026-0007QN-Kenya-Health-12.4.2025.pdf
Kenya,Frontline healthcare workers,2027,USG,30490286,USD,Line item,Frontline Healthcare Workers ($),,https://www.citizen.org/wp-content/uploads/2026-0007QN-Kenya-Health-12.4.2025.pdf
Kenya,Frontline healthcare workers,2028,USG,0,USD,Line item,Frontline Healthcare Workers ($),,https://www.citizen.org/wp-content/uploads/2026-0007QN-Kenya-Health-12.4.2025.pdf
Kenya,Frontline healthcare workers,2029,USG,0,USD,Line item,Frontline Healthcare Workers ($),,https://www.citizen.org/wp-content/uploads/2026-0007QN-Kenya-Health-12.4.2025.pdf
Kenya,Frontline healthcare workers,2030,USG,0,USD,Line item,Frontline Healthcare Workers ($),,https://www.citizen.org/wp-content/uploads/2026-0007QN-Kenya-Health-12.4.2025.pdf
Kenya,Frontline healthcare workers,2026,USG,28668,FTEs,Line item,Frontline Healthcare Workers (# FTEs),,https://www.citizen.org/wp-content/uploads/2026-0007QN-Kenya-Health-12.4.2025.pdf
Kenya,Frontline healthcare workers,2027,USG,21407,FTEs,Line item,Frontline Healthcare Workers (# FTEs),,https://www.citizen.org/wp-content/uploads/2026-0007QN-Kenya-Health-12.4.2025.pdf
Kenya,Frontline healthcare workers,2028,USG,0,FTEs,Line item,Frontline Healthcare Workers (# FTEs),,https://www.citizen.org/wp-content/uploads/2026-0007QN-Kenya-Health-12.4.2025.pdf
Kenya,Frontline healthcare workers,2029,USG,0,FTEs,Line item,Frontline Healthcare Workers (# FTEs),,https://www.citizen.org/wp-content/uploads/2026-0007QN-Kenya-Health-12.4.2025.pdf
Kenya,Frontline healthcare workers,2030,USG,0,FTEs,Line item,Frontline Healthcare Workers (# FTEs),,https://www.citizen.org/wp-content/uploads/2026-0007QN-Kenya-Health-12.4.2025.pdf
Kenya,Data systems,2026,USG,30000000,USD,Line item,Data Systems,,https://www.citizen.org/wp-content/uploads/2026-0007QN-Kenya-Health-12.4.2025.pdf
Kenya,Data systems,2027,USG,75000000,USD,Line item,Data Systems,,https://www.citizen.org/wp-content/uploads/2026-0007QN-Kenya-Health-12.4.2025.pdf
Kenya,Data systems,2028,USG,50000000,USD,Line item,Data Systems,,https://www.citizen.org/wp-content/uploads/2026-0007QN-Kenya-Health-12.4.2025.pdf
Kenya,Data systems,2029,USG,10000000,USD,Line item,Data Systems,,https://www.citizen.org/wp-content/uploads/2026-0007QN-Kenya-Health-12.4.2025.pdf
Kenya,Data systems,2030,USG,10000000,USD,Line item,Data Systems,,https://www.citizen.org/wp-content/uploads/2026-0007QN-Kenya-Health-12.4.2025.pdf
Kenya,Strategic assistance / investment,2026,USG,102706246,USD,Line item,Strategic Interventions,,https://www.citizen.org/wp-content/uploads/2026-0007QN-Kenya-Health-12.4.2025.pdf
Kenya,Strategic assistance / investment,2027,USG,127637380,USD,Line item,Strategic Interventions,,https://www.citizen.org/wp-content/uploads/2026-0007QN-Kenya-Health-12.4.2025.pdf
Kenya,Strategic assistance / investment,2028,USG,168814814,USD,Line item,Strategic Interventions,,https://www.citizen.org/wp-content/uploads/2026-0007QN-Kenya-Health-12.4.2025.pdf
Kenya,Strategic assistance / investment,2029,USG,235118267,USD,Line item,Strategic Interventions,,https://www.citizen.org/wp-content/uploads/2026-0007QN-Kenya-Health-12.4.2025.pdf
Kenya,Strategic assistance / investment,2030,USG,113313280,USD,Line item,Strategic Interventions,,https://www.citizen.org/wp-content/uploads/2026-0007QN-Kenya-Health-12.4.2025.pdf
Kenya,Programme management,2026,USG,90282837,USD,Line item,Program Management,,https://www.citizen.org/wp-content/uploads/2026-0007QN-Kenya-Health-12.4.2025.pdf
Kenya,Programme management,2027,USG,67712128,USD,Line item,Program Management,,https://www.citizen.org/wp-content/uploads/2026-0007QN-Kenya-Health-12.4.2025.pdf
Kenya,Programme management,2028,USG,45141418,USD,Line item,Program Management,,https://www.citizen.org/wp-content/uploads/2026-0007QN-Kenya-Health-12.4.2025.pdf
Kenya,Programme management,2029,USG,27084851,USD,Line item,Program Management,,https://www.citizen.org/wp-content/uploads/2026-0007QN-Kenya-Health-12.4.2025.pdf
Kenya,Programme management,2030,USG,9028284,USD,Line item,Program Management,,https://www.citizen.org/wp-content/uploads/2026-0007QN-Kenya-Health-12.4.2025.pdf
Kenya,TOTAL,2026,USG,389436360,USD,Total / subtotal,Subtotal itemized categories,,https://www.citizen.org/wp-content/uploads/2026-0007QN-Kenya-Health-12.4.2025.pdf
Kenya,TOTAL,2027,USG,364996360,USD,Total / subtotal,Subtotal itemized categories,,https://www.citizen.org/wp-content/uploads/2026-0007QN-Kenya-Health-12.4.2025.pdf
Kenya,TOTAL,2028,USG,320722360,USD,Total / subtotal,Subtotal itemized categories,,https://www.citizen.org/wp-content/uploads/2026-0007QN-Kenya-Health-12.4.2025.pdf
Kenya,TOTAL,2029,USG,306622360,USD,Total / subtotal,Subtotal itemized categories,,https://www.citizen.org/wp-content/uploads/2026-0007QN-Kenya-Health-12.4.2025.pdf
Kenya,TOTAL,2030,USG,151804360,USD,Total / subtotal,Subtotal itemized categories,,https://www.citizen.org/wp-content/uploads/2026-0007QN-Kenya-Health-12.4.2025.pdf
Kenya,TOTAL,2026,USG,414294000,USD,Total / subtotal,Headline USG total (incl. cost of doing business & audits),"Gap vs itemized = $97,888,200 over term, per Appendix 1 footnote",https://www.citizen.org/wp-content/uploads/2026-0007QN-Kenya-Health-12.4.2025.pdf
Kenya,TOTAL,2027,USG,388294000,USD,Total / subtotal,Headline USG total (incl. cost of doing business & audits),"Gap vs itemized = $97,888,200 over term, per Appendix 1 footnote",https://www.citizen.org/wp-content/uploads/2026-0007QN-Kenya-Health-12.4.2025.pdf
Kenya,TOTAL,2028,USG,341194000,USD,Total / subtotal,Headline USG total (incl. cost of doing business & audits),"Gap vs itemized = $97,888,200 over term, per Appendix 1 footnote",https://www.citizen.org/wp-content/uploads/2026-0007QN-Kenya-Health-12.4.2025.pdf
Kenya,TOTAL,2029,USG,326194000,USD,Total / subtotal,Headline USG total (incl. cost of doing business & audits),"Gap vs itemized = $97,888,200 over term, per Appendix 1 footnote",https://www.citizen.org/wp-content/uploads/2026-0007QN-Kenya-Health-12.4.2025.pdf
Kenya,TOTAL,2030,USG,161494000,USD,Total / subtotal,Headline USG total (incl. cost of doing business & audits),"Gap vs itemized = $97,888,200 over term, per Appendix 1 footnote",https://www.citizen.org/wp-content/uploads/2026-0007QN-Kenya-Health-12.4.2025.pdf
Kenya,Laboratory commodities,2026,USG,14218608,USD,Appendix detail (do not sum),App.2 2026 Lab Commodities: HIV,,https://www.citizen.org/wp-content/uploads/2026-0007QN-Kenya-Health-12.4.2025.pdf
Kenya,Laboratory commodities,2026,USG,194173,USD,Appendix detail (do not sum),App.2 2026 Lab Commodities: TB,,https://www.citizen.org/wp-content/uploads/2026-0007QN-Kenya-Health-12.4.2025.pdf
Kenya,Laboratory commodities,2026,USG,48193,USD,Appendix detail (do not sum),App.2 2026 Lab Commodities: Polio,,https://www.citizen.org/wp-content/uploads/2026-0007QN-Kenya-Health-12.4.2025.pdf
Kenya,Laboratory commodities,2026,USG,500000,USD,Appendix detail (do not sum),App.2 2026 Lab Commodities: GHS,,https://www.citizen.org/wp-content/uploads/2026-0007QN-Kenya-Health-12.4.2025.pdf
Kenya,Other commodities,2026,USG,57239945,USD,Appendix detail (do not sum),App.2 2026 Other Commodities: HIV,,https://www.citizen.org/wp-content/uploads/2026-0007QN-Kenya-Health-12.4.2025.pdf
Kenya,Other commodities,2026,USG,172051,USD,Appendix detail (do not sum),App.2 2026 Other Commodities: TB,,https://www.citizen.org/wp-content/uploads/2026-0007QN-Kenya-Health-12.4.2025.pdf
Kenya,Other commodities,2026,USG,16866693,USD,Appendix detail (do not sum),App.2 2026 Other Commodities: Malaria,,https://www.citizen.org/wp-content/uploads/2026-0007QN-Kenya-Health-12.4.2025.pdf
Kenya,Other commodities,2026,USG,503541,USD,Appendix detail (do not sum),App.2 2026 Other Commodities: MCH,,https://www.citizen.org/wp-content/uploads/2026-0007QN-Kenya-Health-12.4.2025.pdf
Kenya,Other commodities,2026,USG,20000000,USD,Appendix detail (do not sum),App.2 2026 Other Commodities: Buffer for 6MMD ART + Len PrEP (one-time),,https://www.citizen.org/wp-content/uploads/2026-0007QN-Kenya-Health-12.4.2025.pdf
Kenya,Frontline lab workers,2026,USG,3618414,USD,Appendix detail (do not sum),App.3 frontline funding: Laboratory Workers,"App.3 cadre rows sum to $31,630,035/yr vs App.1 $52,197,722/yr - unexplained gap in source document",https://www.citizen.org/wp-content/uploads/2026-0007QN-Kenya-Health-12.4.2025.pdf
Kenya,Frontline lab workers,2027,USG,3618414,USD,Appendix detail (do not sum),App.3 frontline funding: Laboratory Workers,"App.3 cadre rows sum to $31,630,035/yr vs App.1 $52,197,722/yr - unexplained gap in source document",https://www.citizen.org/wp-content/uploads/2026-0007QN-Kenya-Health-12.4.2025.pdf
Kenya,Frontline lab workers,2028,USG,0,USD,Appendix detail (do not sum),App.3 frontline funding: Laboratory Workers,"App.3 cadre rows sum to $31,630,035/yr vs App.1 $52,197,722/yr - unexplained gap in source document",https://www.citizen.org/wp-content/uploads/2026-0007QN-Kenya-Health-12.4.2025.pdf
Kenya,Frontline lab workers,2029,USG,0,USD,Appendix detail (do not sum),App.3 frontline funding: Laboratory Workers,"App.3 cadre rows sum to $31,630,035/yr vs App.1 $52,197,722/yr - unexplained gap in source document",https://www.citizen.org/wp-content/uploads/2026-0007QN-Kenya-Health-12.4.2025.pdf
Kenya,Frontline lab workers,2030,USG,0,USD,Appendix detail (do not sum),App.3 frontline funding: Laboratory Workers,"App.3 cadre rows sum to $31,630,035/yr vs App.1 $52,197,722/yr - unexplained gap in source document",https://www.citizen.org/wp-content/uploads/2026-0007QN-Kenya-Health-12.4.2025.pdf
Kenya,Frontline healthcare workers,2026,USG,9359968,USD,Appendix detail (do not sum),App.3 frontline funding: Clinical Officers,,https://www.citizen.org/wp-content/uploads/2026-0007QN-Kenya-Health-12.4.2025.pdf
Kenya,Frontline healthcare workers,2027,USG,9359968,USD,Appendix detail (do not sum),App.3 frontline funding: Clinical Officers,,https://www.citizen.org/wp-content/uploads/2026-0007QN-Kenya-Health-12.4.2025.pdf
Kenya,Frontline healthcare workers,2028,USG,0,USD,Appendix detail (do not sum),App.3 frontline funding: Clinical Officers,,https://www.citizen.org/wp-content/uploads/2026-0007QN-Kenya-Health-12.4.2025.pdf
Kenya,Frontline healthcare workers,2029,USG,0,USD,Appendix detail (do not sum),App.3 frontline funding: Clinical Officers,,https://www.citizen.org/wp-content/uploads/2026-0007QN-Kenya-Health-12.4.2025.pdf
Kenya,Frontline healthcare workers,2030,USG,0,USD,Appendix detail (do not sum),App.3 frontline funding: Clinical Officers,,https://www.citizen.org/wp-content/uploads/2026-0007QN-Kenya-Health-12.4.2025.pdf
Kenya,Frontline healthcare workers,2026,USG,2086233,USD,Appendix detail (do not sum),App.3 frontline funding: Pharmacy Workers,,https://www.citizen.org/wp-content/uploads/2026-0007QN-Kenya-Health-12.4.2025.pdf
Kenya,Frontline healthcare workers,2027,USG,2086233,USD,Appendix detail (do not sum),App.3 frontline funding: Pharmacy Workers,,https://www.citizen.org/wp-content/uploads/2026-0007QN-Kenya-Health-12.4.2025.pdf
Kenya,Frontline healthcare workers,2028,USG,0,USD,Appendix detail (do not sum),App.3 frontline funding: Pharmacy Workers,,https://www.citizen.org/wp-content/uploads/2026-0007QN-Kenya-Health-12.4.2025.pdf
Kenya,Frontline healthcare workers,2029,USG,0,USD,Appendix detail (do not sum),App.3 frontline funding: Pharmacy Workers,,https://www.citizen.org/wp-content/uploads/2026-0007QN-Kenya-Health-12.4.2025.pdf
Kenya,Frontline healthcare workers,2030,USG,0,USD,Appendix detail (do not sum),App.3 frontline funding: Pharmacy Workers,,https://www.citizen.org/wp-content/uploads/2026-0007QN-Kenya-Health-12.4.2025.pdf
Kenya,Frontline healthcare workers,2026,USG,7208644,USD,Appendix detail (do not sum),App.3 frontline funding: Nurses,,https://www.citizen.org/wp-content/uploads/2026-0007QN-Kenya-Health-12.4.2025.pdf
Kenya,Frontline healthcare workers,2027,USG,7208644,USD,Appendix detail (do not sum),App.3 frontline funding: Nurses,,https://www.citizen.org/wp-content/uploads/2026-0007QN-Kenya-Health-12.4.2025.pdf
Kenya,Frontline healthcare workers,2028,USG,0,USD,Appendix detail (do not sum),App.3 frontline funding: Nurses,,https://www.citizen.org/wp-content/uploads/2026-0007QN-Kenya-Health-12.4.2025.pdf
Kenya,Frontline healthcare workers,2029,USG,0,USD,Appendix detail (do not sum),App.3 frontline funding: Nurses,,https://www.citizen.org/wp-content/uploads/2026-0007QN-Kenya-Health-12.4.2025.pdf
Kenya,Frontline healthcare workers,2030,USG,0,USD,Appendix detail (do not sum),App.3 frontline funding: Nurses,,https://www.citizen.org/wp-content/uploads/2026-0007QN-Kenya-Health-12.4.2025.pdf
Kenya,Frontline healthcare workers,2026,USG,8196029,USD,Appendix detail (do not sum),App.3 frontline funding: Testing & Counseling Providers,,https://www.citizen.org/wp-content/uploads/2026-0007QN-Kenya-Health-12.4.2025.pdf
Kenya,Frontline healthcare workers,2027,USG,8196029,USD,Appendix detail (do not sum),App.3 frontline funding: Testing & Counseling Providers,,https://www.citizen.org/wp-content/uploads/2026-0007QN-Kenya-Health-12.4.2025.pdf
Kenya,Frontline healthcare workers,2028,USG,0,USD,Appendix detail (do not sum),App.3 frontline funding: Testing & Counseling Providers,,https://www.citizen.org/wp-content/uploads/2026-0007QN-Kenya-Health-12.4.2025.pdf
Kenya,Frontline healthcare workers,2029,USG,0,USD,Appendix detail (do not sum),App.3 frontline funding: Testing & Counseling Providers,,https://www.citizen.org/wp-content/uploads/2026-0007QN-Kenya-Health-12.4.2025.pdf
Kenya,Frontline healthcare workers,2030,USG,0,USD,Appendix detail (do not sum),App.3 frontline funding: Testing & Counseling Providers,,https://www.citizen.org/wp-content/uploads/2026-0007QN-Kenya-Health-12.4.2025.pdf
Kenya,Frontline healthcare workers,2026,USG,301349,USD,Appendix detail (do not sum),App.3 frontline funding: Doctors,,https://www.citizen.org/wp-content/uploads/2026-0007QN-Kenya-Health-12.4.2025.pdf
Kenya,Frontline healthcare workers,2027,USG,301349,USD,Appendix detail (do not sum),App.3 frontline funding: Doctors,,https://www.citizen.org/wp-content/uploads/2026-0007QN-Kenya-Health-12.4.2025.pdf
Kenya,Frontline healthcare workers,2028,USG,0,USD,Appendix detail (do not sum),App.3 frontline funding: Doctors,,https://www.citizen.org/wp-content/uploads/2026-0007QN-Kenya-Health-12.4.2025.pdf
Kenya,Frontline healthcare workers,2029,USG,0,USD,Appendix detail (do not sum),App.3 frontline funding: Doctors,,https://www.citizen.org/wp-content/uploads/2026-0007QN-Kenya-Health-12.4.2025.pdf
Kenya,Frontline healthcare workers,2030,USG,0,USD,Appendix detail (do not sum),App.3 frontline funding: Doctors,,https://www.citizen.org/wp-content/uploads/2026-0007QN-Kenya-Health-12.4.2025.pdf
Kenya,Frontline healthcare workers,2026,USG,180173,USD,Appendix detail (do not sum),App.3 frontline funding: Epidemiologists,,https://www.citizen.org/wp-content/uploads/2026-0007QN-Kenya-Health-12.4.2025.pdf
Kenya,Frontline healthcare workers,2027,USG,180173,USD,Appendix detail (do not sum),App.3 frontline funding: Epidemiologists,,https://www.citizen.org/wp-content/uploads/2026-0007QN-Kenya-Health-12.4.2025.pdf
Kenya,Frontline healthcare workers,2028,USG,0,USD,Appendix detail (do not sum),App.3 frontline funding: Epidemiologists,,https://www.citizen.org/wp-content/uploads/2026-0007QN-Kenya-Health-12.4.2025.pdf
Kenya,Frontline healthcare workers,2029,USG,0,USD,Appendix detail (do not sum),App.3 frontline funding: Epidemiologists,,https://www.citizen.org/wp-content/uploads/2026-0007QN-Kenya-Health-12.4.2025.pdf
Kenya,Frontline healthcare workers,2030,USG,0,USD,Appendix detail (do not sum),App.3 frontline funding: Epidemiologists,,https://www.citizen.org/wp-content/uploads/2026-0007QN-Kenya-Health-12.4.2025.pdf
Kenya,Frontline healthcare workers,2026,USG,577681,USD,Appendix detail (do not sum),App.3 frontline funding: Clinical Social Worker,,https://www.citizen.org/wp-content/uploads/2026-0007QN-Kenya-Health-12.4.2025.pdf
Kenya,Frontline healthcare workers,2027,USG,577681,USD,Appendix detail (do not sum),App.3 frontline funding: Clinical Social Worker,,https://www.citizen.org/wp-content/uploads/2026-0007QN-Kenya-Health-12.4.2025.pdf
Kenya,Frontline healthcare workers,2028,USG,0,USD,Appendix detail (do not sum),App.3 frontline funding: Clinical Social Worker,,https://www.citizen.org/wp-content/uploads/2026-0007QN-Kenya-Health-12.4.2025.pdf
Kenya,Frontline healthcare workers,2029,USG,0,USD,Appendix detail (do not sum),App.3 frontline funding: Clinical Social Worker,,https://www.citizen.org/wp-content/uploads/2026-0007QN-Kenya-Health-12.4.2025.pdf
Kenya,Frontline healthcare workers,2030,USG,0,USD,Appendix detail (do not sum),App.3 frontline funding: Clinical Social Worker,,https://www.citizen.org/wp-content/uploads/2026-0007QN-Kenya-Health-12.4.2025.pdf
Kenya,Frontline healthcare workers,2026,USG,101544,USD,Appendix detail (do not sum),App.3 frontline funding: Radiographer,,https://www.citizen.org/wp-content/uploads/2026-0007QN-Kenya-Health-12.4.2025.pdf
Kenya,Frontline healthcare workers,2027,USG,101544,USD,Appendix detail (do not sum),App.3 frontline funding: Radiographer,,https://www.citizen.org/wp-content/uploads/2026-0007QN-Kenya-Health-12.4.2025.pdf
Kenya,Frontline healthcare workers,2028,USG,0,USD,Appendix detail (do not sum),App.3 frontline funding: Radiographer,,https://www.citizen.org/wp-content/uploads/2026-0007QN-Kenya-Health-12.4.2025.pdf
Kenya,Frontline healthcare workers,2029,USG,0,USD,Appendix detail (do not sum),App.3 frontline funding: Radiographer,,https://www.citizen.org/wp-content/uploads/2026-0007QN-Kenya-Health-12.4.2025.pdf
Kenya,Frontline healthcare workers,2030,USG,0,USD,Appendix detail (do not sum),App.3 frontline funding: Radiographer,,https://www.citizen.org/wp-content/uploads/2026-0007QN-Kenya-Health-12.4.2025.pdf
Kenya,Laboratory commodities,2026,Government,0,USD,Line item,NEW GoK: Lab Commodities,total incl. 2031,https://www.citizen.org/wp-content/uploads/2026-0007QN-Kenya-Health-12.4.2025.pdf
Kenya,Laboratory commodities,2027,Government,4488292,USD,Line item,NEW GoK: Lab Commodities,total incl. 2031,https://www.citizen.org/wp-content/uploads/2026-0007QN-Kenya-Health-12.4.2025.pdf
Kenya,Laboratory commodities,2028,Government,9724633,USD,Line item,NEW GoK: Lab Commodities,total incl. 2031,https://www.citizen.org/wp-content/uploads/2026-0007QN-Kenya-Health-12.4.2025.pdf
Kenya,Laboratory commodities,2029,Government,14960974,USD,Line item,NEW GoK: Lab Commodities,total incl. 2031,https://www.citizen.org/wp-content/uploads/2026-0007QN-Kenya-Health-12.4.2025.pdf
Kenya,Laboratory commodities,2030,Government,14960974,USD,Line item,NEW GoK: Lab Commodities,total incl. 2031,https://www.citizen.org/wp-content/uploads/2026-0007QN-Kenya-Health-12.4.2025.pdf
Kenya,Laboratory commodities,2031,Government,14960974,USD,Line item,NEW GoK: Lab Commodities,total incl. 2031,https://www.citizen.org/wp-content/uploads/2026-0007QN-Kenya-Health-12.4.2025.pdf
Kenya,Frontline lab workers,2026,Government,0,USD,Line item,NEW GoK: Frontline Lab Workers,Row mislabeled '# FTEs' in App.1 but values are USD; total incl. 2031,https://www.citizen.org/wp-content/uploads/2026-0007QN-Kenya-Health-12.4.2025.pdf
Kenya,Frontline lab workers,2027,Government,0,USD,Line item,NEW GoK: Frontline Lab Workers,Row mislabeled '# FTEs' in App.1 but values are USD; total incl. 2031,https://www.citizen.org/wp-content/uploads/2026-0007QN-Kenya-Health-12.4.2025.pdf
Kenya,Frontline lab workers,2028,Government,6462293,USD,Line item,NEW GoK: Frontline Lab Workers,Row mislabeled '# FTEs' in App.1 but values are USD; total incl. 2031,https://www.citizen.org/wp-content/uploads/2026-0007QN-Kenya-Health-12.4.2025.pdf
Kenya,Frontline lab workers,2029,Government,6462293,USD,Line item,NEW GoK: Frontline Lab Workers,Row mislabeled '# FTEs' in App.1 but values are USD; total incl. 2031,https://www.citizen.org/wp-content/uploads/2026-0007QN-Kenya-Health-12.4.2025.pdf
Kenya,Frontline lab workers,2030,Government,6462293,USD,Line item,NEW GoK: Frontline Lab Workers,Row mislabeled '# FTEs' in App.1 but values are USD; total incl. 2031,https://www.citizen.org/wp-content/uploads/2026-0007QN-Kenya-Health-12.4.2025.pdf
Kenya,Frontline lab workers,2031,Government,6462293,USD,Line item,NEW GoK: Frontline Lab Workers,Row mislabeled '# FTEs' in App.1 but values are USD; total incl. 2031,https://www.citizen.org/wp-content/uploads/2026-0007QN-Kenya-Health-12.4.2025.pdf
Kenya,Other commodities,2026,Government,0,USD,Line item,NEW GoK: Other Commodities,total incl. 2031,https://www.citizen.org/wp-content/uploads/2026-0007QN-Kenya-Health-12.4.2025.pdf
Kenya,Other commodities,2027,Government,29912892,USD,Line item,NEW GoK: Other Commodities,total incl. 2031,https://www.citizen.org/wp-content/uploads/2026-0007QN-Kenya-Health-12.4.2025.pdf
Kenya,Other commodities,2028,Government,29912892,USD,Line item,NEW GoK: Other Commodities,total incl. 2031,https://www.citizen.org/wp-content/uploads/2026-0007QN-Kenya-Health-12.4.2025.pdf
Kenya,Other commodities,2029,Government,44869339,USD,Line item,NEW GoK: Other Commodities,total incl. 2031,https://www.citizen.org/wp-content/uploads/2026-0007QN-Kenya-Health-12.4.2025.pdf
Kenya,Other commodities,2030,Government,59825785,USD,Line item,NEW GoK: Other Commodities,total incl. 2031,https://www.citizen.org/wp-content/uploads/2026-0007QN-Kenya-Health-12.4.2025.pdf
Kenya,Other commodities,2031,Government,74782231,USD,Line item,NEW GoK: Other Commodities,total incl. 2031,https://www.citizen.org/wp-content/uploads/2026-0007QN-Kenya-Health-12.4.2025.pdf
Kenya,Frontline healthcare workers,2026,Government,0,USD,Line item,NEW GoK: Frontline Healthcare Workers,Row mislabeled '# FTEs' in App.1 but values are USD; total incl. 2031,https://www.citizen.org/wp-content/uploads/2026-0007QN-Kenya-Health-12.4.2025.pdf
Kenya,Frontline healthcare workers,2027,Government,0,USD,Line item,NEW GoK: Frontline Healthcare Workers,Row mislabeled '# FTEs' in App.1 but values are USD; total incl. 2031,https://www.citizen.org/wp-content/uploads/2026-0007QN-Kenya-Health-12.4.2025.pdf
Kenya,Frontline healthcare workers,2028,Government,45735429,USD,Line item,NEW GoK: Frontline Healthcare Workers,Row mislabeled '# FTEs' in App.1 but values are USD; total incl. 2031,https://www.citizen.org/wp-content/uploads/2026-0007QN-Kenya-Health-12.4.2025.pdf
Kenya,Frontline healthcare workers,2029,Government,45735429,USD,Line item,NEW GoK: Frontline Healthcare Workers,Row mislabeled '# FTEs' in App.1 but values are USD; total incl. 2031,https://www.citizen.org/wp-content/uploads/2026-0007QN-Kenya-Health-12.4.2025.pdf
Kenya,Frontline healthcare workers,2030,Government,45735429,USD,Line item,NEW GoK: Frontline Healthcare Workers,Row mislabeled '# FTEs' in App.1 but values are USD; total incl. 2031,https://www.citizen.org/wp-content/uploads/2026-0007QN-Kenya-Health-12.4.2025.pdf
Kenya,Frontline healthcare workers,2031,Government,45735429,USD,Line item,NEW GoK: Frontline Healthcare Workers,Row mislabeled '# FTEs' in App.1 but values are USD; total incl. 2031,https://www.citizen.org/wp-content/uploads/2026-0007QN-Kenya-Health-12.4.2025.pdf
Kenya,TOTAL,2026,Government,0,USD,Total / subtotal,NEW GoK: TOTAL,"2026-2030 subtotal = 365,248,947 (derived; not printed)",https://www.citizen.org/wp-content/uploads/2026-0007QN-Kenya-Health-12.4.2025.pdf
Kenya,TOTAL,2027,Government,34401184,USD,Total / subtotal,NEW GoK: TOTAL,"2026-2030 subtotal = 365,248,947 (derived; not printed)",https://www.citizen.org/wp-content/uploads/2026-0007QN-Kenya-Health-12.4.2025.pdf
Kenya,TOTAL,2028,Government,91835247,USD,Total / subtotal,NEW GoK: TOTAL,"2026-2030 subtotal = 365,248,947 (derived; not printed)",https://www.citizen.org/wp-content/uploads/2026-0007QN-Kenya-Health-12.4.2025.pdf
Kenya,TOTAL,2029,Government,112028035,USD,Total / subtotal,NEW GoK: TOTAL,"2026-2030 subtotal = 365,248,947 (derived; not printed)",https://www.citizen.org/wp-content/uploads/2026-0007QN-Kenya-Health-12.4.2025.pdf
Kenya,TOTAL,2030,Government,126984481,USD,Total / subtotal,NEW GoK: TOTAL,"2026-2030 subtotal = 365,248,947 (derived; not printed)",https://www.citizen.org/wp-content/uploads/2026-0007QN-Kenya-Health-12.4.2025.pdf
Kenya,TOTAL,2031,Government,141940927,USD,Total / subtotal,NEW GoK: TOTAL,"2026-2030 subtotal = 365,248,947 (derived; not printed)",https://www.citizen.org/wp-content/uploads/2026-0007QN-Kenya-Health-12.4.2025.pdf
Kenya,Laboratory commodities,2026,Government,2116279,USD,Line item - existing (excl. from headline total),EXISTING GoK: Lab Commodities (Para 2.2.4.1),Not counted in App.1 new co-financing,https://www.citizen.org/wp-content/uploads/2026-0007QN-Kenya-Health-12.4.2025.pdf
Kenya,Laboratory commodities,2027,Government,2116279,USD,Line item - existing (excl. from headline total),EXISTING GoK: Lab Commodities (Para 2.2.4.1),Not counted in App.1 new co-financing,https://www.citizen.org/wp-content/uploads/2026-0007QN-Kenya-Health-12.4.2025.pdf
Kenya,Laboratory commodities,2028,Government,2116279,USD,Line item - existing (excl. from headline total),EXISTING GoK: Lab Commodities (Para 2.2.4.1),Not counted in App.1 new co-financing,https://www.citizen.org/wp-content/uploads/2026-0007QN-Kenya-Health-12.4.2025.pdf
Kenya,Laboratory commodities,2029,Government,2116279,USD,Line item - existing (excl. from headline total),EXISTING GoK: Lab Commodities (Para 2.2.4.1),Not counted in App.1 new co-financing,https://www.citizen.org/wp-content/uploads/2026-0007QN-Kenya-Health-12.4.2025.pdf
Kenya,Laboratory commodities,2030,Government,2116279,USD,Line item - existing (excl. from headline total),EXISTING GoK: Lab Commodities (Para 2.2.4.1),Not counted in App.1 new co-financing,https://www.citizen.org/wp-content/uploads/2026-0007QN-Kenya-Health-12.4.2025.pdf
Kenya,Other commodities,2026,Government,105928166,USD,Line item - existing (excl. from headline total),EXISTING GoK: Other Commodities (Para 2.3.3.1),Not counted in App.1; 2026-2030 subtotal shown,https://www.citizen.org/wp-content/uploads/2026-0007QN-Kenya-Health-12.4.2025.pdf
Kenya,Other commodities,2027,Government,105928166,USD,Line item - existing (excl. from headline total),EXISTING GoK: Other Commodities (Para 2.3.3.1),Not counted in App.1; 2026-2030 subtotal shown,https://www.citizen.org/wp-content/uploads/2026-0007QN-Kenya-Health-12.4.2025.pdf
Kenya,Other commodities,2028,Government,105928166,USD,Line item - existing (excl. from headline total),EXISTING GoK: Other Commodities (Para 2.3.3.1),Not counted in App.1; 2026-2030 subtotal shown,https://www.citizen.org/wp-content/uploads/2026-0007QN-Kenya-Health-12.4.2025.pdf
Kenya,Other commodities,2029,Government,105928166,USD,Line item - existing (excl. from headline total),EXISTING GoK: Other Commodities (Para 2.3.3.1),Not counted in App.1; 2026-2030 subtotal shown,https://www.citizen.org/wp-content/uploads/2026-0007QN-Kenya-Health-12.4.2025.pdf
Kenya,Other commodities,2030,Government,105928166,USD,Line item - existing (excl. from headline total),EXISTING GoK: Other Commodities (Para 2.3.3.1),Not counted in App.1; 2026-2030 subtotal shown,https://www.citizen.org/wp-content/uploads/2026-0007QN-Kenya-Health-12.4.2025.pdf
Kenya,Other commodities,2031,Government,105928166,USD,Line item - existing (excl. from headline total),EXISTING GoK: Other Commodities (Para 2.3.3.1),Not counted in App.1; 2026-2030 subtotal shown,https://www.citizen.org/wp-content/uploads/2026-0007QN-Kenya-Health-12.4.2025.pdf
Kenya,Frontline lab workers,2026,Government,0,FTEs,Line item,GoK new FTEs: Frontline Lab Workers,,https://www.citizen.org/wp-content/uploads/2026-0007QN-Kenya-Health-12.4.2025.pdf
Kenya,Frontline lab workers,2027,Government,0,FTEs,Line item,GoK new FTEs: Frontline Lab Workers,,https://www.citizen.org/wp-content/uploads/2026-0007QN-Kenya-Health-12.4.2025.pdf
Kenya,Frontline lab workers,2028,Government,515,FTEs,Line item,GoK new FTEs: Frontline Lab Workers,,https://www.citizen.org/wp-content/uploads/2026-0007QN-Kenya-Health-12.4.2025.pdf
Kenya,Frontline lab workers,2029,Government,515,FTEs,Line item,GoK new FTEs: Frontline Lab Workers,,https://www.citizen.org/wp-content/uploads/2026-0007QN-Kenya-Health-12.4.2025.pdf
Kenya,Frontline lab workers,2030,Government,515,FTEs,Line item,GoK new FTEs: Frontline Lab Workers,,https://www.citizen.org/wp-content/uploads/2026-0007QN-Kenya-Health-12.4.2025.pdf
Kenya,Frontline healthcare workers,2026,Government,0,FTEs,Line item,GoK new FTEs: Frontline Healthcare Workers,"vs USG 28,668 FTEs funded in 2026 - ~15,375 FTE handover cliff",https://www.citizen.org/wp-content/uploads/2026-0007QN-Kenya-Health-12.4.2025.pdf
Kenya,Frontline healthcare workers,2027,Government,0,FTEs,Line item,GoK new FTEs: Frontline Healthcare Workers,"vs USG 28,668 FTEs funded in 2026 - ~15,375 FTE handover cliff",https://www.citizen.org/wp-content/uploads/2026-0007QN-Kenya-Health-12.4.2025.pdf
Kenya,Frontline healthcare workers,2028,Government,13293,FTEs,Line item,GoK new FTEs: Frontline Healthcare Workers,"vs USG 28,668 FTEs funded in 2026 - ~15,375 FTE handover cliff",https://www.citizen.org/wp-content/uploads/2026-0007QN-Kenya-Health-12.4.2025.pdf
Kenya,Frontline healthcare workers,2029,Government,13293,FTEs,Line item,GoK new FTEs: Frontline Healthcare Workers,"vs USG 28,668 FTEs funded in 2026 - ~15,375 FTE handover cliff",https://www.citizen.org/wp-content/uploads/2026-0007QN-Kenya-Health-12.4.2025.pdf
Kenya,Frontline healthcare workers,2030,Government,13293,FTEs,Line item,GoK new FTEs: Frontline Healthcare Workers,"vs USG 28,668 FTEs funded in 2026 - ~15,375 FTE handover cliff",https://www.citizen.org/wp-content/uploads/2026-0007QN-Kenya-Health-12.4.2025.pdf
Kenya,Frontline healthcare workers,2026,Government,30,FTEs,Line item,GoK salaries: Field Epidemiologists,,https://www.citizen.org/wp-content/uploads/2026-0007QN-Kenya-Health-12.4.2025.pdf
Kenya,Frontline healthcare workers,2027,Government,40,FTEs,Line item,GoK salaries: Field Epidemiologists,,https://www.citizen.org/wp-content/uploads/2026-0007QN-Kenya-Health-12.4.2025.pdf
Kenya,Frontline healthcare workers,2028,Government,50,FTEs,Line item,GoK salaries: Field Epidemiologists,,https://www.citizen.org/wp-content/uploads/2026-0007QN-Kenya-Health-12.4.2025.pdf
Kenya,Frontline healthcare workers,2029,Government,60,FTEs,Line item,GoK salaries: Field Epidemiologists,,https://www.citizen.org/wp-content/uploads/2026-0007QN-Kenya-Health-12.4.2025.pdf
Kenya,Frontline healthcare workers,2030,Government,70,FTEs,Line item,GoK salaries: Field Epidemiologists,,https://www.citizen.org/wp-content/uploads/2026-0007QN-Kenya-Health-12.4.2025.pdf
Kenya,Frontline healthcare workers,2026,Government,371,FTEs,Line item,"GoK salaries: Other positions (responders, logisticians, data scientists, laboratorians)",,https://www.citizen.org/wp-content/uploads/2026-0007QN-Kenya-Health-12.4.2025.pdf
Kenya,Frontline healthcare workers,2027,Government,405,FTEs,Line item,"GoK salaries: Other positions (responders, logisticians, data scientists, laboratorians)",,https://www.citizen.org/wp-content/uploads/2026-0007QN-Kenya-Health-12.4.2025.pdf
Kenya,Frontline healthcare workers,2028,Government,443,FTEs,Line item,"GoK salaries: Other positions (responders, logisticians, data scientists, laboratorians)",,https://www.citizen.org/wp-content/uploads/2026-0007QN-Kenya-Health-12.4.2025.pdf
Kenya,Frontline healthcare workers,2029,Government,227,FTEs,Line item,"GoK salaries: Other positions (responders, logisticians, data scientists, laboratorians)",,https://www.citizen.org/wp-content/uploads/2026-0007QN-Kenya-Health-12.4.2025.pdf
Kenya,Frontline healthcare workers,2030,Government,155,FTEs,Line item,"GoK salaries: Other positions (responders, logisticians, data scientists, laboratorians)",,https://www.citizen.org/wp-content/uploads/2026-0007QN-Kenya-Health-12.4.2025.pdf
Kenya,Domestic health expenditure increase,2026,Government,0,USD (converted),Alternative measure (do not sum),Increase in domestic govt health expenditure vs 2025 baseline (converted to USD),"Converted from KES billions as printed (0/10/20/35/50; total KES 115bn, Kenya FY 2025/26-2029/30) at the ~KES 135.3/US$ rate implied by KFF's $850M valuation of this pledge; years scaled to sum exactly to $850M. NOT a PPP conversion. 1:1 USG funding cut if missed (Para 6.1.4)",https://www.citizen.org/wp-content/uploads/2026-0007QN-Kenya-Health-12.4.2025.pdf
Kenya,Domestic health expenditure increase,2027,Government,73913043,USD (converted),Alternative measure (do not sum),Increase in domestic govt health expenditure vs 2025 baseline (converted to USD),"Converted from KES billions as printed (0/10/20/35/50; total KES 115bn, Kenya FY 2025/26-2029/30) at the ~KES 135.3/US$ rate implied by KFF's $850M valuation of this pledge; years scaled to sum exactly to $850M. NOT a PPP conversion. 1:1 USG funding cut if missed (Para 6.1.4)",https://www.citizen.org/wp-content/uploads/2026-0007QN-Kenya-Health-12.4.2025.pdf
Kenya,Domestic health expenditure increase,2028,Government,147826087,USD (converted),Alternative measure (do not sum),Increase in domestic govt health expenditure vs 2025 baseline (converted to USD),"Converted from KES billions as printed (0/10/20/35/50; total KES 115bn, Kenya FY 2025/26-2029/30) at the ~KES 135.3/US$ rate implied by KFF's $850M valuation of this pledge; years scaled to sum exactly to $850M. NOT a PPP conversion. 1:1 USG funding cut if missed (Para 6.1.4)",https://www.citizen.org/wp-content/uploads/2026-0007QN-Kenya-Health-12.4.2025.pdf
Kenya,Domestic health expenditure increase,2029,Government,258695652,USD (converted),Alternative measure (do not sum),Increase in domestic govt health expenditure vs 2025 baseline (converted to USD),"Converted from KES billions as printed (0/10/20/35/50; total KES 115bn, Kenya FY 2025/26-2029/30) at the ~KES 135.3/US$ rate implied by KFF's $850M valuation of this pledge; years scaled to sum exactly to $850M. NOT a PPP conversion. 1:1 USG funding cut if missed (Para 6.1.4)",https://www.citizen.org/wp-content/uploads/2026-0007QN-Kenya-Health-12.4.2025.pdf
Kenya,Domestic health expenditure increase,2030,Government,369565218,USD (converted),Alternative measure (do not sum),Increase in domestic govt health expenditure vs 2025 baseline (converted to USD),"Converted from KES billions as printed (0/10/20/35/50; total KES 115bn, Kenya FY 2025/26-2029/30) at the ~KES 135.3/US$ rate implied by KFF's $850M valuation of this pledge; years scaled to sum exactly to $850M. NOT a PPP conversion. 1:1 USG funding cut if missed (Para 6.1.4)",https://www.citizen.org/wp-content/uploads/2026-0007QN-Kenya-Health-12.4.2025.pdf
Uganda,Surveillance & outbreak response,2026,USG,5092000,USD,Line item,Surveillance & Outbreak Response,Only USG line that does not decline; includes Public Health Emergency Account support,https://www.citizen.org/wp-content/uploads/2026-0012QN-Uganda-Health-12.10.2025.pdf
Uganda,Surveillance & outbreak response,2027,USG,5092000,USD,Line item,Surveillance & Outbreak Response,Only USG line that does not decline; includes Public Health Emergency Account support,https://www.citizen.org/wp-content/uploads/2026-0012QN-Uganda-Health-12.10.2025.pdf
Uganda,Surveillance & outbreak response,2028,USG,5092000,USD,Line item,Surveillance & Outbreak Response,Only USG line that does not decline; includes Public Health Emergency Account support,https://www.citizen.org/wp-content/uploads/2026-0012QN-Uganda-Health-12.10.2025.pdf
Uganda,Surveillance & outbreak response,2029,USG,5092000,USD,Line item,Surveillance & Outbreak Response,Only USG line that does not decline; includes Public Health Emergency Account support,https://www.citizen.org/wp-content/uploads/2026-0012QN-Uganda-Health-12.10.2025.pdf
Uganda,Surveillance & outbreak response,2030,USG,5092000,USD,Line item,Surveillance & Outbreak Response,Only USG line that does not decline; includes Public Health Emergency Account support,https://www.citizen.org/wp-content/uploads/2026-0012QN-Uganda-Health-12.10.2025.pdf
Uganda,Laboratory commodities,2026,USG,52757874,USD,Line item,Laboratory Commodities,,https://www.citizen.org/wp-content/uploads/2026-0012QN-Uganda-Health-12.10.2025.pdf
Uganda,Laboratory commodities,2027,USG,43525246,USD,Line item,Laboratory Commodities,,https://www.citizen.org/wp-content/uploads/2026-0012QN-Uganda-Health-12.10.2025.pdf
Uganda,Laboratory commodities,2028,USG,34292618,USD,Line item,Laboratory Commodities,,https://www.citizen.org/wp-content/uploads/2026-0012QN-Uganda-Health-12.10.2025.pdf
Uganda,Laboratory commodities,2029,USG,25059990,USD,Line item,Laboratory Commodities,,https://www.citizen.org/wp-content/uploads/2026-0012QN-Uganda-Health-12.10.2025.pdf
Uganda,Laboratory commodities,2030,USG,16452728,USD,Line item,Laboratory Commodities,,https://www.citizen.org/wp-content/uploads/2026-0012QN-Uganda-Health-12.10.2025.pdf
Uganda,Other commodities,2026,USG,50454474,USD,Line item,Other Commodities,,https://www.citizen.org/wp-content/uploads/2026-0012QN-Uganda-Health-12.10.2025.pdf
Uganda,Other commodities,2027,USG,41624941,USD,Line item,Other Commodities,,https://www.citizen.org/wp-content/uploads/2026-0012QN-Uganda-Health-12.10.2025.pdf
Uganda,Other commodities,2028,USG,32795408,USD,Line item,Other Commodities,,https://www.citizen.org/wp-content/uploads/2026-0012QN-Uganda-Health-12.10.2025.pdf
Uganda,Other commodities,2029,USG,23965875,USD,Line item,Other Commodities,,https://www.citizen.org/wp-content/uploads/2026-0012QN-Uganda-Health-12.10.2025.pdf
Uganda,Other commodities,2030,USG,21320105,USD,Line item,Other Commodities,,https://www.citizen.org/wp-content/uploads/2026-0012QN-Uganda-Health-12.10.2025.pdf
Uganda,Frontline healthcare workers,2026,USG,28519570,USD,Line item,Frontline Healthcare Workers ($),,https://www.citizen.org/wp-content/uploads/2026-0012QN-Uganda-Health-12.10.2025.pdf
Uganda,Frontline healthcare workers,2027,USG,23635877,USD,Line item,Frontline Healthcare Workers ($),,https://www.citizen.org/wp-content/uploads/2026-0012QN-Uganda-Health-12.10.2025.pdf
Uganda,Frontline healthcare workers,2028,USG,16896027,USD,Line item,Frontline Healthcare Workers ($),,https://www.citizen.org/wp-content/uploads/2026-0012QN-Uganda-Health-12.10.2025.pdf
Uganda,Frontline healthcare workers,2029,USG,8715804,USD,Line item,Frontline Healthcare Workers ($),,https://www.citizen.org/wp-content/uploads/2026-0012QN-Uganda-Health-12.10.2025.pdf
Uganda,Frontline healthcare workers,2030,USG,0,USD,Line item,Frontline Healthcare Workers ($),,https://www.citizen.org/wp-content/uploads/2026-0012QN-Uganda-Health-12.10.2025.pdf
Uganda,Frontline healthcare workers,2026,USG,18104,FTEs,Line item,Frontline Healthcare Workers (# FTEs),,https://www.citizen.org/wp-content/uploads/2026-0012QN-Uganda-Health-12.10.2025.pdf
Uganda,Frontline healthcare workers,2027,USG,12831,FTEs,Line item,Frontline Healthcare Workers (# FTEs),,https://www.citizen.org/wp-content/uploads/2026-0012QN-Uganda-Health-12.10.2025.pdf
Uganda,Frontline healthcare workers,2028,USG,7175,FTEs,Line item,Frontline Healthcare Workers (# FTEs),,https://www.citizen.org/wp-content/uploads/2026-0012QN-Uganda-Health-12.10.2025.pdf
Uganda,Frontline healthcare workers,2029,USG,2019,FTEs,Line item,Frontline Healthcare Workers (# FTEs),,https://www.citizen.org/wp-content/uploads/2026-0012QN-Uganda-Health-12.10.2025.pdf
Uganda,Frontline healthcare workers,2030,USG,0,FTEs,Line item,Frontline Healthcare Workers (# FTEs),,https://www.citizen.org/wp-content/uploads/2026-0012QN-Uganda-Health-12.10.2025.pdf
Uganda,Data systems,2026,USG,26129831,USD,Line item,Data Systems,64% cliff 2029->2030,https://www.citizen.org/wp-content/uploads/2026-0012QN-Uganda-Health-12.10.2025.pdf
Uganda,Data systems,2027,USG,24779640,USD,Line item,Data Systems,64% cliff 2029->2030,https://www.citizen.org/wp-content/uploads/2026-0012QN-Uganda-Health-12.10.2025.pdf
Uganda,Data systems,2028,USG,25103354,USD,Line item,Data Systems,64% cliff 2029->2030,https://www.citizen.org/wp-content/uploads/2026-0012QN-Uganda-Health-12.10.2025.pdf
Uganda,Data systems,2029,USG,27294065,USD,Line item,Data Systems,64% cliff 2029->2030,https://www.citizen.org/wp-content/uploads/2026-0012QN-Uganda-Health-12.10.2025.pdf
Uganda,Data systems,2030,USG,9795399,USD,Line item,Data Systems,64% cliff 2029->2030,https://www.citizen.org/wp-content/uploads/2026-0012QN-Uganda-Health-12.10.2025.pdf
Uganda,Strategic assistance / investment,2026,USG,223096731,USD,Line item,Strategic Assistance,,https://www.citizen.org/wp-content/uploads/2026-0012QN-Uganda-Health-12.10.2025.pdf
Uganda,Strategic assistance / investment,2027,USG,220602776,USD,Line item,Strategic Assistance,,https://www.citizen.org/wp-content/uploads/2026-0012QN-Uganda-Health-12.10.2025.pdf
Uganda,Strategic assistance / investment,2028,USG,219231073,USD,Line item,Strategic Assistance,,https://www.citizen.org/wp-content/uploads/2026-0012QN-Uganda-Health-12.10.2025.pdf
Uganda,Strategic assistance / investment,2029,USG,207750746,USD,Line item,Strategic Assistance,,https://www.citizen.org/wp-content/uploads/2026-0012QN-Uganda-Health-12.10.2025.pdf
Uganda,Strategic assistance / investment,2030,USG,187502248,USD,Line item,Strategic Assistance,,https://www.citizen.org/wp-content/uploads/2026-0012QN-Uganda-Health-12.10.2025.pdf
Uganda,Management & operations,2026,USG,24641520,USD,Line item,U.S. Government Operations,,https://www.citizen.org/wp-content/uploads/2026-0012QN-Uganda-Health-12.10.2025.pdf
Uganda,Management & operations,2027,USG,22931520,USD,Line item,U.S. Government Operations,,https://www.citizen.org/wp-content/uploads/2026-0012QN-Uganda-Health-12.10.2025.pdf
Uganda,Management & operations,2028,USG,21281520,USD,Line item,U.S. Government Operations,,https://www.citizen.org/wp-content/uploads/2026-0012QN-Uganda-Health-12.10.2025.pdf
Uganda,Management & operations,2029,USG,19013520,USD,Line item,U.S. Government Operations,,https://www.citizen.org/wp-content/uploads/2026-0012QN-Uganda-Health-12.10.2025.pdf
Uganda,Management & operations,2030,USG,15329520,USD,Line item,U.S. Government Operations,,https://www.citizen.org/wp-content/uploads/2026-0012QN-Uganda-Health-12.10.2025.pdf
Uganda,TOTAL,2026,USG,410692000,USD,Total / subtotal,TOTAL U.S. Government,,https://www.citizen.org/wp-content/uploads/2026-0012QN-Uganda-Health-12.10.2025.pdf
Uganda,TOTAL,2027,USG,382192000,USD,Total / subtotal,TOTAL U.S. Government,,https://www.citizen.org/wp-content/uploads/2026-0012QN-Uganda-Health-12.10.2025.pdf
Uganda,TOTAL,2028,USG,354692000,USD,Total / subtotal,TOTAL U.S. Government,,https://www.citizen.org/wp-content/uploads/2026-0012QN-Uganda-Health-12.10.2025.pdf
Uganda,TOTAL,2029,USG,316892000,USD,Total / subtotal,TOTAL U.S. Government,,https://www.citizen.org/wp-content/uploads/2026-0012QN-Uganda-Health-12.10.2025.pdf
Uganda,TOTAL,2030,USG,255492000,USD,Total / subtotal,TOTAL U.S. Government,,https://www.citizen.org/wp-content/uploads/2026-0012QN-Uganda-Health-12.10.2025.pdf
Uganda,Laboratory commodities,2026,USG,14720560,USD,Appendix detail (do not sum),App.2 2026 lab detail: TB Lab Commodities,,https://www.citizen.org/wp-content/uploads/2026-0012QN-Uganda-Health-12.10.2025.pdf
Uganda,Laboratory commodities,2026,USG,29828573,USD,Appendix detail (do not sum),App.2 2026 lab detail: HIV Lab Commodities,,https://www.citizen.org/wp-content/uploads/2026-0012QN-Uganda-Health-12.10.2025.pdf
Uganda,Laboratory commodities,2026,USG,4809053,USD,Appendix detail (do not sum),App.2 2026 lab detail: HIV Rapid Test Kits,,https://www.citizen.org/wp-content/uploads/2026-0012QN-Uganda-Health-12.10.2025.pdf
Uganda,Laboratory commodities,2026,USG,1199760,USD,Appendix detail (do not sum),App.2 2026 lab detail: mRDTs,,https://www.citizen.org/wp-content/uploads/2026-0012QN-Uganda-Health-12.10.2025.pdf
Uganda,Laboratory commodities,2026,USG,1020000,USD,Appendix detail (do not sum),App.2 2026 lab detail: HIV lab equipment spares,,https://www.citizen.org/wp-content/uploads/2026-0012QN-Uganda-Health-12.10.2025.pdf
Uganda,Laboratory commodities,2026,USG,1179928,USD,Appendix detail (do not sum),App.2 2026 lab detail: HIV lab EQA,,https://www.citizen.org/wp-content/uploads/2026-0012QN-Uganda-Health-12.10.2025.pdf
Uganda,Other commodities,2026,USG,1396339,USD,Appendix detail (do not sum),App.2 2026 commodity detail: TB Commodities,,https://www.citizen.org/wp-content/uploads/2026-0012QN-Uganda-Health-12.10.2025.pdf
Uganda,Other commodities,2026,USG,24197099,USD,Appendix detail (do not sum),App.2 2026 commodity detail: ARVs and PrEP,,https://www.citizen.org/wp-content/uploads/2026-0012QN-Uganda-Health-12.10.2025.pdf
Uganda,Other commodities,2026,USG,2158342,USD,Appendix detail (do not sum),App.2 2026 commodity detail: Opportunistic Infections & RUTF,,https://www.citizen.org/wp-content/uploads/2026-0012QN-Uganda-Health-12.10.2025.pdf
Uganda,Other commodities,2026,USG,12806194,USD,Appendix detail (do not sum),App.2 2026 commodity detail: Malaria ACTs/LLINs/Artesunate,,https://www.citizen.org/wp-content/uploads/2026-0012QN-Uganda-Health-12.10.2025.pdf
Uganda,Other commodities,2026,USG,4500000,USD,Appendix detail (do not sum),App.2 2026 commodity detail: Malaria IRS,,https://www.citizen.org/wp-content/uploads/2026-0012QN-Uganda-Health-12.10.2025.pdf
Uganda,Other commodities,2026,USG,4396500,USD,Appendix detail (do not sum),App.2 2026 commodity detail: CHEWs kits,,https://www.citizen.org/wp-content/uploads/2026-0012QN-Uganda-Health-12.10.2025.pdf
Uganda,Other commodities,2026,USG,1000000,USD,Appendix detail (do not sum),App.2 2026 commodity detail: Other,,https://www.citizen.org/wp-content/uploads/2026-0012QN-Uganda-Health-12.10.2025.pdf
Uganda,Other commodities,2026,USG,2100000,USD,Appendix detail (do not sum),App.2 2026 MCH Equipment (separate table),,https://www.citizen.org/wp-content/uploads/2026-0012QN-Uganda-Health-12.10.2025.pdf
Uganda,Other commodities,2026,USG,6397031,USD,Appendix detail (do not sum),App.2 2026 MCH Infrastructure (separate table),,https://www.citizen.org/wp-content/uploads/2026-0012QN-Uganda-Health-12.10.2025.pdf
Uganda,Frontline lab workers,2026,USG,900,FTEs,Appendix detail (do not sum),App.3 USG FTEs: Frontline lab workers,,https://www.citizen.org/wp-content/uploads/2026-0012QN-Uganda-Health-12.10.2025.pdf
Uganda,Frontline lab workers,2027,USG,819,FTEs,Appendix detail (do not sum),App.3 USG FTEs: Frontline lab workers,,https://www.citizen.org/wp-content/uploads/2026-0012QN-Uganda-Health-12.10.2025.pdf
Uganda,Frontline lab workers,2028,USG,684,FTEs,Appendix detail (do not sum),App.3 USG FTEs: Frontline lab workers,,https://www.citizen.org/wp-content/uploads/2026-0012QN-Uganda-Health-12.10.2025.pdf
Uganda,Frontline lab workers,2029,USG,441,FTEs,Appendix detail (do not sum),App.3 USG FTEs: Frontline lab workers,,https://www.citizen.org/wp-content/uploads/2026-0012QN-Uganda-Health-12.10.2025.pdf
Uganda,Frontline lab workers,2030,USG,0,FTEs,Appendix detail (do not sum),App.3 USG FTEs: Frontline lab workers,,https://www.citizen.org/wp-content/uploads/2026-0012QN-Uganda-Health-12.10.2025.pdf
Uganda,Frontline healthcare workers,2026,USG,42,FTEs,Appendix detail (do not sum),App.3 USG FTEs: Epidemiologists,,https://www.citizen.org/wp-content/uploads/2026-0012QN-Uganda-Health-12.10.2025.pdf
Uganda,Frontline healthcare workers,2027,USG,36,FTEs,Appendix detail (do not sum),App.3 USG FTEs: Epidemiologists,,https://www.citizen.org/wp-content/uploads/2026-0012QN-Uganda-Health-12.10.2025.pdf
Uganda,Frontline healthcare workers,2028,USG,26,FTEs,Appendix detail (do not sum),App.3 USG FTEs: Epidemiologists,,https://www.citizen.org/wp-content/uploads/2026-0012QN-Uganda-Health-12.10.2025.pdf
Uganda,Frontline healthcare workers,2029,USG,15,FTEs,Appendix detail (do not sum),App.3 USG FTEs: Epidemiologists,,https://www.citizen.org/wp-content/uploads/2026-0012QN-Uganda-Health-12.10.2025.pdf
Uganda,Frontline healthcare workers,2030,USG,0,FTEs,Appendix detail (do not sum),App.3 USG FTEs: Epidemiologists,,https://www.citizen.org/wp-content/uploads/2026-0012QN-Uganda-Health-12.10.2025.pdf
Uganda,Frontline healthcare workers,2026,USG,580,FTEs,Appendix detail (do not sum),App.3 USG FTEs: Medical cadres (doctors & clinical officers),,https://www.citizen.org/wp-content/uploads/2026-0012QN-Uganda-Health-12.10.2025.pdf
Uganda,Frontline healthcare workers,2027,USG,545,FTEs,Appendix detail (do not sum),App.3 USG FTEs: Medical cadres (doctors & clinical officers),,https://www.citizen.org/wp-content/uploads/2026-0012QN-Uganda-Health-12.10.2025.pdf
Uganda,Frontline healthcare workers,2028,USG,376,FTEs,Appendix detail (do not sum),App.3 USG FTEs: Medical cadres (doctors & clinical officers),,https://www.citizen.org/wp-content/uploads/2026-0012QN-Uganda-Health-12.10.2025.pdf
Uganda,Frontline healthcare workers,2029,USG,170,FTEs,Appendix detail (do not sum),App.3 USG FTEs: Medical cadres (doctors & clinical officers),,https://www.citizen.org/wp-content/uploads/2026-0012QN-Uganda-Health-12.10.2025.pdf
Uganda,Frontline healthcare workers,2030,USG,0,FTEs,Appendix detail (do not sum),App.3 USG FTEs: Medical cadres (doctors & clinical officers),,https://www.citizen.org/wp-content/uploads/2026-0012QN-Uganda-Health-12.10.2025.pdf
Uganda,Frontline healthcare workers,2026,USG,992,FTEs,Appendix detail (do not sum),App.3 USG FTEs: Nurses and midwives,,https://www.citizen.org/wp-content/uploads/2026-0012QN-Uganda-Health-12.10.2025.pdf
Uganda,Frontline healthcare workers,2027,USG,922,FTEs,Appendix detail (do not sum),App.3 USG FTEs: Nurses and midwives,,https://www.citizen.org/wp-content/uploads/2026-0012QN-Uganda-Health-12.10.2025.pdf
Uganda,Frontline healthcare workers,2028,USG,668,FTEs,Appendix detail (do not sum),App.3 USG FTEs: Nurses and midwives,,https://www.citizen.org/wp-content/uploads/2026-0012QN-Uganda-Health-12.10.2025.pdf
Uganda,Frontline healthcare workers,2029,USG,402,FTEs,Appendix detail (do not sum),App.3 USG FTEs: Nurses and midwives,,https://www.citizen.org/wp-content/uploads/2026-0012QN-Uganda-Health-12.10.2025.pdf
Uganda,Frontline healthcare workers,2030,USG,0,FTEs,Appendix detail (do not sum),App.3 USG FTEs: Nurses and midwives,,https://www.citizen.org/wp-content/uploads/2026-0012QN-Uganda-Health-12.10.2025.pdf
Uganda,Frontline healthcare workers,2026,USG,14462,FTEs,Appendix detail (do not sum),App.3 USG FTEs: Community Health Extension Workers,,https://www.citizen.org/wp-content/uploads/2026-0012QN-Uganda-Health-12.10.2025.pdf
Uganda,Frontline healthcare workers,2027,USG,9462,FTEs,Appendix detail (do not sum),App.3 USG FTEs: Community Health Extension Workers,,https://www.citizen.org/wp-content/uploads/2026-0012QN-Uganda-Health-12.10.2025.pdf
Uganda,Frontline healthcare workers,2028,USG,4462,FTEs,Appendix detail (do not sum),App.3 USG FTEs: Community Health Extension Workers,,https://www.citizen.org/wp-content/uploads/2026-0012QN-Uganda-Health-12.10.2025.pdf
Uganda,Frontline healthcare workers,2029,USG,462,FTEs,Appendix detail (do not sum),App.3 USG FTEs: Community Health Extension Workers,,https://www.citizen.org/wp-content/uploads/2026-0012QN-Uganda-Health-12.10.2025.pdf
Uganda,Frontline healthcare workers,2030,USG,0,FTEs,Appendix detail (do not sum),App.3 USG FTEs: Community Health Extension Workers,,https://www.citizen.org/wp-content/uploads/2026-0012QN-Uganda-Health-12.10.2025.pdf
Uganda,Frontline healthcare workers,2026,USG,36,FTEs,Appendix detail (do not sum),App.3 USG FTEs: Pharmacists,,https://www.citizen.org/wp-content/uploads/2026-0012QN-Uganda-Health-12.10.2025.pdf
Uganda,Frontline healthcare workers,2027,USG,26,FTEs,Appendix detail (do not sum),App.3 USG FTEs: Pharmacists,,https://www.citizen.org/wp-content/uploads/2026-0012QN-Uganda-Health-12.10.2025.pdf
Uganda,Frontline healthcare workers,2028,USG,0,FTEs,Appendix detail (do not sum),App.3 USG FTEs: Pharmacists,,https://www.citizen.org/wp-content/uploads/2026-0012QN-Uganda-Health-12.10.2025.pdf
Uganda,Frontline healthcare workers,2029,USG,0,FTEs,Appendix detail (do not sum),App.3 USG FTEs: Pharmacists,,https://www.citizen.org/wp-content/uploads/2026-0012QN-Uganda-Health-12.10.2025.pdf
Uganda,Frontline healthcare workers,2030,USG,0,FTEs,Appendix detail (do not sum),App.3 USG FTEs: Pharmacists,,https://www.citizen.org/wp-content/uploads/2026-0012QN-Uganda-Health-12.10.2025.pdf
Uganda,Frontline healthcare workers,2026,USG,1092,FTEs,Appendix detail (do not sum),App.3 USG FTEs: Social workers,,https://www.citizen.org/wp-content/uploads/2026-0012QN-Uganda-Health-12.10.2025.pdf
Uganda,Frontline healthcare workers,2027,USG,1072,FTEs,Appendix detail (do not sum),App.3 USG FTEs: Social workers,,https://www.citizen.org/wp-content/uploads/2026-0012QN-Uganda-Health-12.10.2025.pdf
Uganda,Frontline healthcare workers,2028,USG,972,FTEs,Appendix detail (do not sum),App.3 USG FTEs: Social workers,,https://www.citizen.org/wp-content/uploads/2026-0012QN-Uganda-Health-12.10.2025.pdf
Uganda,Frontline healthcare workers,2029,USG,600,FTEs,Appendix detail (do not sum),App.3 USG FTEs: Social workers,,https://www.citizen.org/wp-content/uploads/2026-0012QN-Uganda-Health-12.10.2025.pdf
Uganda,Frontline healthcare workers,2030,USG,0,FTEs,Appendix detail (do not sum),App.3 USG FTEs: Social workers,,https://www.citizen.org/wp-content/uploads/2026-0012QN-Uganda-Health-12.10.2025.pdf
Uganda,Laboratory commodities,2026,Government,0,USD,Line item,NEW GoU: Laboratory Commodities,,https://www.citizen.org/wp-content/uploads/2026-0012QN-Uganda-Health-12.10.2025.pdf
Uganda,Laboratory commodities,2027,Government,10201539,USD,Line item,NEW GoU: Laboratory Commodities,,https://www.citizen.org/wp-content/uploads/2026-0012QN-Uganda-Health-12.10.2025.pdf
Uganda,Laboratory commodities,2028,Government,10201539,USD,Line item,NEW GoU: Laboratory Commodities,,https://www.citizen.org/wp-content/uploads/2026-0012QN-Uganda-Health-12.10.2025.pdf
Uganda,Laboratory commodities,2029,Government,10201539,USD,Line item,NEW GoU: Laboratory Commodities,,https://www.citizen.org/wp-content/uploads/2026-0012QN-Uganda-Health-12.10.2025.pdf
Uganda,Laboratory commodities,2030,Government,10201539,USD,Line item,NEW GoU: Laboratory Commodities,,https://www.citizen.org/wp-content/uploads/2026-0012QN-Uganda-Health-12.10.2025.pdf
Uganda,Other commodities,2026,Government,0,USD,Line item,NEW GoU: Other Commodities,,https://www.citizen.org/wp-content/uploads/2026-0012QN-Uganda-Health-12.10.2025.pdf
Uganda,Other commodities,2027,Government,9798444,USD,Line item,NEW GoU: Other Commodities,,https://www.citizen.org/wp-content/uploads/2026-0012QN-Uganda-Health-12.10.2025.pdf
Uganda,Other commodities,2028,Government,9798444,USD,Line item,NEW GoU: Other Commodities,,https://www.citizen.org/wp-content/uploads/2026-0012QN-Uganda-Health-12.10.2025.pdf
Uganda,Other commodities,2029,Government,9798444,USD,Line item,NEW GoU: Other Commodities,,https://www.citizen.org/wp-content/uploads/2026-0012QN-Uganda-Health-12.10.2025.pdf
Uganda,Other commodities,2030,Government,9798444,USD,Line item,NEW GoU: Other Commodities,,https://www.citizen.org/wp-content/uploads/2026-0012QN-Uganda-Health-12.10.2025.pdf
Uganda,Frontline healthcare workers,2026,Government,0,USD,Line item,NEW GoU: Human Resources for Health ($),,https://www.citizen.org/wp-content/uploads/2026-0012QN-Uganda-Health-12.10.2025.pdf
Uganda,Frontline healthcare workers,2027,Government,19177200,USD,Line item,NEW GoU: Human Resources for Health ($),,https://www.citizen.org/wp-content/uploads/2026-0012QN-Uganda-Health-12.10.2025.pdf
Uganda,Frontline healthcare workers,2028,Government,21177200,USD,Line item,NEW GoU: Human Resources for Health ($),,https://www.citizen.org/wp-content/uploads/2026-0012QN-Uganda-Health-12.10.2025.pdf
Uganda,Frontline healthcare workers,2029,Government,19677200,USD,Line item,NEW GoU: Human Resources for Health ($),,https://www.citizen.org/wp-content/uploads/2026-0012QN-Uganda-Health-12.10.2025.pdf
Uganda,Frontline healthcare workers,2030,Government,16970200,USD,Line item,NEW GoU: Human Resources for Health ($),,https://www.citizen.org/wp-content/uploads/2026-0012QN-Uganda-Health-12.10.2025.pdf
Uganda,Frontline healthcare workers,2026,Government,0,FTEs,Line item,NEW GoU: Human Resources for Health (# FTEs),,https://www.citizen.org/wp-content/uploads/2026-0012QN-Uganda-Health-12.10.2025.pdf
Uganda,Frontline healthcare workers,2027,Government,5355,FTEs,Line item,NEW GoU: Human Resources for Health (# FTEs),,https://www.citizen.org/wp-content/uploads/2026-0012QN-Uganda-Health-12.10.2025.pdf
Uganda,Frontline healthcare workers,2028,Government,5897,FTEs,Line item,NEW GoU: Human Resources for Health (# FTEs),,https://www.citizen.org/wp-content/uploads/2026-0012QN-Uganda-Health-12.10.2025.pdf
Uganda,Frontline healthcare workers,2029,Government,5449,FTEs,Line item,NEW GoU: Human Resources for Health (# FTEs),,https://www.citizen.org/wp-content/uploads/2026-0012QN-Uganda-Health-12.10.2025.pdf
Uganda,Frontline healthcare workers,2030,Government,2678,FTEs,Line item,NEW GoU: Human Resources for Health (# FTEs),,https://www.citizen.org/wp-content/uploads/2026-0012QN-Uganda-Health-12.10.2025.pdf
Uganda,Other health sector co-investment,2026,Government,0,USD,Line item,NEW GoU: Other Health Sector Co-Investments,,https://www.citizen.org/wp-content/uploads/2026-0012QN-Uganda-Health-12.10.2025.pdf
Uganda,Other health sector co-investment,2027,Government,30000016,USD,Line item,NEW GoU: Other Health Sector Co-Investments,,https://www.citizen.org/wp-content/uploads/2026-0012QN-Uganda-Health-12.10.2025.pdf
Uganda,Other health sector co-investment,2028,Government,80000016,USD,Line item,NEW GoU: Other Health Sector Co-Investments,,https://www.citizen.org/wp-content/uploads/2026-0012QN-Uganda-Health-12.10.2025.pdf
Uganda,Other health sector co-investment,2029,Government,130000016,USD,Line item,NEW GoU: Other Health Sector Co-Investments,,https://www.citizen.org/wp-content/uploads/2026-0012QN-Uganda-Health-12.10.2025.pdf
Uganda,Other health sector co-investment,2030,Government,180000016,USD,Line item,NEW GoU: Other Health Sector Co-Investments,,https://www.citizen.org/wp-content/uploads/2026-0012QN-Uganda-Health-12.10.2025.pdf
Uganda,Domestic health expenditure increase,2026,Government,0,USD,Alternative measure (do not sum),NEW GoU: TOTAL (= increase in domestic health expenditure vs 2025 baseline),2:1 USG funding cut if missed (Sec 5.2),https://www.citizen.org/wp-content/uploads/2026-0012QN-Uganda-Health-12.10.2025.pdf
Uganda,Domestic health expenditure increase,2027,Government,69177199,USD,Alternative measure (do not sum),NEW GoU: TOTAL (= increase in domestic health expenditure vs 2025 baseline),2:1 USG funding cut if missed (Sec 5.2),https://www.citizen.org/wp-content/uploads/2026-0012QN-Uganda-Health-12.10.2025.pdf
Uganda,Domestic health expenditure increase,2028,Government,121177199,USD,Alternative measure (do not sum),NEW GoU: TOTAL (= increase in domestic health expenditure vs 2025 baseline),2:1 USG funding cut if missed (Sec 5.2),https://www.citizen.org/wp-content/uploads/2026-0012QN-Uganda-Health-12.10.2025.pdf
Uganda,Domestic health expenditure increase,2029,Government,169677199,USD,Alternative measure (do not sum),NEW GoU: TOTAL (= increase in domestic health expenditure vs 2025 baseline),2:1 USG funding cut if missed (Sec 5.2),https://www.citizen.org/wp-content/uploads/2026-0012QN-Uganda-Health-12.10.2025.pdf
Uganda,Domestic health expenditure increase,2030,Government,216970199,USD,Alternative measure (do not sum),NEW GoU: TOTAL (= increase in domestic health expenditure vs 2025 baseline),2:1 USG funding cut if missed (Sec 5.2),https://www.citizen.org/wp-content/uploads/2026-0012QN-Uganda-Health-12.10.2025.pdf
Uganda,Laboratory commodities,2026,Government,14054109,USD,Line item - existing (excl. from headline total),EXISTING GoU: laboratory commodities (Sec 2.2.3),Not counted in App.1 new co-financing,https://www.citizen.org/wp-content/uploads/2026-0012QN-Uganda-Health-12.10.2025.pdf
Uganda,Laboratory commodities,2027,Government,14054109,USD,Line item - existing (excl. from headline total),EXISTING GoU: laboratory commodities (Sec 2.2.3),Not counted in App.1 new co-financing,https://www.citizen.org/wp-content/uploads/2026-0012QN-Uganda-Health-12.10.2025.pdf
Uganda,Laboratory commodities,2028,Government,24255649,USD,Line item - existing (excl. from headline total),EXISTING GoU: laboratory commodities (Sec 2.2.3),Not counted in App.1 new co-financing,https://www.citizen.org/wp-content/uploads/2026-0012QN-Uganda-Health-12.10.2025.pdf
Uganda,Laboratory commodities,2029,Government,34457188,USD,Line item - existing (excl. from headline total),EXISTING GoU: laboratory commodities (Sec 2.2.3),Not counted in App.1 new co-financing,https://www.citizen.org/wp-content/uploads/2026-0012QN-Uganda-Health-12.10.2025.pdf
Uganda,Laboratory commodities,2030,Government,44658728,USD,Line item - existing (excl. from headline total),EXISTING GoU: laboratory commodities (Sec 2.2.3),Not counted in App.1 new co-financing,https://www.citizen.org/wp-content/uploads/2026-0012QN-Uganda-Health-12.10.2025.pdf
Uganda,Other commodities,2026,Government,16754110,USD,Line item - existing (excl. from headline total),EXISTING GoU: other commodities (Sec 2.3.3),Not counted in App.1 new co-financing,https://www.citizen.org/wp-content/uploads/2026-0012QN-Uganda-Health-12.10.2025.pdf
Uganda,Other commodities,2027,Government,16754110,USD,Line item - existing (excl. from headline total),EXISTING GoU: other commodities (Sec 2.3.3),Not counted in App.1 new co-financing,https://www.citizen.org/wp-content/uploads/2026-0012QN-Uganda-Health-12.10.2025.pdf
Uganda,Other commodities,2028,Government,26552554,USD,Line item - existing (excl. from headline total),EXISTING GoU: other commodities (Sec 2.3.3),Not counted in App.1 new co-financing,https://www.citizen.org/wp-content/uploads/2026-0012QN-Uganda-Health-12.10.2025.pdf
Uganda,Other commodities,2029,Government,36350999,USD,Line item - existing (excl. from headline total),EXISTING GoU: other commodities (Sec 2.3.3),Not counted in App.1 new co-financing,https://www.citizen.org/wp-content/uploads/2026-0012QN-Uganda-Health-12.10.2025.pdf
Uganda,Other commodities,2030,Government,46149443,USD,Line item - existing (excl. from headline total),EXISTING GoU: other commodities (Sec 2.3.3),Not counted in App.1 new co-financing,https://www.citizen.org/wp-content/uploads/2026-0012QN-Uganda-Health-12.10.2025.pdf
Uganda,Frontline lab workers,2026,Government,0,FTEs,Line item,GoU NEW FTEs: laboratory cadres,,https://www.citizen.org/wp-content/uploads/2026-0012QN-Uganda-Health-12.10.2025.pdf
Uganda,Frontline lab workers,2027,Government,115,FTEs,Line item,GoU NEW FTEs: laboratory cadres,,https://www.citizen.org/wp-content/uploads/2026-0012QN-Uganda-Health-12.10.2025.pdf
Uganda,Frontline lab workers,2028,Government,196,FTEs,Line item,GoU NEW FTEs: laboratory cadres,,https://www.citizen.org/wp-content/uploads/2026-0012QN-Uganda-Health-12.10.2025.pdf
Uganda,Frontline lab workers,2029,Government,349,FTEs,Line item,GoU NEW FTEs: laboratory cadres,,https://www.citizen.org/wp-content/uploads/2026-0012QN-Uganda-Health-12.10.2025.pdf
Uganda,Frontline lab workers,2030,Government,612,FTEs,Line item,GoU NEW FTEs: laboratory cadres,,https://www.citizen.org/wp-content/uploads/2026-0012QN-Uganda-Health-12.10.2025.pdf
Uganda,Frontline healthcare workers,2026,Government,0,FTEs,Line item,GoU NEW FTEs: medical cadres,,https://www.citizen.org/wp-content/uploads/2026-0012QN-Uganda-Health-12.10.2025.pdf
Uganda,Frontline healthcare workers,2027,Government,65,FTEs,Line item,GoU NEW FTEs: medical cadres,,https://www.citizen.org/wp-content/uploads/2026-0012QN-Uganda-Health-12.10.2025.pdf
Uganda,Frontline healthcare workers,2028,Government,232,FTEs,Line item,GoU NEW FTEs: medical cadres,,https://www.citizen.org/wp-content/uploads/2026-0012QN-Uganda-Health-12.10.2025.pdf
Uganda,Frontline healthcare workers,2029,Government,298,FTEs,Line item,GoU NEW FTEs: medical cadres,,https://www.citizen.org/wp-content/uploads/2026-0012QN-Uganda-Health-12.10.2025.pdf
Uganda,Frontline healthcare workers,2030,Government,295,FTEs,Line item,GoU NEW FTEs: medical cadres,,https://www.citizen.org/wp-content/uploads/2026-0012QN-Uganda-Health-12.10.2025.pdf
Uganda,Frontline healthcare workers,2026,Government,0,FTEs,Line item,GoU NEW FTEs: nurses and midwives,,https://www.citizen.org/wp-content/uploads/2026-0012QN-Uganda-Health-12.10.2025.pdf
Uganda,Frontline healthcare workers,2027,Government,124,FTEs,Line item,GoU NEW FTEs: nurses and midwives,,https://www.citizen.org/wp-content/uploads/2026-0012QN-Uganda-Health-12.10.2025.pdf
Uganda,Frontline healthcare workers,2028,Government,333,FTEs,Line item,GoU NEW FTEs: nurses and midwives,,https://www.citizen.org/wp-content/uploads/2026-0012QN-Uganda-Health-12.10.2025.pdf
Uganda,Frontline healthcare workers,2029,Government,381,FTEs,Line item,GoU NEW FTEs: nurses and midwives,,https://www.citizen.org/wp-content/uploads/2026-0012QN-Uganda-Health-12.10.2025.pdf
Uganda,Frontline healthcare workers,2030,Government,597,FTEs,Line item,GoU NEW FTEs: nurses and midwives,,https://www.citizen.org/wp-content/uploads/2026-0012QN-Uganda-Health-12.10.2025.pdf
Uganda,Frontline healthcare workers,2027,Government,5000,FTEs,Line item,GoU NEW FTEs: CHEWs,,https://www.citizen.org/wp-content/uploads/2026-0012QN-Uganda-Health-12.10.2025.pdf
Uganda,Frontline healthcare workers,2028,Government,5000,FTEs,Line item,GoU NEW FTEs: CHEWs,,https://www.citizen.org/wp-content/uploads/2026-0012QN-Uganda-Health-12.10.2025.pdf
Uganda,Frontline healthcare workers,2029,Government,4000,FTEs,Line item,GoU NEW FTEs: CHEWs,,https://www.citizen.org/wp-content/uploads/2026-0012QN-Uganda-Health-12.10.2025.pdf
Uganda,Frontline healthcare workers,2030,Government,462,FTEs,Line item,GoU NEW FTEs: CHEWs,,https://www.citizen.org/wp-content/uploads/2026-0012QN-Uganda-Health-12.10.2025.pdf
Uganda,Frontline healthcare workers,2026,Government,0,FTEs,Line item,GoU NEW FTEs: pharmacists,,https://www.citizen.org/wp-content/uploads/2026-0012QN-Uganda-Health-12.10.2025.pdf
Uganda,Frontline healthcare workers,2027,Government,20,FTEs,Line item,GoU NEW FTEs: pharmacists,,https://www.citizen.org/wp-content/uploads/2026-0012QN-Uganda-Health-12.10.2025.pdf
Uganda,Frontline healthcare workers,2028,Government,26,FTEs,Line item,GoU NEW FTEs: pharmacists,,https://www.citizen.org/wp-content/uploads/2026-0012QN-Uganda-Health-12.10.2025.pdf
Uganda,Frontline healthcare workers,2029,Government,20,FTEs,Line item,GoU NEW FTEs: pharmacists,,https://www.citizen.org/wp-content/uploads/2026-0012QN-Uganda-Health-12.10.2025.pdf
Uganda,Frontline healthcare workers,2030,Government,82,FTEs,Line item,GoU NEW FTEs: pharmacists,,https://www.citizen.org/wp-content/uploads/2026-0012QN-Uganda-Health-12.10.2025.pdf
Uganda,Frontline healthcare workers,2026,Government,0,FTEs,Line item,GoU NEW FTEs: social workers,,https://www.citizen.org/wp-content/uploads/2026-0012QN-Uganda-Health-12.10.2025.pdf
Uganda,Frontline healthcare workers,2027,Government,20,FTEs,Line item,GoU NEW FTEs: social workers,,https://www.citizen.org/wp-content/uploads/2026-0012QN-Uganda-Health-12.10.2025.pdf
Uganda,Frontline healthcare workers,2028,Government,100,FTEs,Line item,GoU NEW FTEs: social workers,,https://www.citizen.org/wp-content/uploads/2026-0012QN-Uganda-Health-12.10.2025.pdf
Uganda,Frontline healthcare workers,2029,Government,372,FTEs,Line item,GoU NEW FTEs: social workers,,https://www.citizen.org/wp-content/uploads/2026-0012QN-Uganda-Health-12.10.2025.pdf
Uganda,Frontline healthcare workers,2030,Government,600,FTEs,Line item,GoU NEW FTEs: social workers,,https://www.citizen.org/wp-content/uploads/2026-0012QN-Uganda-Health-12.10.2025.pdf
Uganda,Other commodities,2026,Government,1000000,USD,Line item - outside headline total,GoU annual MCH equipment/infrastructure maintenance,Sec 2.3.2 VIII: stated as $1M annually; outside the App.1 co-financing table (not counted in headline total),https://www.citizen.org/wp-content/uploads/2026-0012QN-Uganda-Health-12.10.2025.pdf
Uganda,Other commodities,2027,Government,1000000,USD,Line item - outside headline total,GoU annual MCH equipment/infrastructure maintenance,Sec 2.3.2 VIII: stated as $1M annually; outside the App.1 co-financing table (not counted in headline total),https://www.citizen.org/wp-content/uploads/2026-0012QN-Uganda-Health-12.10.2025.pdf
Uganda,Other commodities,2028,Government,1000000,USD,Line item - outside headline total,GoU annual MCH equipment/infrastructure maintenance,Sec 2.3.2 VIII: stated as $1M annually; outside the App.1 co-financing table (not counted in headline total),https://www.citizen.org/wp-content/uploads/2026-0012QN-Uganda-Health-12.10.2025.pdf
Uganda,Other commodities,2029,Government,1000000,USD,Line item - outside headline total,GoU annual MCH equipment/infrastructure maintenance,Sec 2.3.2 VIII: stated as $1M annually; outside the App.1 co-financing table (not counted in headline total),https://www.citizen.org/wp-content/uploads/2026-0012QN-Uganda-Health-12.10.2025.pdf
Uganda,Other commodities,2030,Government,1000000,USD,Line item - outside headline total,GoU annual MCH equipment/infrastructure maintenance,Sec 2.3.2 VIII: stated as $1M annually; outside the App.1 co-financing table (not counted in headline total),https://www.citizen.org/wp-content/uploads/2026-0012QN-Uganda-Health-12.10.2025.pdf
Mozambique,Surveillance & outbreak response,2026,USG,7300000,USD,Line item,Surveillance & Outbreak Response,2027/2029 include funding for Sec 4.1 outcome surveys (up to $35M),https://www.citizen.org/wp-content/uploads/2026-0008QN-Mozambique-Health-12.15.2025.pdf
Mozambique,Surveillance & outbreak response,2027,USG,27600000,USD,Line item,Surveillance & Outbreak Response,2027/2029 include funding for Sec 4.1 outcome surveys (up to $35M),https://www.citizen.org/wp-content/uploads/2026-0008QN-Mozambique-Health-12.15.2025.pdf
Mozambique,Surveillance & outbreak response,2028,USG,6000000,USD,Line item,Surveillance & Outbreak Response,2027/2029 include funding for Sec 4.1 outcome surveys (up to $35M),https://www.citizen.org/wp-content/uploads/2026-0008QN-Mozambique-Health-12.15.2025.pdf
Mozambique,Surveillance & outbreak response,2029,USG,19300000,USD,Line item,Surveillance & Outbreak Response,2027/2029 include funding for Sec 4.1 outcome surveys (up to $35M),https://www.citizen.org/wp-content/uploads/2026-0008QN-Mozambique-Health-12.15.2025.pdf
Mozambique,Surveillance & outbreak response,2030,USG,4300000,USD,Line item,Surveillance & Outbreak Response,2027/2029 include funding for Sec 4.1 outcome surveys (up to $35M),https://www.citizen.org/wp-content/uploads/2026-0008QN-Mozambique-Health-12.15.2025.pdf
Mozambique,Laboratory commodities,2026,USG,32222465,USD,Line item,Lab Commodities,Flat; Mozambique contributes $0 to lab commodities in all years,https://www.citizen.org/wp-content/uploads/2026-0008QN-Mozambique-Health-12.15.2025.pdf
Mozambique,Laboratory commodities,2027,USG,32222465,USD,Line item,Lab Commodities,Flat; Mozambique contributes $0 to lab commodities in all years,https://www.citizen.org/wp-content/uploads/2026-0008QN-Mozambique-Health-12.15.2025.pdf
Mozambique,Laboratory commodities,2028,USG,32222465,USD,Line item,Lab Commodities,Flat; Mozambique contributes $0 to lab commodities in all years,https://www.citizen.org/wp-content/uploads/2026-0008QN-Mozambique-Health-12.15.2025.pdf
Mozambique,Laboratory commodities,2029,USG,32222465,USD,Line item,Lab Commodities,Flat; Mozambique contributes $0 to lab commodities in all years,https://www.citizen.org/wp-content/uploads/2026-0008QN-Mozambique-Health-12.15.2025.pdf
Mozambique,Laboratory commodities,2030,USG,32222465,USD,Line item,Lab Commodities,Flat; Mozambique contributes $0 to lab commodities in all years,https://www.citizen.org/wp-content/uploads/2026-0008QN-Mozambique-Health-12.15.2025.pdf
Mozambique,Frontline lab workers,2026,USG,858200,USD,Line item,Frontline Lab Workers ($),,https://www.citizen.org/wp-content/uploads/2026-0008QN-Mozambique-Health-12.15.2025.pdf
Mozambique,Frontline lab workers,2027,USG,792200,USD,Line item,Frontline Lab Workers ($),,https://www.citizen.org/wp-content/uploads/2026-0008QN-Mozambique-Health-12.15.2025.pdf
Mozambique,Frontline lab workers,2028,USG,660200,USD,Line item,Frontline Lab Workers ($),,https://www.citizen.org/wp-content/uploads/2026-0008QN-Mozambique-Health-12.15.2025.pdf
Mozambique,Frontline lab workers,2029,USG,462200,USD,Line item,Frontline Lab Workers ($),,https://www.citizen.org/wp-content/uploads/2026-0008QN-Mozambique-Health-12.15.2025.pdf
Mozambique,Frontline lab workers,2030,USG,0,USD,Line item,Frontline Lab Workers ($),,https://www.citizen.org/wp-content/uploads/2026-0008QN-Mozambique-Health-12.15.2025.pdf
Mozambique,Frontline lab workers,2026,USG,105,FTEs,Line item,Frontline Lab Workers (# FTEs),,https://www.citizen.org/wp-content/uploads/2026-0008QN-Mozambique-Health-12.15.2025.pdf
Mozambique,Frontline lab workers,2027,USG,95,FTEs,Line item,Frontline Lab Workers (# FTEs),,https://www.citizen.org/wp-content/uploads/2026-0008QN-Mozambique-Health-12.15.2025.pdf
Mozambique,Frontline lab workers,2028,USG,75,FTEs,Line item,Frontline Lab Workers (# FTEs),,https://www.citizen.org/wp-content/uploads/2026-0008QN-Mozambique-Health-12.15.2025.pdf
Mozambique,Frontline lab workers,2029,USG,45,FTEs,Line item,Frontline Lab Workers (# FTEs),,https://www.citizen.org/wp-content/uploads/2026-0008QN-Mozambique-Health-12.15.2025.pdf
Mozambique,Frontline lab workers,2030,USG,0,FTEs,Line item,Frontline Lab Workers (# FTEs),,https://www.citizen.org/wp-content/uploads/2026-0008QN-Mozambique-Health-12.15.2025.pdf
Mozambique,Other commodities,2026,USG,69111507,USD,Line item,Other Commodities,,https://www.citizen.org/wp-content/uploads/2026-0008QN-Mozambique-Health-12.15.2025.pdf
Mozambique,Other commodities,2027,USG,66111507,USD,Line item,Other Commodities,,https://www.citizen.org/wp-content/uploads/2026-0008QN-Mozambique-Health-12.15.2025.pdf
Mozambique,Other commodities,2028,USG,64111507,USD,Line item,Other Commodities,,https://www.citizen.org/wp-content/uploads/2026-0008QN-Mozambique-Health-12.15.2025.pdf
Mozambique,Other commodities,2029,USG,64111507,USD,Line item,Other Commodities,,https://www.citizen.org/wp-content/uploads/2026-0008QN-Mozambique-Health-12.15.2025.pdf
Mozambique,Other commodities,2030,USG,59111507,USD,Line item,Other Commodities,,https://www.citizen.org/wp-content/uploads/2026-0008QN-Mozambique-Health-12.15.2025.pdf
Mozambique,Frontline healthcare workers,2026,USG,36963448,USD,Line item,Frontline Healthcare Workers ($),,https://www.citizen.org/wp-content/uploads/2026-0008QN-Mozambique-Health-12.15.2025.pdf
Mozambique,Frontline healthcare workers,2027,USG,32654200,USD,Line item,Frontline Healthcare Workers ($),,https://www.citizen.org/wp-content/uploads/2026-0008QN-Mozambique-Health-12.15.2025.pdf
Mozambique,Frontline healthcare workers,2028,USG,27042028,USD,Line item,Frontline Healthcare Workers ($),,https://www.citizen.org/wp-content/uploads/2026-0008QN-Mozambique-Health-12.15.2025.pdf
Mozambique,Frontline healthcare workers,2029,USG,24854804,USD,Line item,Frontline Healthcare Workers ($),,https://www.citizen.org/wp-content/uploads/2026-0008QN-Mozambique-Health-12.15.2025.pdf
Mozambique,Frontline healthcare workers,2030,USG,21324198,USD,Line item,Frontline Healthcare Workers ($),,https://www.citizen.org/wp-content/uploads/2026-0008QN-Mozambique-Health-12.15.2025.pdf
Mozambique,Frontline healthcare workers,2026,USG,19798,FTEs,Line item,Frontline Healthcare Workers (# FTEs),"App.3 cadre tables sum to 8,166 fewer FTEs in every year - real gap in source document",https://www.citizen.org/wp-content/uploads/2026-0008QN-Mozambique-Health-12.15.2025.pdf
Mozambique,Frontline healthcare workers,2027,USG,19798,FTEs,Line item,Frontline Healthcare Workers (# FTEs),"App.3 cadre tables sum to 8,166 fewer FTEs in every year - real gap in source document",https://www.citizen.org/wp-content/uploads/2026-0008QN-Mozambique-Health-12.15.2025.pdf
Mozambique,Frontline healthcare workers,2028,USG,19018,FTEs,Line item,Frontline Healthcare Workers (# FTEs),"App.3 cadre tables sum to 8,166 fewer FTEs in every year - real gap in source document",https://www.citizen.org/wp-content/uploads/2026-0008QN-Mozambique-Health-12.15.2025.pdf
Mozambique,Frontline healthcare workers,2029,USG,18230,FTEs,Line item,Frontline Healthcare Workers (# FTEs),"App.3 cadre tables sum to 8,166 fewer FTEs in every year - real gap in source document",https://www.citizen.org/wp-content/uploads/2026-0008QN-Mozambique-Health-12.15.2025.pdf
Mozambique,Frontline healthcare workers,2030,USG,17422,FTEs,Line item,Frontline Healthcare Workers (# FTEs),"App.3 cadre tables sum to 8,166 fewer FTEs in every year - real gap in source document",https://www.citizen.org/wp-content/uploads/2026-0008QN-Mozambique-Health-12.15.2025.pdf
Mozambique,Data systems,2026,USG,16666385,USD,Line item,Data Systems,,https://www.citizen.org/wp-content/uploads/2026-0008QN-Mozambique-Health-12.15.2025.pdf
Mozambique,Data systems,2027,USG,28230116,USD,Line item,Data Systems,,https://www.citizen.org/wp-content/uploads/2026-0008QN-Mozambique-Health-12.15.2025.pdf
Mozambique,Data systems,2028,USG,18533429,USD,Line item,Data Systems,,https://www.citizen.org/wp-content/uploads/2026-0008QN-Mozambique-Health-12.15.2025.pdf
Mozambique,Data systems,2029,USG,11129710,USD,Line item,Data Systems,,https://www.citizen.org/wp-content/uploads/2026-0008QN-Mozambique-Health-12.15.2025.pdf
Mozambique,Data systems,2030,USG,8512439,USD,Line item,Data Systems,,https://www.citizen.org/wp-content/uploads/2026-0008QN-Mozambique-Health-12.15.2025.pdf
Mozambique,Strategic assistance / investment,2026,USG,278211995,USD,Line item,Strategic Investments,,https://www.citizen.org/wp-content/uploads/2026-0008QN-Mozambique-Health-12.15.2025.pdf
Mozambique,Strategic assistance / investment,2027,USG,216123512,USD,Line item,Strategic Investments,,https://www.citizen.org/wp-content/uploads/2026-0008QN-Mozambique-Health-12.15.2025.pdf
Mozambique,Strategic assistance / investment,2028,USG,237524371,USD,Line item,Strategic Investments,,https://www.citizen.org/wp-content/uploads/2026-0008QN-Mozambique-Health-12.15.2025.pdf
Mozambique,Strategic assistance / investment,2029,USG,169953314,USD,Line item,Strategic Investments,,https://www.citizen.org/wp-content/uploads/2026-0008QN-Mozambique-Health-12.15.2025.pdf
Mozambique,Strategic assistance / investment,2030,USG,150713391,USD,Line item,Strategic Investments,,https://www.citizen.org/wp-content/uploads/2026-0008QN-Mozambique-Health-12.15.2025.pdf
Mozambique,TOTAL,2026,USG,441334000,USD,Total / subtotal,TOTAL U.S. Government,,https://www.citizen.org/wp-content/uploads/2026-0008QN-Mozambique-Health-12.15.2025.pdf
Mozambique,TOTAL,2027,USG,403734000,USD,Total / subtotal,TOTAL U.S. Government,,https://www.citizen.org/wp-content/uploads/2026-0008QN-Mozambique-Health-12.15.2025.pdf
Mozambique,TOTAL,2028,USG,386094000,USD,Total / subtotal,TOTAL U.S. Government,,https://www.citizen.org/wp-content/uploads/2026-0008QN-Mozambique-Health-12.15.2025.pdf
Mozambique,TOTAL,2029,USG,322034000,USD,Total / subtotal,TOTAL U.S. Government,,https://www.citizen.org/wp-content/uploads/2026-0008QN-Mozambique-Health-12.15.2025.pdf
Mozambique,TOTAL,2030,USG,276184000,USD,Total / subtotal,TOTAL U.S. Government,,https://www.citizen.org/wp-content/uploads/2026-0008QN-Mozambique-Health-12.15.2025.pdf
Mozambique,Laboratory commodities,2026,USG,3909629,USD,Appendix detail (do not sum),App.2 2026 lab detail: EID Reagents & Consumables,,https://www.citizen.org/wp-content/uploads/2026-0008QN-Mozambique-Health-12.15.2025.pdf
Mozambique,Laboratory commodities,2026,USG,26249110,USD,Appendix detail (do not sum),App.2 2026 lab detail: VL Reagents & Consumables,,https://www.citizen.org/wp-content/uploads/2026-0008QN-Mozambique-Health-12.15.2025.pdf
Mozambique,Laboratory commodities,2026,USG,522412,USD,Appendix detail (do not sum),App.2 2026 lab detail: VL Sample Collection,,https://www.citizen.org/wp-content/uploads/2026-0008QN-Mozambique-Health-12.15.2025.pdf
Mozambique,Laboratory commodities,2026,USG,1341314,USD,Appendix detail (do not sum),App.2 2026 lab detail: Other Lab Commodity,,https://www.citizen.org/wp-content/uploads/2026-0008QN-Mozambique-Health-12.15.2025.pdf
Mozambique,Laboratory commodities,2026,USG,200000,USD,Appendix detail (do not sum),App.2 2026 lab detail: OHS TBD,,https://www.citizen.org/wp-content/uploads/2026-0008QN-Mozambique-Health-12.15.2025.pdf
Mozambique,Other commodities,2026,USG,22477894,USD,Appendix detail (do not sum),App.2 2026 commodity detail: ARVs Adult Treatment,,https://www.citizen.org/wp-content/uploads/2026-0008QN-Mozambique-Health-12.15.2025.pdf
Mozambique,Other commodities,2026,USG,350000,USD,Appendix detail (do not sum),App.2 2026 commodity detail: ARVs Infant Prophylaxis,,https://www.citizen.org/wp-content/uploads/2026-0008QN-Mozambique-Health-12.15.2025.pdf
Mozambique,Other commodities,2026,USG,4994076,USD,Appendix detail (do not sum),App.2 2026 commodity detail: ARVs Pediatric Treatment,,https://www.citizen.org/wp-content/uploads/2026-0008QN-Mozambique-Health-12.15.2025.pdf
Mozambique,Other commodities,2026,USG,4005625,USD,Appendix detail (do not sum),App.2 2026 commodity detail: HIV Tests,,https://www.citizen.org/wp-content/uploads/2026-0008QN-Mozambique-Health-12.15.2025.pdf
Mozambique,Other commodities,2026,USG,533912,USD,Appendix detail (do not sum),App.2 2026 commodity detail: HIV Other,,https://www.citizen.org/wp-content/uploads/2026-0008QN-Mozambique-Health-12.15.2025.pdf
Mozambique,Other commodities,2026,USG,7500000,USD,Appendix detail (do not sum),App.2 2026 commodity detail: RDTs,,https://www.citizen.org/wp-content/uploads/2026-0008QN-Mozambique-Health-12.15.2025.pdf
Mozambique,Other commodities,2026,USG,7800000,USD,Appendix detail (do not sum),App.2 2026 commodity detail: ACTs,,https://www.citizen.org/wp-content/uploads/2026-0008QN-Mozambique-Health-12.15.2025.pdf
Mozambique,Other commodities,2026,USG,1200000,USD,Appendix detail (do not sum),App.2 2026 commodity detail: Initial Artesunate,,https://www.citizen.org/wp-content/uploads/2026-0008QN-Mozambique-Health-12.15.2025.pdf
Mozambique,Other commodities,2026,USG,600000,USD,Appendix detail (do not sum),App.2 2026 commodity detail: SP (IPTp),,https://www.citizen.org/wp-content/uploads/2026-0008QN-Mozambique-Health-12.15.2025.pdf
Mozambique,Other commodities,2026,USG,200000,USD,Appendix detail (do not sum),App.2 2026 commodity detail: TB TBD,,https://www.citizen.org/wp-content/uploads/2026-0008QN-Mozambique-Health-12.15.2025.pdf
Mozambique,Other commodities,2026,USG,200000,USD,Appendix detail (do not sum),App.2 2026 commodity detail: GHS TBD,,https://www.citizen.org/wp-content/uploads/2026-0008QN-Mozambique-Health-12.15.2025.pdf
Mozambique,Other commodities,2026,USG,5000000,USD,Appendix detail (do not sum),App.2 2026 commodity detail: MCH TBD,"Reduced to $2,000,000 in FY27-FY30",https://www.citizen.org/wp-content/uploads/2026-0008QN-Mozambique-Health-12.15.2025.pdf
Mozambique,Other commodities,2026,USG,14250000,USD,Appendix detail (do not sum),App.2 2026 commodity detail: Distribution/ICL,,https://www.citizen.org/wp-content/uploads/2026-0008QN-Mozambique-Health-12.15.2025.pdf
Mozambique,Laboratory commodities,2026,Government,0,USD,Line item,Lab Commodities,,https://www.citizen.org/wp-content/uploads/2026-0008QN-Mozambique-Health-12.15.2025.pdf
Mozambique,Laboratory commodities,2027,Government,0,USD,Line item,Lab Commodities,,https://www.citizen.org/wp-content/uploads/2026-0008QN-Mozambique-Health-12.15.2025.pdf
Mozambique,Laboratory commodities,2028,Government,0,USD,Line item,Lab Commodities,,https://www.citizen.org/wp-content/uploads/2026-0008QN-Mozambique-Health-12.15.2025.pdf
Mozambique,Laboratory commodities,2029,Government,0,USD,Line item,Lab Commodities,,https://www.citizen.org/wp-content/uploads/2026-0008QN-Mozambique-Health-12.15.2025.pdf
Mozambique,Laboratory commodities,2030,Government,0,USD,Line item,Lab Commodities,,https://www.citizen.org/wp-content/uploads/2026-0008QN-Mozambique-Health-12.15.2025.pdf
Mozambique,Other commodities,2026,Government,0,USD,Line item,Other Commodities,,https://www.citizen.org/wp-content/uploads/2026-0008QN-Mozambique-Health-12.15.2025.pdf
Mozambique,Other commodities,2027,Government,3078261,USD,Line item,Other Commodities,,https://www.citizen.org/wp-content/uploads/2026-0008QN-Mozambique-Health-12.15.2025.pdf
Mozambique,Other commodities,2028,Government,5130435,USD,Line item,Other Commodities,,https://www.citizen.org/wp-content/uploads/2026-0008QN-Mozambique-Health-12.15.2025.pdf
Mozambique,Other commodities,2029,Government,5130435,USD,Line item,Other Commodities,,https://www.citizen.org/wp-content/uploads/2026-0008QN-Mozambique-Health-12.15.2025.pdf
Mozambique,Other commodities,2030,Government,10260869,USD,Line item,Other Commodities,,https://www.citizen.org/wp-content/uploads/2026-0008QN-Mozambique-Health-12.15.2025.pdf
Mozambique,Frontline lab workers,2026,Government,0,FTEs,Line item,Frontline Lab Workers (cumulative FTEs),,https://www.citizen.org/wp-content/uploads/2026-0008QN-Mozambique-Health-12.15.2025.pdf
Mozambique,Frontline lab workers,2027,Government,10,FTEs,Line item,Frontline Lab Workers (cumulative FTEs),,https://www.citizen.org/wp-content/uploads/2026-0008QN-Mozambique-Health-12.15.2025.pdf
Mozambique,Frontline lab workers,2028,Government,30,FTEs,Line item,Frontline Lab Workers (cumulative FTEs),,https://www.citizen.org/wp-content/uploads/2026-0008QN-Mozambique-Health-12.15.2025.pdf
Mozambique,Frontline lab workers,2029,Government,60,FTEs,Line item,Frontline Lab Workers (cumulative FTEs),,https://www.citizen.org/wp-content/uploads/2026-0008QN-Mozambique-Health-12.15.2025.pdf
Mozambique,Frontline lab workers,2030,Government,105,FTEs,Line item,Frontline Lab Workers (cumulative FTEs),,https://www.citizen.org/wp-content/uploads/2026-0008QN-Mozambique-Health-12.15.2025.pdf
Mozambique,Frontline healthcare workers,2026,Government,0,FTEs,Line item,Frontline Healthcare Workers (cumulative FTEs),,https://www.citizen.org/wp-content/uploads/2026-0008QN-Mozambique-Health-12.15.2025.pdf
Mozambique,Frontline healthcare workers,2027,Government,1180,FTEs,Line item,Frontline Healthcare Workers (cumulative FTEs),,https://www.citizen.org/wp-content/uploads/2026-0008QN-Mozambique-Health-12.15.2025.pdf
Mozambique,Frontline healthcare workers,2028,Government,2368,FTEs,Line item,Frontline Healthcare Workers (cumulative FTEs),,https://www.citizen.org/wp-content/uploads/2026-0008QN-Mozambique-Health-12.15.2025.pdf
Mozambique,Frontline healthcare workers,2029,Government,3576,FTEs,Line item,Frontline Healthcare Workers (cumulative FTEs),,https://www.citizen.org/wp-content/uploads/2026-0008QN-Mozambique-Health-12.15.2025.pdf
Mozambique,Frontline healthcare workers,2030,Government,4788,FTEs,Line item,Frontline Healthcare Workers (cumulative FTEs),,https://www.citizen.org/wp-content/uploads/2026-0008QN-Mozambique-Health-12.15.2025.pdf
Mozambique,Frontline healthcare workers,2026,Government,0,USD,Line item,"Frontline Healthcare Workers ($, derived residual)","Not printed as own row; derived = yearly total minus Other Commodities; matches printed $46,973,106 footnote (cost of 4,893 workers)",https://www.citizen.org/wp-content/uploads/2026-0008QN-Mozambique-Health-12.15.2025.pdf
Mozambique,Frontline healthcare workers,2027,Government,4697311,USD,Line item,"Frontline Healthcare Workers ($, derived residual)","Not printed as own row; derived = yearly total minus Other Commodities; matches printed $46,973,106 footnote (cost of 4,893 workers)",https://www.citizen.org/wp-content/uploads/2026-0008QN-Mozambique-Health-12.15.2025.pdf
Mozambique,Frontline healthcare workers,2028,Government,9465621,USD,Line item,"Frontline Healthcare Workers ($, derived residual)","Not printed as own row; derived = yearly total minus Other Commodities; matches printed $46,973,106 footnote (cost of 4,893 workers)",https://www.citizen.org/wp-content/uploads/2026-0008QN-Mozambique-Health-12.15.2025.pdf
Mozambique,Frontline healthcare workers,2029,Government,14304932,USD,Line item,"Frontline Healthcare Workers ($, derived residual)","Not printed as own row; derived = yearly total minus Other Commodities; matches printed $46,973,106 footnote (cost of 4,893 workers)",https://www.citizen.org/wp-content/uploads/2026-0008QN-Mozambique-Health-12.15.2025.pdf
Mozambique,Frontline healthcare workers,2030,Government,18505242,USD,Line item,"Frontline Healthcare Workers ($, derived residual)","Not printed as own row; derived = yearly total minus Other Commodities; matches printed $46,973,106 footnote (cost of 4,893 workers)",https://www.citizen.org/wp-content/uploads/2026-0008QN-Mozambique-Health-12.15.2025.pdf
Mozambique,Other commodities,2026,Government,5000000,USD,Line item - existing (excl. from headline total),EXISTING GoM: commodities (Sec 2.3.3),Flat $5M/yr; not counted in App.1 new co-financing,https://www.citizen.org/wp-content/uploads/2026-0008QN-Mozambique-Health-12.15.2025.pdf
Mozambique,Other commodities,2027,Government,5000000,USD,Line item - existing (excl. from headline total),EXISTING GoM: commodities (Sec 2.3.3),Flat $5M/yr; not counted in App.1 new co-financing,https://www.citizen.org/wp-content/uploads/2026-0008QN-Mozambique-Health-12.15.2025.pdf
Mozambique,Other commodities,2028,Government,5000000,USD,Line item - existing (excl. from headline total),EXISTING GoM: commodities (Sec 2.3.3),Flat $5M/yr; not counted in App.1 new co-financing,https://www.citizen.org/wp-content/uploads/2026-0008QN-Mozambique-Health-12.15.2025.pdf
Mozambique,Other commodities,2029,Government,5000000,USD,Line item - existing (excl. from headline total),EXISTING GoM: commodities (Sec 2.3.3),Flat $5M/yr; not counted in App.1 new co-financing,https://www.citizen.org/wp-content/uploads/2026-0008QN-Mozambique-Health-12.15.2025.pdf
Mozambique,Other commodities,2030,Government,5000000,USD,Line item - existing (excl. from headline total),EXISTING GoM: commodities (Sec 2.3.3),Flat $5M/yr; not counted in App.1 new co-financing,https://www.citizen.org/wp-content/uploads/2026-0008QN-Mozambique-Health-12.15.2025.pdf
Mozambique,TOTAL,2026,Government,0,USD,Total / subtotal,TOTAL GoM new planned financial support,,https://www.citizen.org/wp-content/uploads/2026-0008QN-Mozambique-Health-12.15.2025.pdf
Mozambique,TOTAL,2027,Government,7775572,USD,Total / subtotal,TOTAL GoM new planned financial support,,https://www.citizen.org/wp-content/uploads/2026-0008QN-Mozambique-Health-12.15.2025.pdf
Mozambique,TOTAL,2028,Government,14596056,USD,Total / subtotal,TOTAL GoM new planned financial support,,https://www.citizen.org/wp-content/uploads/2026-0008QN-Mozambique-Health-12.15.2025.pdf
Mozambique,TOTAL,2029,Government,19435367,USD,Total / subtotal,TOTAL GoM new planned financial support,,https://www.citizen.org/wp-content/uploads/2026-0008QN-Mozambique-Health-12.15.2025.pdf
Mozambique,TOTAL,2030,Government,28766111,USD,Total / subtotal,TOTAL GoM new planned financial support,,https://www.citizen.org/wp-content/uploads/2026-0008QN-Mozambique-Health-12.15.2025.pdf
Mozambique,Domestic health expenditure increase,2026,Government,0.0,% points,Alternative measure (do not sum),Increase in domestic health expenditure as % of total govt expenditure vs 2025,Sec 5.1 benchmark; 1:1 USG reduction if missed,https://www.citizen.org/wp-content/uploads/2026-0008QN-Mozambique-Health-12.15.2025.pdf
Mozambique,Domestic health expenditure increase,2027,Government,0.5,% points,Alternative measure (do not sum),Increase in domestic health expenditure as % of total govt expenditure vs 2025,Sec 5.1 benchmark; 1:1 USG reduction if missed,https://www.citizen.org/wp-content/uploads/2026-0008QN-Mozambique-Health-12.15.2025.pdf
Mozambique,Domestic health expenditure increase,2028,Government,1.0,% points,Alternative measure (do not sum),Increase in domestic health expenditure as % of total govt expenditure vs 2025,Sec 5.1 benchmark; 1:1 USG reduction if missed,https://www.citizen.org/wp-content/uploads/2026-0008QN-Mozambique-Health-12.15.2025.pdf
Mozambique,Domestic health expenditure increase,2029,Government,1.5,% points,Alternative measure (do not sum),Increase in domestic health expenditure as % of total govt expenditure vs 2025,Sec 5.1 benchmark; 1:1 USG reduction if missed,https://www.citizen.org/wp-content/uploads/2026-0008QN-Mozambique-Health-12.15.2025.pdf
Mozambique,Domestic health expenditure increase,2030,Government,2.0,% points,Alternative measure (do not sum),Increase in domestic health expenditure as % of total govt expenditure vs 2025,Sec 5.1 benchmark; 1:1 USG reduction if missed,https://www.citizen.org/wp-content/uploads/2026-0008QN-Mozambique-Health-12.15.2025.pdf
Nigeria,Surveillance & outbreak response,2026,USG,4171000,USD,Line item,Surveillance & Outbreak Response,,https://www.citizen.org/wp-content/uploads/2026-0009QN-Nigeria-Health-12.19.2025.pdf
Nigeria,Surveillance & outbreak response,2027,USG,4171000,USD,Line item,Surveillance & Outbreak Response,,https://www.citizen.org/wp-content/uploads/2026-0009QN-Nigeria-Health-12.19.2025.pdf
Nigeria,Surveillance & outbreak response,2028,USG,4171000,USD,Line item,Surveillance & Outbreak Response,,https://www.citizen.org/wp-content/uploads/2026-0009QN-Nigeria-Health-12.19.2025.pdf
Nigeria,Surveillance & outbreak response,2029,USG,4171000,USD,Line item,Surveillance & Outbreak Response,,https://www.citizen.org/wp-content/uploads/2026-0009QN-Nigeria-Health-12.19.2025.pdf
Nigeria,Surveillance & outbreak response,2030,USG,4171000,USD,Line item,Surveillance & Outbreak Response,,https://www.citizen.org/wp-content/uploads/2026-0009QN-Nigeria-Health-12.19.2025.pdf
Nigeria,Laboratory commodities,2026,USG,70312145,USD,Line item,Lab Commodities,"Printed total; sum of years = 201,239,017",https://www.citizen.org/wp-content/uploads/2026-0009QN-Nigeria-Health-12.19.2025.pdf
Nigeria,Laboratory commodities,2027,USG,57688940,USD,Line item,Lab Commodities,"Printed total; sum of years = 201,239,017",https://www.citizen.org/wp-content/uploads/2026-0009QN-Nigeria-Health-12.19.2025.pdf
Nigeria,Laboratory commodities,2028,USG,31611794,USD,Line item,Lab Commodities,"Printed total; sum of years = 201,239,017",https://www.citizen.org/wp-content/uploads/2026-0009QN-Nigeria-Health-12.19.2025.pdf
Nigeria,Laboratory commodities,2029,USG,21992148,USD,Line item,Lab Commodities,"Printed total; sum of years = 201,239,017",https://www.citizen.org/wp-content/uploads/2026-0009QN-Nigeria-Health-12.19.2025.pdf
Nigeria,Laboratory commodities,2030,USG,19633990,USD,Line item,Lab Commodities,"Printed total; sum of years = 201,239,017",https://www.citizen.org/wp-content/uploads/2026-0009QN-Nigeria-Health-12.19.2025.pdf
Nigeria,Frontline lab workers,2026,USG,4447069,USD,Line item,Frontline Lab Workers ($),2029 rise + 2030 $1.5M against 0 FTEs verified as printed - likely source error,https://www.citizen.org/wp-content/uploads/2026-0009QN-Nigeria-Health-12.19.2025.pdf
Nigeria,Frontline lab workers,2027,USG,2335302,USD,Line item,Frontline Lab Workers ($),2029 rise + 2030 $1.5M against 0 FTEs verified as printed - likely source error,https://www.citizen.org/wp-content/uploads/2026-0009QN-Nigeria-Health-12.19.2025.pdf
Nigeria,Frontline lab workers,2028,USG,1223535,USD,Line item,Frontline Lab Workers ($),2029 rise + 2030 $1.5M against 0 FTEs verified as printed - likely source error,https://www.citizen.org/wp-content/uploads/2026-0009QN-Nigeria-Health-12.19.2025.pdf
Nigeria,Frontline lab workers,2029,USG,1611768,USD,Line item,Frontline Lab Workers ($),2029 rise + 2030 $1.5M against 0 FTEs verified as printed - likely source error,https://www.citizen.org/wp-content/uploads/2026-0009QN-Nigeria-Health-12.19.2025.pdf
Nigeria,Frontline lab workers,2030,USG,1500000,USD,Line item,Frontline Lab Workers ($),2029 rise + 2030 $1.5M against 0 FTEs verified as printed - likely source error,https://www.citizen.org/wp-content/uploads/2026-0009QN-Nigeria-Health-12.19.2025.pdf
Nigeria,Other commodities,2026,USG,133188061,USD,Line item,Other Commodities,"PRINTED TOTAL HAS TYPO: true sum 442,142,452 (understated $9,998); verified at 400dpi",https://www.citizen.org/wp-content/uploads/2026-0009QN-Nigeria-Health-12.19.2025.pdf
Nigeria,Other commodities,2027,USG,88948866,USD,Line item,Other Commodities,"PRINTED TOTAL HAS TYPO: true sum 442,142,452 (understated $9,998); verified at 400dpi",https://www.citizen.org/wp-content/uploads/2026-0009QN-Nigeria-Health-12.19.2025.pdf
Nigeria,Other commodities,2028,USG,85038295,USD,Line item,Other Commodities,"PRINTED TOTAL HAS TYPO: true sum 442,142,452 (understated $9,998); verified at 400dpi",https://www.citizen.org/wp-content/uploads/2026-0009QN-Nigeria-Health-12.19.2025.pdf
Nigeria,Other commodities,2029,USG,84562080,USD,Line item,Other Commodities,"PRINTED TOTAL HAS TYPO: true sum 442,142,452 (understated $9,998); verified at 400dpi",https://www.citizen.org/wp-content/uploads/2026-0009QN-Nigeria-Health-12.19.2025.pdf
Nigeria,Other commodities,2030,USG,50405150,USD,Line item,Other Commodities,"PRINTED TOTAL HAS TYPO: true sum 442,142,452 (understated $9,998); verified at 400dpi",https://www.citizen.org/wp-content/uploads/2026-0009QN-Nigeria-Health-12.19.2025.pdf
Nigeria,Frontline healthcare workers,2026,USG,23600000,USD,Line item,Frontline Healthcare Workers ($),,https://www.citizen.org/wp-content/uploads/2026-0009QN-Nigeria-Health-12.19.2025.pdf
Nigeria,Frontline healthcare workers,2027,USG,12000000,USD,Line item,Frontline Healthcare Workers ($),,https://www.citizen.org/wp-content/uploads/2026-0009QN-Nigeria-Health-12.19.2025.pdf
Nigeria,Frontline healthcare workers,2028,USG,11800000,USD,Line item,Frontline Healthcare Workers ($),,https://www.citizen.org/wp-content/uploads/2026-0009QN-Nigeria-Health-12.19.2025.pdf
Nigeria,Frontline healthcare workers,2029,USG,5900000,USD,Line item,Frontline Healthcare Workers ($),,https://www.citizen.org/wp-content/uploads/2026-0009QN-Nigeria-Health-12.19.2025.pdf
Nigeria,Frontline healthcare workers,2030,USG,5700000,USD,Line item,Frontline Healthcare Workers ($),,https://www.citizen.org/wp-content/uploads/2026-0009QN-Nigeria-Health-12.19.2025.pdf
Nigeria,Data systems,2026,USG,60000000,USD,Line item,Data Systems,,https://www.citizen.org/wp-content/uploads/2026-0009QN-Nigeria-Health-12.19.2025.pdf
Nigeria,Data systems,2027,USG,49000000,USD,Line item,Data Systems,,https://www.citizen.org/wp-content/uploads/2026-0009QN-Nigeria-Health-12.19.2025.pdf
Nigeria,Data systems,2028,USG,42000000,USD,Line item,Data Systems,,https://www.citizen.org/wp-content/uploads/2026-0009QN-Nigeria-Health-12.19.2025.pdf
Nigeria,Data systems,2029,USG,23000000,USD,Line item,Data Systems,,https://www.citizen.org/wp-content/uploads/2026-0009QN-Nigeria-Health-12.19.2025.pdf
Nigeria,Data systems,2030,USG,22000000,USD,Line item,Data Systems,,https://www.citizen.org/wp-content/uploads/2026-0009QN-Nigeria-Health-12.19.2025.pdf
Nigeria,Strategic assistance / investment,2026,USG,205000925,USD,Line item,Strategic Investment,,https://www.citizen.org/wp-content/uploads/2026-0009QN-Nigeria-Health-12.19.2025.pdf
Nigeria,Strategic assistance / investment,2027,USG,241446632,USD,Line item,Strategic Investment,,https://www.citizen.org/wp-content/uploads/2026-0009QN-Nigeria-Health-12.19.2025.pdf
Nigeria,Strategic assistance / investment,2028,USG,226166116,USD,Line item,Strategic Investment,,https://www.citizen.org/wp-content/uploads/2026-0009QN-Nigeria-Health-12.19.2025.pdf
Nigeria,Strategic assistance / investment,2029,USG,217120144,USD,Line item,Strategic Investment,,https://www.citizen.org/wp-content/uploads/2026-0009QN-Nigeria-Health-12.19.2025.pdf
Nigeria,Strategic assistance / investment,2030,USG,133442600,USD,Line item,Strategic Investment,,https://www.citizen.org/wp-content/uploads/2026-0009QN-Nigeria-Health-12.19.2025.pdf
Nigeria,Management & operations,2026,USG,500719200,USD,Total / subtotal,TOTAL USG programmatic (excl. M&O),All year columns reconcile exactly,https://www.citizen.org/wp-content/uploads/2026-0009QN-Nigeria-Health-12.19.2025.pdf
Nigeria,Management & operations,2027,USG,455590740,USD,Total / subtotal,TOTAL USG programmatic (excl. M&O),All year columns reconcile exactly,https://www.citizen.org/wp-content/uploads/2026-0009QN-Nigeria-Health-12.19.2025.pdf
Nigeria,Management & operations,2028,USG,402010740,USD,Total / subtotal,TOTAL USG programmatic (excl. M&O),All year columns reconcile exactly,https://www.citizen.org/wp-content/uploads/2026-0009QN-Nigeria-Health-12.19.2025.pdf
Nigeria,Management & operations,2029,USG,358357140,USD,Total / subtotal,TOTAL USG programmatic (excl. M&O),All year columns reconcile exactly,https://www.citizen.org/wp-content/uploads/2026-0009QN-Nigeria-Health-12.19.2025.pdf
Nigeria,Management & operations,2030,USG,236852740,USD,Total / subtotal,TOTAL USG programmatic (excl. M&O),All year columns reconcile exactly,https://www.citizen.org/wp-content/uploads/2026-0009QN-Nigeria-Health-12.19.2025.pdf
Nigeria,Frontline lab workers,2026,USG,1198,FTEs,Line item,Frontline Lab Workers (# FTEs),"Sec 2.2.3 shows different series 1,937/1,453/969/484/0 - unreconciled in source",https://www.citizen.org/wp-content/uploads/2026-0009QN-Nigeria-Health-12.19.2025.pdf
Nigeria,Frontline lab workers,2027,USG,898,FTEs,Line item,Frontline Lab Workers (# FTEs),"Sec 2.2.3 shows different series 1,937/1,453/969/484/0 - unreconciled in source",https://www.citizen.org/wp-content/uploads/2026-0009QN-Nigeria-Health-12.19.2025.pdf
Nigeria,Frontline lab workers,2028,USG,599,FTEs,Line item,Frontline Lab Workers (# FTEs),"Sec 2.2.3 shows different series 1,937/1,453/969/484/0 - unreconciled in source",https://www.citizen.org/wp-content/uploads/2026-0009QN-Nigeria-Health-12.19.2025.pdf
Nigeria,Frontline lab workers,2029,USG,299,FTEs,Line item,Frontline Lab Workers (# FTEs),"Sec 2.2.3 shows different series 1,937/1,453/969/484/0 - unreconciled in source",https://www.citizen.org/wp-content/uploads/2026-0009QN-Nigeria-Health-12.19.2025.pdf
Nigeria,Frontline lab workers,2030,USG,0,FTEs,Line item,Frontline Lab Workers (# FTEs),"Sec 2.2.3 shows different series 1,937/1,453/969/484/0 - unreconciled in source",https://www.citizen.org/wp-content/uploads/2026-0009QN-Nigeria-Health-12.19.2025.pdf
Nigeria,Frontline healthcare workers,2026,USG,22867,FTEs,Line item,Frontline Healthcare Workers (# FTEs),"Sec 2.4.3 shows 25,696/...; App.3 cadres sum 23,759 - unreconciled in source",https://www.citizen.org/wp-content/uploads/2026-0009QN-Nigeria-Health-12.19.2025.pdf
Nigeria,Frontline healthcare workers,2027,USG,17150,FTEs,Line item,Frontline Healthcare Workers (# FTEs),"Sec 2.4.3 shows 25,696/...; App.3 cadres sum 23,759 - unreconciled in source",https://www.citizen.org/wp-content/uploads/2026-0009QN-Nigeria-Health-12.19.2025.pdf
Nigeria,Frontline healthcare workers,2028,USG,11433,FTEs,Line item,Frontline Healthcare Workers (# FTEs),"Sec 2.4.3 shows 25,696/...; App.3 cadres sum 23,759 - unreconciled in source",https://www.citizen.org/wp-content/uploads/2026-0009QN-Nigeria-Health-12.19.2025.pdf
Nigeria,Frontline healthcare workers,2029,USG,5717,FTEs,Line item,Frontline Healthcare Workers (# FTEs),"Sec 2.4.3 shows 25,696/...; App.3 cadres sum 23,759 - unreconciled in source",https://www.citizen.org/wp-content/uploads/2026-0009QN-Nigeria-Health-12.19.2025.pdf
Nigeria,Frontline healthcare workers,2030,USG,0,FTEs,Line item,Frontline Healthcare Workers (# FTEs),"Sec 2.4.3 shows 25,696/...; App.3 cadres sum 23,759 - unreconciled in source",https://www.citizen.org/wp-content/uploads/2026-0009QN-Nigeria-Health-12.19.2025.pdf
Nigeria,Laboratory commodities,2026,USG,49820490,USD,Appendix detail (do not sum),App.2 2026: Lab Commodity HIV/TB/OHS/RTK,,https://www.citizen.org/wp-content/uploads/2026-0009QN-Nigeria-Health-12.19.2025.pdf
Nigeria,Laboratory commodities,2026,USG,14638788,USD,Appendix detail (do not sum),App.2 2026: Lab Commodity IP-procured consumables,,https://www.citizen.org/wp-content/uploads/2026-0009QN-Nigeria-Health-12.19.2025.pdf
Nigeria,Laboratory commodities,2026,USG,5852867,USD,Appendix detail (do not sum),App.2 2026: Lab Commodity Malaria,,https://www.citizen.org/wp-content/uploads/2026-0009QN-Nigeria-Health-12.19.2025.pdf
Nigeria,Other commodities,2026,USG,62838947,USD,Appendix detail (do not sum),App.2 2026: Other Commodity HIV/TB,,https://www.citizen.org/wp-content/uploads/2026-0009QN-Nigeria-Health-12.19.2025.pdf
Nigeria,Other commodities,2026,USG,67054949,USD,Appendix detail (do not sum),App.2 2026: Other Commodity Malaria,,https://www.citizen.org/wp-content/uploads/2026-0009QN-Nigeria-Health-12.19.2025.pdf
Nigeria,Other commodities,2026,USG,3294165,USD,Appendix detail (do not sum),App.2 2026: Other Commodity MNCH,,https://www.citizen.org/wp-content/uploads/2026-0009QN-Nigeria-Health-12.19.2025.pdf
Nigeria,Surveillance & outbreak response,2026,Government,27586207,USD,Line item,Surveillance & Biosecurity,,https://www.citizen.org/wp-content/uploads/2026-0009QN-Nigeria-Health-12.19.2025.pdf
Nigeria,Surveillance & outbreak response,2027,Government,37598179,USD,Line item,Surveillance & Biosecurity,,https://www.citizen.org/wp-content/uploads/2026-0009QN-Nigeria-Health-12.19.2025.pdf
Nigeria,Surveillance & outbreak response,2028,Government,47610152,USD,Line item,Surveillance & Biosecurity,,https://www.citizen.org/wp-content/uploads/2026-0009QN-Nigeria-Health-12.19.2025.pdf
Nigeria,Surveillance & outbreak response,2029,Government,57622124,USD,Line item,Surveillance & Biosecurity,,https://www.citizen.org/wp-content/uploads/2026-0009QN-Nigeria-Health-12.19.2025.pdf
Nigeria,Surveillance & outbreak response,2030,Government,67634097,USD,Line item,Surveillance & Biosecurity,,https://www.citizen.org/wp-content/uploads/2026-0009QN-Nigeria-Health-12.19.2025.pdf
Nigeria,Laboratory systems,2026,Government,24137931,USD,Line item,Laboratory Systems,,https://www.citizen.org/wp-content/uploads/2026-0009QN-Nigeria-Health-12.19.2025.pdf
Nigeria,Laboratory systems,2027,Government,32898407,USD,Line item,Laboratory Systems,,https://www.citizen.org/wp-content/uploads/2026-0009QN-Nigeria-Health-12.19.2025.pdf
Nigeria,Laboratory systems,2028,Government,41658883,USD,Line item,Laboratory Systems,,https://www.citizen.org/wp-content/uploads/2026-0009QN-Nigeria-Health-12.19.2025.pdf
Nigeria,Laboratory systems,2029,Government,50419359,USD,Line item,Laboratory Systems,,https://www.citizen.org/wp-content/uploads/2026-0009QN-Nigeria-Health-12.19.2025.pdf
Nigeria,Laboratory systems,2030,Government,59179834,USD,Line item,Laboratory Systems,,https://www.citizen.org/wp-content/uploads/2026-0009QN-Nigeria-Health-12.19.2025.pdf
Nigeria,Other commodities,2026,Government,59310345,USD,Line item,Commodities,,https://www.citizen.org/wp-content/uploads/2026-0009QN-Nigeria-Health-12.19.2025.pdf
Nigeria,Other commodities,2027,Government,80836086,USD,Line item,Commodities,,https://www.citizen.org/wp-content/uploads/2026-0009QN-Nigeria-Health-12.19.2025.pdf
Nigeria,Other commodities,2028,Government,102361826,USD,Line item,Commodities,,https://www.citizen.org/wp-content/uploads/2026-0009QN-Nigeria-Health-12.19.2025.pdf
Nigeria,Other commodities,2029,Government,123887567,USD,Line item,Commodities,,https://www.citizen.org/wp-content/uploads/2026-0009QN-Nigeria-Health-12.19.2025.pdf
Nigeria,Other commodities,2030,Government,145413308,USD,Line item,Commodities,,https://www.citizen.org/wp-content/uploads/2026-0009QN-Nigeria-Health-12.19.2025.pdf
Nigeria,Frontline healthcare workers,2026,Government,32758621,USD,Line item,HRH: Frontline Health Workers,,https://www.citizen.org/wp-content/uploads/2026-0009QN-Nigeria-Health-12.19.2025.pdf
Nigeria,Frontline healthcare workers,2027,Government,44647838,USD,Line item,HRH: Frontline Health Workers,,https://www.citizen.org/wp-content/uploads/2026-0009QN-Nigeria-Health-12.19.2025.pdf
Nigeria,Frontline healthcare workers,2028,Government,56537055,USD,Line item,HRH: Frontline Health Workers,,https://www.citizen.org/wp-content/uploads/2026-0009QN-Nigeria-Health-12.19.2025.pdf
Nigeria,Frontline healthcare workers,2029,Government,68426272,USD,Line item,HRH: Frontline Health Workers,,https://www.citizen.org/wp-content/uploads/2026-0009QN-Nigeria-Health-12.19.2025.pdf
Nigeria,Frontline healthcare workers,2030,Government,80315490,USD,Line item,HRH: Frontline Health Workers,,https://www.citizen.org/wp-content/uploads/2026-0009QN-Nigeria-Health-12.19.2025.pdf
Nigeria,Frontline lab workers,2026,Government,1724138,USD,Line item,HRH: Laboratory Workers,,https://www.citizen.org/wp-content/uploads/2026-0009QN-Nigeria-Health-12.19.2025.pdf
Nigeria,Frontline lab workers,2027,Government,2349886,USD,Line item,HRH: Laboratory Workers,,https://www.citizen.org/wp-content/uploads/2026-0009QN-Nigeria-Health-12.19.2025.pdf
Nigeria,Frontline lab workers,2028,Government,2975634,USD,Line item,HRH: Laboratory Workers,,https://www.citizen.org/wp-content/uploads/2026-0009QN-Nigeria-Health-12.19.2025.pdf
Nigeria,Frontline lab workers,2029,Government,3601383,USD,Line item,HRH: Laboratory Workers,,https://www.citizen.org/wp-content/uploads/2026-0009QN-Nigeria-Health-12.19.2025.pdf
Nigeria,Frontline lab workers,2030,Government,4227131,USD,Line item,HRH: Laboratory Workers,,https://www.citizen.org/wp-content/uploads/2026-0009QN-Nigeria-Health-12.19.2025.pdf
Nigeria,Data systems,2026,Government,13793103,USD,Line item,Digitization & Data Systems,,https://www.citizen.org/wp-content/uploads/2026-0009QN-Nigeria-Health-12.19.2025.pdf
Nigeria,Data systems,2027,Government,18799090,USD,Line item,Digitization & Data Systems,,https://www.citizen.org/wp-content/uploads/2026-0009QN-Nigeria-Health-12.19.2025.pdf
Nigeria,Data systems,2028,Government,23805076,USD,Line item,Digitization & Data Systems,,https://www.citizen.org/wp-content/uploads/2026-0009QN-Nigeria-Health-12.19.2025.pdf
Nigeria,Data systems,2029,Government,28811062,USD,Line item,Digitization & Data Systems,,https://www.citizen.org/wp-content/uploads/2026-0009QN-Nigeria-Health-12.19.2025.pdf
Nigeria,Data systems,2030,Government,33817048,USD,Line item,Digitization & Data Systems,,https://www.citizen.org/wp-content/uploads/2026-0009QN-Nigeria-Health-12.19.2025.pdf
Nigeria,Strategic assistance / investment,2026,Government,185517241,USD,Line item,Strategic Investments,,https://www.citizen.org/wp-content/uploads/2026-0009QN-Nigeria-Health-12.19.2025.pdf
Nigeria,Strategic assistance / investment,2027,Government,252847756,USD,Line item,Strategic Investments,,https://www.citizen.org/wp-content/uploads/2026-0009QN-Nigeria-Health-12.19.2025.pdf
Nigeria,Strategic assistance / investment,2028,Government,320178270,USD,Line item,Strategic Investments,,https://www.citizen.org/wp-content/uploads/2026-0009QN-Nigeria-Health-12.19.2025.pdf
Nigeria,Strategic assistance / investment,2029,Government,387508785,USD,Line item,Strategic Investments,,https://www.citizen.org/wp-content/uploads/2026-0009QN-Nigeria-Health-12.19.2025.pdf
Nigeria,Strategic assistance / investment,2030,Government,454839299,USD,Line item,Strategic Investments,,https://www.citizen.org/wp-content/uploads/2026-0009QN-Nigeria-Health-12.19.2025.pdf
Nigeria,TOTAL,2026,Government,344827586,USD,Total / subtotal,TOTAL GoN Commitment,"Printed grand total; years sum to 2,975,634,483 ($16 rounding gap)",https://www.citizen.org/wp-content/uploads/2026-0009QN-Nigeria-Health-12.19.2025.pdf
Nigeria,TOTAL,2027,Government,469977241,USD,Total / subtotal,TOTAL GoN Commitment,"Printed grand total; years sum to 2,975,634,483 ($16 rounding gap)",https://www.citizen.org/wp-content/uploads/2026-0009QN-Nigeria-Health-12.19.2025.pdf
Nigeria,TOTAL,2028,Government,595126897,USD,Total / subtotal,TOTAL GoN Commitment,"Printed grand total; years sum to 2,975,634,483 ($16 rounding gap)",https://www.citizen.org/wp-content/uploads/2026-0009QN-Nigeria-Health-12.19.2025.pdf
Nigeria,TOTAL,2029,Government,720276552,USD,Total / subtotal,TOTAL GoN Commitment,"Printed grand total; years sum to 2,975,634,483 ($16 rounding gap)",https://www.citizen.org/wp-content/uploads/2026-0009QN-Nigeria-Health-12.19.2025.pdf
Nigeria,TOTAL,2030,Government,845426207,USD,Total / subtotal,TOTAL GoN Commitment,"Printed grand total; years sum to 2,975,634,483 ($16 rounding gap)",https://www.citizen.org/wp-content/uploads/2026-0009QN-Nigeria-Health-12.19.2025.pdf
Ethiopia,Surveillance & outbreak response,2026,USG,7512850,USD,Line item,Surveillance & Outbreak Response,,https://www.citizen.org/wp-content/uploads/2026-0004QN-Ethiopia-Health-12.23.2025.pdf
Ethiopia,Surveillance & outbreak response,2027,USG,7418368,USD,Line item,Surveillance & Outbreak Response,,https://www.citizen.org/wp-content/uploads/2026-0004QN-Ethiopia-Health-12.23.2025.pdf
Ethiopia,Surveillance & outbreak response,2028,USG,6759200,USD,Line item,Surveillance & Outbreak Response,,https://www.citizen.org/wp-content/uploads/2026-0004QN-Ethiopia-Health-12.23.2025.pdf
Ethiopia,Surveillance & outbreak response,2029,USG,6205861,USD,Line item,Surveillance & Outbreak Response,,https://www.citizen.org/wp-content/uploads/2026-0004QN-Ethiopia-Health-12.23.2025.pdf
Ethiopia,Surveillance & outbreak response,2030,USG,5055669,USD,Line item,Surveillance & Outbreak Response,,https://www.citizen.org/wp-content/uploads/2026-0004QN-Ethiopia-Health-12.23.2025.pdf
Ethiopia,Laboratory commodities,2026,USG,12556597,USD,Line item,Lab Commodities,,https://www.citizen.org/wp-content/uploads/2026-0004QN-Ethiopia-Health-12.23.2025.pdf
Ethiopia,Laboratory commodities,2027,USG,9417448,USD,Line item,Lab Commodities,,https://www.citizen.org/wp-content/uploads/2026-0004QN-Ethiopia-Health-12.23.2025.pdf
Ethiopia,Laboratory commodities,2028,USG,6278299,USD,Line item,Lab Commodities,,https://www.citizen.org/wp-content/uploads/2026-0004QN-Ethiopia-Health-12.23.2025.pdf
Ethiopia,Laboratory commodities,2029,USG,3139149,USD,Line item,Lab Commodities,,https://www.citizen.org/wp-content/uploads/2026-0004QN-Ethiopia-Health-12.23.2025.pdf
Ethiopia,Laboratory commodities,2030,USG,0,USD,Line item,Lab Commodities,,https://www.citizen.org/wp-content/uploads/2026-0004QN-Ethiopia-Health-12.23.2025.pdf
Ethiopia,Laboratory systems,2026,USG,2475240,USD,Line item,Lab Systems,,https://www.citizen.org/wp-content/uploads/2026-0004QN-Ethiopia-Health-12.23.2025.pdf
Ethiopia,Laboratory systems,2027,USG,1856430,USD,Line item,Lab Systems,,https://www.citizen.org/wp-content/uploads/2026-0004QN-Ethiopia-Health-12.23.2025.pdf
Ethiopia,Laboratory systems,2028,USG,1237620,USD,Line item,Lab Systems,,https://www.citizen.org/wp-content/uploads/2026-0004QN-Ethiopia-Health-12.23.2025.pdf
Ethiopia,Laboratory systems,2029,USG,618810,USD,Line item,Lab Systems,,https://www.citizen.org/wp-content/uploads/2026-0004QN-Ethiopia-Health-12.23.2025.pdf
Ethiopia,Laboratory systems,2030,USG,0,USD,Line item,Lab Systems,,https://www.citizen.org/wp-content/uploads/2026-0004QN-Ethiopia-Health-12.23.2025.pdf
Ethiopia,Frontline lab workers,2026,USG,433565,USD,Line item,Frontline Lab Workers ($),,https://www.citizen.org/wp-content/uploads/2026-0004QN-Ethiopia-Health-12.23.2025.pdf
Ethiopia,Frontline lab workers,2027,USG,323802,USD,Line item,Frontline Lab Workers ($),,https://www.citizen.org/wp-content/uploads/2026-0004QN-Ethiopia-Health-12.23.2025.pdf
Ethiopia,Frontline lab workers,2028,USG,219527,USD,Line item,Frontline Lab Workers ($),,https://www.citizen.org/wp-content/uploads/2026-0004QN-Ethiopia-Health-12.23.2025.pdf
Ethiopia,Frontline lab workers,2029,USG,109763,USD,Line item,Frontline Lab Workers ($),,https://www.citizen.org/wp-content/uploads/2026-0004QN-Ethiopia-Health-12.23.2025.pdf
Ethiopia,Frontline lab workers,2030,USG,0,USD,Line item,Frontline Lab Workers ($),,https://www.citizen.org/wp-content/uploads/2026-0004QN-Ethiopia-Health-12.23.2025.pdf
Ethiopia,Frontline lab workers,2026,USG,79,FTEs,Line item,Frontline Lab Workers (# FTEs),,https://www.citizen.org/wp-content/uploads/2026-0004QN-Ethiopia-Health-12.23.2025.pdf
Ethiopia,Frontline lab workers,2027,USG,59,FTEs,Line item,Frontline Lab Workers (# FTEs),,https://www.citizen.org/wp-content/uploads/2026-0004QN-Ethiopia-Health-12.23.2025.pdf
Ethiopia,Frontline lab workers,2028,USG,39,FTEs,Line item,Frontline Lab Workers (# FTEs),,https://www.citizen.org/wp-content/uploads/2026-0004QN-Ethiopia-Health-12.23.2025.pdf
Ethiopia,Frontline lab workers,2029,USG,20,FTEs,Line item,Frontline Lab Workers (# FTEs),,https://www.citizen.org/wp-content/uploads/2026-0004QN-Ethiopia-Health-12.23.2025.pdf
Ethiopia,Frontline lab workers,2030,USG,0,FTEs,Line item,Frontline Lab Workers (# FTEs),,https://www.citizen.org/wp-content/uploads/2026-0004QN-Ethiopia-Health-12.23.2025.pdf
Ethiopia,Other commodities,2026,USG,28504110,USD,Line item,Other Commodities,"App.2 2027 misprinted as 28,504,110; Sec 2.3.3 gives 21,378,082",https://www.citizen.org/wp-content/uploads/2026-0004QN-Ethiopia-Health-12.23.2025.pdf
Ethiopia,Other commodities,2027,USG,28504110,USD,Line item,Other Commodities,"App.2 2027 misprinted as 28,504,110; Sec 2.3.3 gives 21,378,082",https://www.citizen.org/wp-content/uploads/2026-0004QN-Ethiopia-Health-12.23.2025.pdf
Ethiopia,Other commodities,2028,USG,14252055,USD,Line item,Other Commodities,"App.2 2027 misprinted as 28,504,110; Sec 2.3.3 gives 21,378,082",https://www.citizen.org/wp-content/uploads/2026-0004QN-Ethiopia-Health-12.23.2025.pdf
Ethiopia,Other commodities,2029,USG,7126027,USD,Line item,Other Commodities,"App.2 2027 misprinted as 28,504,110; Sec 2.3.3 gives 21,378,082",https://www.citizen.org/wp-content/uploads/2026-0004QN-Ethiopia-Health-12.23.2025.pdf
Ethiopia,Other commodities,2030,USG,0,USD,Line item,Other Commodities,"App.2 2027 misprinted as 28,504,110; Sec 2.3.3 gives 21,378,082",https://www.citizen.org/wp-content/uploads/2026-0004QN-Ethiopia-Health-12.23.2025.pdf
Ethiopia,Frontline healthcare workers,2026,USG,14173411,USD,Line item,Frontline Healthcare Workers ($),,https://www.citizen.org/wp-content/uploads/2026-0004QN-Ethiopia-Health-12.23.2025.pdf
Ethiopia,Frontline healthcare workers,2027,USG,10629621,USD,Line item,Frontline Healthcare Workers ($),,https://www.citizen.org/wp-content/uploads/2026-0004QN-Ethiopia-Health-12.23.2025.pdf
Ethiopia,Frontline healthcare workers,2028,USG,7087580,USD,Line item,Frontline Healthcare Workers ($),,https://www.citizen.org/wp-content/uploads/2026-0004QN-Ethiopia-Health-12.23.2025.pdf
Ethiopia,Frontline healthcare workers,2029,USG,3543790,USD,Line item,Frontline Healthcare Workers ($),,https://www.citizen.org/wp-content/uploads/2026-0004QN-Ethiopia-Health-12.23.2025.pdf
Ethiopia,Frontline healthcare workers,2030,USG,0,USD,Line item,Frontline Healthcare Workers ($),,https://www.citizen.org/wp-content/uploads/2026-0004QN-Ethiopia-Health-12.23.2025.pdf
Ethiopia,Frontline healthcare workers,2026,USG,8107,FTEs,Line item,Frontline Healthcare Workers (# FTEs),,https://www.citizen.org/wp-content/uploads/2026-0004QN-Ethiopia-Health-12.23.2025.pdf
Ethiopia,Frontline healthcare workers,2027,USG,6080,FTEs,Line item,Frontline Healthcare Workers (# FTEs),,https://www.citizen.org/wp-content/uploads/2026-0004QN-Ethiopia-Health-12.23.2025.pdf
Ethiopia,Frontline healthcare workers,2028,USG,4054,FTEs,Line item,Frontline Healthcare Workers (# FTEs),,https://www.citizen.org/wp-content/uploads/2026-0004QN-Ethiopia-Health-12.23.2025.pdf
Ethiopia,Frontline healthcare workers,2029,USG,2027,FTEs,Line item,Frontline Healthcare Workers (# FTEs),,https://www.citizen.org/wp-content/uploads/2026-0004QN-Ethiopia-Health-12.23.2025.pdf
Ethiopia,Frontline healthcare workers,2030,USG,0,FTEs,Line item,Frontline Healthcare Workers (# FTEs),,https://www.citizen.org/wp-content/uploads/2026-0004QN-Ethiopia-Health-12.23.2025.pdf
Ethiopia,Data systems,2026,USG,6283383,USD,Line item,Data Systems,,https://www.citizen.org/wp-content/uploads/2026-0004QN-Ethiopia-Health-12.23.2025.pdf
Ethiopia,Data systems,2027,USG,5026706,USD,Line item,Data Systems,,https://www.citizen.org/wp-content/uploads/2026-0004QN-Ethiopia-Health-12.23.2025.pdf
Ethiopia,Data systems,2028,USG,3770030,USD,Line item,Data Systems,,https://www.citizen.org/wp-content/uploads/2026-0004QN-Ethiopia-Health-12.23.2025.pdf
Ethiopia,Data systems,2029,USG,2513353,USD,Line item,Data Systems,,https://www.citizen.org/wp-content/uploads/2026-0004QN-Ethiopia-Health-12.23.2025.pdf
Ethiopia,Data systems,2030,USG,1256677,USD,Line item,Data Systems,,https://www.citizen.org/wp-content/uploads/2026-0004QN-Ethiopia-Health-12.23.2025.pdf
Ethiopia,Strategic assistance / investment,2026,USG,117060845,USD,Line item,Strategic Assistance,Residual bucket - all costs not in other sections,https://www.citizen.org/wp-content/uploads/2026-0004QN-Ethiopia-Health-12.23.2025.pdf
Ethiopia,Strategic assistance / investment,2027,USG,176947735,USD,Line item,Strategic Assistance,Residual bucket - all costs not in other sections,https://www.citizen.org/wp-content/uploads/2026-0004QN-Ethiopia-Health-12.23.2025.pdf
Ethiopia,Strategic assistance / investment,2028,USG,192399309,USD,Line item,Strategic Assistance,Residual bucket - all costs not in other sections,https://www.citizen.org/wp-content/uploads/2026-0004QN-Ethiopia-Health-12.23.2025.pdf
Ethiopia,Strategic assistance / investment,2029,USG,151745056,USD,Line item,Strategic Assistance,Residual bucket - all costs not in other sections,https://www.citizen.org/wp-content/uploads/2026-0004QN-Ethiopia-Health-12.23.2025.pdf
Ethiopia,Strategic assistance / investment,2030,USG,119727654,USD,Line item,Strategic Assistance,Residual bucket - all costs not in other sections,https://www.citizen.org/wp-content/uploads/2026-0004QN-Ethiopia-Health-12.23.2025.pdf
Ethiopia,TOTAL,2026,USG,189000001,USD,Total / subtotal,Category table TOTAL (as printed),"Gap vs summary (~$53.8M) = 6% USG M&O carve-out (Sec 6.8), not a missing row",https://www.citizen.org/wp-content/uploads/2026-0004QN-Ethiopia-Health-12.23.2025.pdf
Ethiopia,TOTAL,2027,USG,240124220,USD,Total / subtotal,Category table TOTAL (as printed),"Gap vs summary (~$53.8M) = 6% USG M&O carve-out (Sec 6.8), not a missing row",https://www.citizen.org/wp-content/uploads/2026-0004QN-Ethiopia-Health-12.23.2025.pdf
Ethiopia,TOTAL,2028,USG,232003620,USD,Total / subtotal,Category table TOTAL (as printed),"Gap vs summary (~$53.8M) = 6% USG M&O carve-out (Sec 6.8), not a missing row",https://www.citizen.org/wp-content/uploads/2026-0004QN-Ethiopia-Health-12.23.2025.pdf
Ethiopia,TOTAL,2029,USG,175001809,USD,Total / subtotal,Category table TOTAL (as printed),"Gap vs summary (~$53.8M) = 6% USG M&O carve-out (Sec 6.8), not a missing row",https://www.citizen.org/wp-content/uploads/2026-0004QN-Ethiopia-Health-12.23.2025.pdf
Ethiopia,TOTAL,2030,USG,126040000,USD,Total / subtotal,Category table TOTAL (as printed),"Gap vs summary (~$53.8M) = 6% USG M&O carve-out (Sec 6.8), not a missing row",https://www.citizen.org/wp-content/uploads/2026-0004QN-Ethiopia-Health-12.23.2025.pdf
Ethiopia,TOTAL,2026,USG,204000000,USD,Total / subtotal,Summary-table USG TOTAL (top line),,https://www.citizen.org/wp-content/uploads/2026-0004QN-Ethiopia-Health-12.23.2025.pdf
Ethiopia,TOTAL,2027,USG,247000000,USD,Total / subtotal,Summary-table USG TOTAL (top line),,https://www.citizen.org/wp-content/uploads/2026-0004QN-Ethiopia-Health-12.23.2025.pdf
Ethiopia,TOTAL,2028,USG,244000000,USD,Total / subtotal,Summary-table USG TOTAL (top line),,https://www.citizen.org/wp-content/uploads/2026-0004QN-Ethiopia-Health-12.23.2025.pdf
Ethiopia,TOTAL,2029,USG,185000000,USD,Total / subtotal,Summary-table USG TOTAL (top line),,https://www.citizen.org/wp-content/uploads/2026-0004QN-Ethiopia-Health-12.23.2025.pdf
Ethiopia,TOTAL,2030,USG,136000000,USD,Total / subtotal,Summary-table USG TOTAL (top line),,https://www.citizen.org/wp-content/uploads/2026-0004QN-Ethiopia-Health-12.23.2025.pdf
Ethiopia,Laboratory commodities,2026,USG,10727716,USD,Appendix detail (do not sum),App.3 2026 lab detail: HIV,,https://www.citizen.org/wp-content/uploads/2026-0004QN-Ethiopia-Health-12.23.2025.pdf
Ethiopia,Laboratory commodities,2026,USG,1238341,USD,Appendix detail (do not sum),App.3 2026 lab detail: TB,,https://www.citizen.org/wp-content/uploads/2026-0004QN-Ethiopia-Health-12.23.2025.pdf
Ethiopia,Laboratory commodities,2026,USG,400000,USD,Appendix detail (do not sum),App.3 2026 lab detail: Malaria,,https://www.citizen.org/wp-content/uploads/2026-0004QN-Ethiopia-Health-12.23.2025.pdf
Ethiopia,Laboratory commodities,2026,USG,190540,USD,Appendix detail (do not sum),App.3 2026 lab detail: GHS,,https://www.citizen.org/wp-content/uploads/2026-0004QN-Ethiopia-Health-12.23.2025.pdf
Ethiopia,Other commodities,2026,USG,1685065,USD,Appendix detail (do not sum),App.3 2026 commodity detail: HIV,,https://www.citizen.org/wp-content/uploads/2026-0004QN-Ethiopia-Health-12.23.2025.pdf
Ethiopia,Other commodities,2026,USG,2960000,USD,Appendix detail (do not sum),App.3 2026 commodity detail: TB,,https://www.citizen.org/wp-content/uploads/2026-0004QN-Ethiopia-Health-12.23.2025.pdf
Ethiopia,Other commodities,2026,USG,16671422,USD,Appendix detail (do not sum),App.3 2026 commodity detail: Malaria,,https://www.citizen.org/wp-content/uploads/2026-0004QN-Ethiopia-Health-12.23.2025.pdf
Ethiopia,Other commodities,2026,USG,7187623,USD,Appendix detail (do not sum),App.3 2026 commodity detail: MCH,,https://www.citizen.org/wp-content/uploads/2026-0004QN-Ethiopia-Health-12.23.2025.pdf
Ethiopia,Laboratory commodities,2026,Government,0,USD,Line item,NEW Ethiopia: Lab Commodities,,https://www.citizen.org/wp-content/uploads/2026-0004QN-Ethiopia-Health-12.23.2025.pdf
Ethiopia,Laboratory commodities,2027,Government,3139149,USD,Line item,NEW Ethiopia: Lab Commodities,,https://www.citizen.org/wp-content/uploads/2026-0004QN-Ethiopia-Health-12.23.2025.pdf
Ethiopia,Laboratory commodities,2028,Government,6278298,USD,Line item,NEW Ethiopia: Lab Commodities,,https://www.citizen.org/wp-content/uploads/2026-0004QN-Ethiopia-Health-12.23.2025.pdf
Ethiopia,Laboratory commodities,2029,Government,9417448,USD,Line item,NEW Ethiopia: Lab Commodities,,https://www.citizen.org/wp-content/uploads/2026-0004QN-Ethiopia-Health-12.23.2025.pdf
Ethiopia,Laboratory commodities,2030,Government,12556597,USD,Line item,NEW Ethiopia: Lab Commodities,,https://www.citizen.org/wp-content/uploads/2026-0004QN-Ethiopia-Health-12.23.2025.pdf
Ethiopia,Laboratory systems,2026,Government,0,USD,Line item,NEW Ethiopia: Lab Systems,,https://www.citizen.org/wp-content/uploads/2026-0004QN-Ethiopia-Health-12.23.2025.pdf
Ethiopia,Laboratory systems,2027,Government,618810,USD,Line item,NEW Ethiopia: Lab Systems,,https://www.citizen.org/wp-content/uploads/2026-0004QN-Ethiopia-Health-12.23.2025.pdf
Ethiopia,Laboratory systems,2028,Government,1237620,USD,Line item,NEW Ethiopia: Lab Systems,,https://www.citizen.org/wp-content/uploads/2026-0004QN-Ethiopia-Health-12.23.2025.pdf
Ethiopia,Laboratory systems,2029,Government,1856430,USD,Line item,NEW Ethiopia: Lab Systems,,https://www.citizen.org/wp-content/uploads/2026-0004QN-Ethiopia-Health-12.23.2025.pdf
Ethiopia,Laboratory systems,2030,Government,2475240,USD,Line item,NEW Ethiopia: Lab Systems,,https://www.citizen.org/wp-content/uploads/2026-0004QN-Ethiopia-Health-12.23.2025.pdf
Ethiopia,Frontline lab workers,2026,Government,0,FTEs,Line item,NEW Ethiopia: Frontline Lab Workers (FTEs),,https://www.citizen.org/wp-content/uploads/2026-0004QN-Ethiopia-Health-12.23.2025.pdf
Ethiopia,Frontline lab workers,2027,Government,20,FTEs,Line item,NEW Ethiopia: Frontline Lab Workers (FTEs),,https://www.citizen.org/wp-content/uploads/2026-0004QN-Ethiopia-Health-12.23.2025.pdf
Ethiopia,Frontline lab workers,2028,Government,39,FTEs,Line item,NEW Ethiopia: Frontline Lab Workers (FTEs),,https://www.citizen.org/wp-content/uploads/2026-0004QN-Ethiopia-Health-12.23.2025.pdf
Ethiopia,Frontline lab workers,2029,Government,59,FTEs,Line item,NEW Ethiopia: Frontline Lab Workers (FTEs),,https://www.citizen.org/wp-content/uploads/2026-0004QN-Ethiopia-Health-12.23.2025.pdf
Ethiopia,Frontline lab workers,2030,Government,79,FTEs,Line item,NEW Ethiopia: Frontline Lab Workers (FTEs),,https://www.citizen.org/wp-content/uploads/2026-0004QN-Ethiopia-Health-12.23.2025.pdf
Ethiopia,Other commodities,2026,Government,0,USD,Line item,NEW Ethiopia: Other Commodities,,https://www.citizen.org/wp-content/uploads/2026-0004QN-Ethiopia-Health-12.23.2025.pdf
Ethiopia,Other commodities,2027,Government,7126027,USD,Line item,NEW Ethiopia: Other Commodities,,https://www.citizen.org/wp-content/uploads/2026-0004QN-Ethiopia-Health-12.23.2025.pdf
Ethiopia,Other commodities,2028,Government,14252055,USD,Line item,NEW Ethiopia: Other Commodities,,https://www.citizen.org/wp-content/uploads/2026-0004QN-Ethiopia-Health-12.23.2025.pdf
Ethiopia,Other commodities,2029,Government,21378082,USD,Line item,NEW Ethiopia: Other Commodities,,https://www.citizen.org/wp-content/uploads/2026-0004QN-Ethiopia-Health-12.23.2025.pdf
Ethiopia,Other commodities,2030,Government,28504110,USD,Line item,NEW Ethiopia: Other Commodities,,https://www.citizen.org/wp-content/uploads/2026-0004QN-Ethiopia-Health-12.23.2025.pdf
Ethiopia,Frontline healthcare workers,2026,Government,0,USD,Line item,NEW Ethiopia: Frontline Healthcare Workers,,https://www.citizen.org/wp-content/uploads/2026-0004QN-Ethiopia-Health-12.23.2025.pdf
Ethiopia,Frontline healthcare workers,2027,Government,3543790,USD,Line item,NEW Ethiopia: Frontline Healthcare Workers,,https://www.citizen.org/wp-content/uploads/2026-0004QN-Ethiopia-Health-12.23.2025.pdf
Ethiopia,Frontline healthcare workers,2028,Government,7087580,USD,Line item,NEW Ethiopia: Frontline Healthcare Workers,,https://www.citizen.org/wp-content/uploads/2026-0004QN-Ethiopia-Health-12.23.2025.pdf
Ethiopia,Frontline healthcare workers,2029,Government,10629621,USD,Line item,NEW Ethiopia: Frontline Healthcare Workers,,https://www.citizen.org/wp-content/uploads/2026-0004QN-Ethiopia-Health-12.23.2025.pdf
Ethiopia,Frontline healthcare workers,2030,Government,14173411,USD,Line item,NEW Ethiopia: Frontline Healthcare Workers,,https://www.citizen.org/wp-content/uploads/2026-0004QN-Ethiopia-Health-12.23.2025.pdf
Ethiopia,TOTAL,2026,Government,0,USD,Total / subtotal,NEW Ethiopia: category-table TOTAL,Covers only transition categories,https://www.citizen.org/wp-content/uploads/2026-0004QN-Ethiopia-Health-12.23.2025.pdf
Ethiopia,TOTAL,2027,Government,14427776,USD,Total / subtotal,NEW Ethiopia: category-table TOTAL,Covers only transition categories,https://www.citizen.org/wp-content/uploads/2026-0004QN-Ethiopia-Health-12.23.2025.pdf
Ethiopia,TOTAL,2028,Government,28855553,USD,Total / subtotal,NEW Ethiopia: category-table TOTAL,Covers only transition categories,https://www.citizen.org/wp-content/uploads/2026-0004QN-Ethiopia-Health-12.23.2025.pdf
Ethiopia,TOTAL,2029,Government,43281581,USD,Total / subtotal,NEW Ethiopia: category-table TOTAL,Covers only transition categories,https://www.citizen.org/wp-content/uploads/2026-0004QN-Ethiopia-Health-12.23.2025.pdf
Ethiopia,TOTAL,2030,Government,57709358,USD,Total / subtotal,NEW Ethiopia: category-table TOTAL,Covers only transition categories,https://www.citizen.org/wp-content/uploads/2026-0004QN-Ethiopia-Health-12.23.2025.pdf
Ethiopia,Domestic health expenditure increase,2026,Government,25000000,USD,Alternative measure (do not sum),Increase in domestic govt health expenditure vs 2025 baseline (summary table),Broader measure (all domestic health spend increase); 1:1 penalty if missed,https://www.citizen.org/wp-content/uploads/2026-0004QN-Ethiopia-Health-12.23.2025.pdf
Ethiopia,Domestic health expenditure increase,2027,Government,37500000,USD,Alternative measure (do not sum),Increase in domestic govt health expenditure vs 2025 baseline (summary table),Broader measure (all domestic health spend increase); 1:1 penalty if missed,https://www.citizen.org/wp-content/uploads/2026-0004QN-Ethiopia-Health-12.23.2025.pdf
Ethiopia,Domestic health expenditure increase,2028,Government,120500000,USD,Alternative measure (do not sum),Increase in domestic govt health expenditure vs 2025 baseline (summary table),Broader measure (all domestic health spend increase); 1:1 penalty if missed,https://www.citizen.org/wp-content/uploads/2026-0004QN-Ethiopia-Health-12.23.2025.pdf
Ethiopia,Domestic health expenditure increase,2029,Government,128000000,USD,Alternative measure (do not sum),Increase in domestic govt health expenditure vs 2025 baseline (summary table),Broader measure (all domestic health spend increase); 1:1 penalty if missed,https://www.citizen.org/wp-content/uploads/2026-0004QN-Ethiopia-Health-12.23.2025.pdf
Ethiopia,Domestic health expenditure increase,2030,Government,139000000,USD,Alternative measure (do not sum),Increase in domestic govt health expenditure vs 2025 baseline (summary table),Broader measure (all domestic health spend increase); 1:1 penalty if missed,https://www.citizen.org/wp-content/uploads/2026-0004QN-Ethiopia-Health-12.23.2025.pdf
Rwanda,Surveillance & outbreak response,2026,USG,2462640,USD,Line item,Surveillance & Outbreak Response,,https://www.citizen.org/wp-content/uploads/Rwanda_Us_Afghs_Mou.pdf
Rwanda,Surveillance & outbreak response,2027,USG,4462640,USD,Line item,Surveillance & Outbreak Response,,https://www.citizen.org/wp-content/uploads/Rwanda_Us_Afghs_Mou.pdf
Rwanda,Surveillance & outbreak response,2028,USG,3462640,USD,Line item,Surveillance & Outbreak Response,,https://www.citizen.org/wp-content/uploads/Rwanda_Us_Afghs_Mou.pdf
Rwanda,Surveillance & outbreak response,2029,USG,3462640,USD,Line item,Surveillance & Outbreak Response,,https://www.citizen.org/wp-content/uploads/Rwanda_Us_Afghs_Mou.pdf
Rwanda,Surveillance & outbreak response,2030,USG,3462640,USD,Line item,Surveillance & Outbreak Response,,https://www.citizen.org/wp-content/uploads/Rwanda_Us_Afghs_Mou.pdf
Rwanda,Surveillance & outbreak response,2026,USG,0,USD,Line item,Surveillance Malaria,Distinct App.1 line with no matching Section-2 funding table,https://www.citizen.org/wp-content/uploads/Rwanda_Us_Afghs_Mou.pdf
Rwanda,Surveillance & outbreak response,2027,USG,2330000,USD,Line item,Surveillance Malaria,Distinct App.1 line with no matching Section-2 funding table,https://www.citizen.org/wp-content/uploads/Rwanda_Us_Afghs_Mou.pdf
Rwanda,Surveillance & outbreak response,2028,USG,1336000,USD,Line item,Surveillance Malaria,Distinct App.1 line with no matching Section-2 funding table,https://www.citizen.org/wp-content/uploads/Rwanda_Us_Afghs_Mou.pdf
Rwanda,Surveillance & outbreak response,2029,USG,0,USD,Line item,Surveillance Malaria,Distinct App.1 line with no matching Section-2 funding table,https://www.citizen.org/wp-content/uploads/Rwanda_Us_Afghs_Mou.pdf
Rwanda,Surveillance & outbreak response,2030,USG,0,USD,Line item,Surveillance Malaria,Distinct App.1 line with no matching Section-2 funding table,https://www.citizen.org/wp-content/uploads/Rwanda_Us_Afghs_Mou.pdf
Rwanda,Laboratory commodities,2026,USG,560525,USD,Line item,Lab Commodities,,https://www.citizen.org/wp-content/uploads/Rwanda_Us_Afghs_Mou.pdf
Rwanda,Laboratory commodities,2027,USG,1121049,USD,Line item,Lab Commodities,,https://www.citizen.org/wp-content/uploads/Rwanda_Us_Afghs_Mou.pdf
Rwanda,Laboratory commodities,2028,USG,560525,USD,Line item,Lab Commodities,,https://www.citizen.org/wp-content/uploads/Rwanda_Us_Afghs_Mou.pdf
Rwanda,Laboratory commodities,2029,USG,0,USD,Line item,Lab Commodities,,https://www.citizen.org/wp-content/uploads/Rwanda_Us_Afghs_Mou.pdf
Rwanda,Laboratory commodities,2030,USG,0,USD,Line item,Lab Commodities,,https://www.citizen.org/wp-content/uploads/Rwanda_Us_Afghs_Mou.pdf
Rwanda,Frontline lab workers,2026,USG,780319,USD,Line item,Frontline Lab Workers ($),Dollar figures appear only in App.1; Sec 2.2.3 gives FTEs only,https://www.citizen.org/wp-content/uploads/Rwanda_Us_Afghs_Mou.pdf
Rwanda,Frontline lab workers,2027,USG,1560637,USD,Line item,Frontline Lab Workers ($),Dollar figures appear only in App.1; Sec 2.2.3 gives FTEs only,https://www.citizen.org/wp-content/uploads/Rwanda_Us_Afghs_Mou.pdf
Rwanda,Frontline lab workers,2028,USG,1248510,USD,Line item,Frontline Lab Workers ($),Dollar figures appear only in App.1; Sec 2.2.3 gives FTEs only,https://www.citizen.org/wp-content/uploads/Rwanda_Us_Afghs_Mou.pdf
Rwanda,Frontline lab workers,2029,USG,115000,USD,Line item,Frontline Lab Workers ($),Dollar figures appear only in App.1; Sec 2.2.3 gives FTEs only,https://www.citizen.org/wp-content/uploads/Rwanda_Us_Afghs_Mou.pdf
Rwanda,Frontline lab workers,2030,USG,0,USD,Line item,Frontline Lab Workers ($),Dollar figures appear only in App.1; Sec 2.2.3 gives FTEs only,https://www.citizen.org/wp-content/uploads/Rwanda_Us_Afghs_Mou.pdf
Rwanda,Frontline lab workers,2026,USG,289,FTEs,Line item,Frontline Lab Workers (# FTEs),,https://www.citizen.org/wp-content/uploads/Rwanda_Us_Afghs_Mou.pdf
Rwanda,Frontline lab workers,2027,USG,289,FTEs,Line item,Frontline Lab Workers (# FTEs),,https://www.citizen.org/wp-content/uploads/Rwanda_Us_Afghs_Mou.pdf
Rwanda,Frontline lab workers,2028,USG,12,FTEs,Line item,Frontline Lab Workers (# FTEs),,https://www.citizen.org/wp-content/uploads/Rwanda_Us_Afghs_Mou.pdf
Rwanda,Frontline lab workers,2029,USG,12,FTEs,Line item,Frontline Lab Workers (# FTEs),,https://www.citizen.org/wp-content/uploads/Rwanda_Us_Afghs_Mou.pdf
Rwanda,Frontline lab workers,2030,USG,12,FTEs,Line item,Frontline Lab Workers (# FTEs),,https://www.citizen.org/wp-content/uploads/Rwanda_Us_Afghs_Mou.pdf
Rwanda,Other commodities,2026,USG,5735645,USD,Line item,Other Commodities,,https://www.citizen.org/wp-content/uploads/Rwanda_Us_Afghs_Mou.pdf
Rwanda,Other commodities,2027,USG,17537289,USD,Line item,Other Commodities,,https://www.citizen.org/wp-content/uploads/Rwanda_Us_Afghs_Mou.pdf
Rwanda,Other commodities,2028,USG,16925289,USD,Line item,Other Commodities,,https://www.citizen.org/wp-content/uploads/Rwanda_Us_Afghs_Mou.pdf
Rwanda,Other commodities,2029,USG,4957200,USD,Line item,Other Commodities,,https://www.citizen.org/wp-content/uploads/Rwanda_Us_Afghs_Mou.pdf
Rwanda,Other commodities,2030,USG,0,USD,Line item,Other Commodities,,https://www.citizen.org/wp-content/uploads/Rwanda_Us_Afghs_Mou.pdf
Rwanda,Frontline healthcare workers,2026,USG,4272578,USD,Line item,Frontline Healthcare Workers ($),Dollar figures appear only in App.1; Sec 2.4.3 gives FTEs only,https://www.citizen.org/wp-content/uploads/Rwanda_Us_Afghs_Mou.pdf
Rwanda,Frontline healthcare workers,2027,USG,6836124,USD,Line item,Frontline Healthcare Workers ($),Dollar figures appear only in App.1; Sec 2.4.3 gives FTEs only,https://www.citizen.org/wp-content/uploads/Rwanda_Us_Afghs_Mou.pdf
Rwanda,Frontline healthcare workers,2028,USG,5468899,USD,Line item,Frontline Healthcare Workers ($),Dollar figures appear only in App.1; Sec 2.4.3 gives FTEs only,https://www.citizen.org/wp-content/uploads/Rwanda_Us_Afghs_Mou.pdf
Rwanda,Frontline healthcare workers,2029,USG,230000,USD,Line item,Frontline Healthcare Workers ($),Dollar figures appear only in App.1; Sec 2.4.3 gives FTEs only,https://www.citizen.org/wp-content/uploads/Rwanda_Us_Afghs_Mou.pdf
Rwanda,Frontline healthcare workers,2030,USG,0,USD,Line item,Frontline Healthcare Workers ($),Dollar figures appear only in App.1; Sec 2.4.3 gives FTEs only,https://www.citizen.org/wp-content/uploads/Rwanda_Us_Afghs_Mou.pdf
Rwanda,Frontline healthcare workers,2026,USG,2734,FTEs,Line item,Frontline Healthcare Workers (# FTEs),,https://www.citizen.org/wp-content/uploads/Rwanda_Us_Afghs_Mou.pdf
Rwanda,Frontline healthcare workers,2027,USG,2187,FTEs,Line item,Frontline Healthcare Workers (# FTEs),,https://www.citizen.org/wp-content/uploads/Rwanda_Us_Afghs_Mou.pdf
Rwanda,Frontline healthcare workers,2028,USG,1640,FTEs,Line item,Frontline Healthcare Workers (# FTEs),,https://www.citizen.org/wp-content/uploads/Rwanda_Us_Afghs_Mou.pdf
Rwanda,Frontline healthcare workers,2029,USG,24,FTEs,Line item,Frontline Healthcare Workers (# FTEs),,https://www.citizen.org/wp-content/uploads/Rwanda_Us_Afghs_Mou.pdf
Rwanda,Frontline healthcare workers,2030,USG,24,FTEs,Line item,Frontline Healthcare Workers (# FTEs),,https://www.citizen.org/wp-content/uploads/Rwanda_Us_Afghs_Mou.pdf
Rwanda,Data systems,2026,USG,1352974,USD,Line item,Data Systems,"Total 2026 digital support is $4,027,316 across accounts (Sec 2.5.3 note)",https://www.citizen.org/wp-content/uploads/Rwanda_Us_Afghs_Mou.pdf
Rwanda,Data systems,2027,USG,3600000,USD,Line item,Data Systems,"Total 2026 digital support is $4,027,316 across accounts (Sec 2.5.3 note)",https://www.citizen.org/wp-content/uploads/Rwanda_Us_Afghs_Mou.pdf
Rwanda,Data systems,2028,USG,0,USD,Line item,Data Systems,"Total 2026 digital support is $4,027,316 across accounts (Sec 2.5.3 note)",https://www.citizen.org/wp-content/uploads/Rwanda_Us_Afghs_Mou.pdf
Rwanda,Data systems,2029,USG,0,USD,Line item,Data Systems,"Total 2026 digital support is $4,027,316 across accounts (Sec 2.5.3 note)",https://www.citizen.org/wp-content/uploads/Rwanda_Us_Afghs_Mou.pdf
Rwanda,Data systems,2030,USG,0,USD,Line item,Data Systems,"Total 2026 digital support is $4,027,316 across accounts (Sec 2.5.3 note)",https://www.citizen.org/wp-content/uploads/Rwanda_Us_Afghs_Mou.pdf
Rwanda,Strategic assistance / investment,2026,USG,16522983,USD,Line item,Strategic Assistance,Assumes 6% M&O for USG operating costs,https://www.citizen.org/wp-content/uploads/Rwanda_Us_Afghs_Mou.pdf
Rwanda,Strategic assistance / investment,2027,USG,26627743,USD,Line item,Strategic Assistance,Assumes 6% M&O for USG operating costs,https://www.citizen.org/wp-content/uploads/Rwanda_Us_Afghs_Mou.pdf
Rwanda,Strategic assistance / investment,2028,USG,13657797,USD,Line item,Strategic Assistance,Assumes 6% M&O for USG operating costs,https://www.citizen.org/wp-content/uploads/Rwanda_Us_Afghs_Mou.pdf
Rwanda,Strategic assistance / investment,2029,USG,7036356,USD,Line item,Strategic Assistance,Assumes 6% M&O for USG operating costs,https://www.citizen.org/wp-content/uploads/Rwanda_Us_Afghs_Mou.pdf
Rwanda,Strategic assistance / investment,2030,USG,93360,USD,Line item,Strategic Assistance,Assumes 6% M&O for USG operating costs,https://www.citizen.org/wp-content/uploads/Rwanda_Us_Afghs_Mou.pdf
Rwanda,TOTAL,2026,USG,31687664,USD,Appendix detail (do not sum),App.1 detail-table TOTAL (as printed),"2027 & 2030 detail cells misprinted (63,075,482 vs 64,075,482; 4,556,000 vs 3,556,000); errors offset, grand total holds",https://www.citizen.org/wp-content/uploads/Rwanda_Us_Afghs_Mou.pdf
Rwanda,TOTAL,2027,USG,63075482,USD,Appendix detail (do not sum),App.1 detail-table TOTAL (as printed),"2027 & 2030 detail cells misprinted (63,075,482 vs 64,075,482; 4,556,000 vs 3,556,000); errors offset, grand total holds",https://www.citizen.org/wp-content/uploads/Rwanda_Us_Afghs_Mou.pdf
Rwanda,TOTAL,2028,USG,42659660,USD,Appendix detail (do not sum),App.1 detail-table TOTAL (as printed),"2027 & 2030 detail cells misprinted (63,075,482 vs 64,075,482; 4,556,000 vs 3,556,000); errors offset, grand total holds",https://www.citizen.org/wp-content/uploads/Rwanda_Us_Afghs_Mou.pdf
Rwanda,TOTAL,2029,USG,15801196,USD,Appendix detail (do not sum),App.1 detail-table TOTAL (as printed),"2027 & 2030 detail cells misprinted (63,075,482 vs 64,075,482; 4,556,000 vs 3,556,000); errors offset, grand total holds",https://www.citizen.org/wp-content/uploads/Rwanda_Us_Afghs_Mou.pdf
Rwanda,TOTAL,2030,USG,4556000,USD,Appendix detail (do not sum),App.1 detail-table TOTAL (as printed),"2027 & 2030 detail cells misprinted (63,075,482 vs 64,075,482; 4,556,000 vs 3,556,000); errors offset, grand total holds",https://www.citizen.org/wp-content/uploads/Rwanda_Us_Afghs_Mou.pdf
Rwanda,Laboratory commodities,2026,USG,10862,USD,Appendix detail (do not sum),App.2 2026 lab detail: EID Reagents & consumables,,https://www.citizen.org/wp-content/uploads/Rwanda_Us_Afghs_Mou.pdf
Rwanda,Laboratory commodities,2026,USG,860187,USD,Appendix detail (do not sum),App.2 2026 lab detail: VL Reagents & consumables,,https://www.citizen.org/wp-content/uploads/Rwanda_Us_Afghs_Mou.pdf
Rwanda,Laboratory commodities,2026,USG,250000,USD,Appendix detail (do not sum),App.2 2026 lab detail: GHS Lab Commodities,,https://www.citizen.org/wp-content/uploads/Rwanda_Us_Afghs_Mou.pdf
Rwanda,Other commodities,2026,USG,8496326,USD,Appendix detail (do not sum),App.2 2026 commodity detail: ARV Adult Treatment,,https://www.citizen.org/wp-content/uploads/Rwanda_Us_Afghs_Mou.pdf
Rwanda,Other commodities,2026,USG,273940,USD,Appendix detail (do not sum),App.2 2026 commodity detail: ARV Pediatric Treatment,,https://www.citizen.org/wp-content/uploads/Rwanda_Us_Afghs_Mou.pdf
Rwanda,Other commodities,2026,USG,410521,USD,Appendix detail (do not sum),App.2 2026 commodity detail: ARV PrEP,,https://www.citizen.org/wp-content/uploads/Rwanda_Us_Afghs_Mou.pdf
Rwanda,Other commodities,2026,USG,2290502,USD,Appendix detail (do not sum),App.2 2026 commodity detail: In-country Logistics,,https://www.citizen.org/wp-content/uploads/Rwanda_Us_Afghs_Mou.pdf
Rwanda,Laboratory commodities,2026,Government,0,USD,Line item,NEW GoR: Lab Commodities,,https://www.citizen.org/wp-content/uploads/Rwanda_Us_Afghs_Mou.pdf
Rwanda,Laboratory commodities,2027,Government,0,USD,Line item,NEW GoR: Lab Commodities,,https://www.citizen.org/wp-content/uploads/Rwanda_Us_Afghs_Mou.pdf
Rwanda,Laboratory commodities,2028,Government,560525,USD,Line item,NEW GoR: Lab Commodities,,https://www.citizen.org/wp-content/uploads/Rwanda_Us_Afghs_Mou.pdf
Rwanda,Laboratory commodities,2029,Government,1121049,USD,Line item,NEW GoR: Lab Commodities,,https://www.citizen.org/wp-content/uploads/Rwanda_Us_Afghs_Mou.pdf
Rwanda,Laboratory commodities,2030,Government,1121049,USD,Line item,NEW GoR: Lab Commodities,,https://www.citizen.org/wp-content/uploads/Rwanda_Us_Afghs_Mou.pdf
Rwanda,Other commodities,2026,Government,0,USD,Line item,NEW GoR: Other Commodities,,https://www.citizen.org/wp-content/uploads/Rwanda_Us_Afghs_Mou.pdf
Rwanda,Other commodities,2027,Government,0,USD,Line item,NEW GoR: Other Commodities,,https://www.citizen.org/wp-content/uploads/Rwanda_Us_Afghs_Mou.pdf
Rwanda,Other commodities,2028,Government,612000,USD,Line item,NEW GoR: Other Commodities,,https://www.citizen.org/wp-content/uploads/Rwanda_Us_Afghs_Mou.pdf
Rwanda,Other commodities,2029,Government,12641289,USD,Line item,NEW GoR: Other Commodities,,https://www.citizen.org/wp-content/uploads/Rwanda_Us_Afghs_Mou.pdf
Rwanda,Other commodities,2030,Government,17598489,USD,Line item,NEW GoR: Other Commodities,,https://www.citizen.org/wp-content/uploads/Rwanda_Us_Afghs_Mou.pdf
Rwanda,Frontline lab workers,2026,Government,0,FTEs,Line item,NEW GoR: Frontline Lab Workers (FTEs),App.1 shows 289 in 2030 but Sec 2.2.3 & narrative say 277 from 2027 - source inconsistency,https://www.citizen.org/wp-content/uploads/Rwanda_Us_Afghs_Mou.pdf
Rwanda,Frontline lab workers,2027,Government,277,FTEs,Line item,NEW GoR: Frontline Lab Workers (FTEs),App.1 shows 289 in 2030 but Sec 2.2.3 & narrative say 277 from 2027 - source inconsistency,https://www.citizen.org/wp-content/uploads/Rwanda_Us_Afghs_Mou.pdf
Rwanda,Frontline lab workers,2028,Government,277,FTEs,Line item,NEW GoR: Frontline Lab Workers (FTEs),App.1 shows 289 in 2030 but Sec 2.2.3 & narrative say 277 from 2027 - source inconsistency,https://www.citizen.org/wp-content/uploads/Rwanda_Us_Afghs_Mou.pdf
Rwanda,Frontline lab workers,2029,Government,277,FTEs,Line item,NEW GoR: Frontline Lab Workers (FTEs),App.1 shows 289 in 2030 but Sec 2.2.3 & narrative say 277 from 2027 - source inconsistency,https://www.citizen.org/wp-content/uploads/Rwanda_Us_Afghs_Mou.pdf
Rwanda,Frontline lab workers,2030,Government,289,FTEs,Line item,NEW GoR: Frontline Lab Workers (FTEs),App.1 shows 289 in 2030 but Sec 2.2.3 & narrative say 277 from 2027 - source inconsistency,https://www.citizen.org/wp-content/uploads/Rwanda_Us_Afghs_Mou.pdf
Rwanda,Frontline healthcare workers,2026,Government,0,FTEs,Line item,NEW GoR: Frontline Healthcare Workers (FTEs),,https://www.citizen.org/wp-content/uploads/Rwanda_Us_Afghs_Mou.pdf
Rwanda,Frontline healthcare workers,2027,Government,547,FTEs,Line item,NEW GoR: Frontline Healthcare Workers (FTEs),,https://www.citizen.org/wp-content/uploads/Rwanda_Us_Afghs_Mou.pdf
Rwanda,Frontline healthcare workers,2028,Government,1094,FTEs,Line item,NEW GoR: Frontline Healthcare Workers (FTEs),,https://www.citizen.org/wp-content/uploads/Rwanda_Us_Afghs_Mou.pdf
Rwanda,Frontline healthcare workers,2029,Government,2710,FTEs,Line item,NEW GoR: Frontline Healthcare Workers (FTEs),,https://www.citizen.org/wp-content/uploads/Rwanda_Us_Afghs_Mou.pdf
Rwanda,Frontline healthcare workers,2030,Government,2710,FTEs,Line item,NEW GoR: Frontline Healthcare Workers (FTEs),,https://www.citizen.org/wp-content/uploads/Rwanda_Us_Afghs_Mou.pdf
Rwanda,TOTAL,2026,Government,0,USD,Total / subtotal,TOTAL GoR co-financing (summary table),"Worker FTEs not monetized, so categories don't reconcile to totals",https://www.citizen.org/wp-content/uploads/Rwanda_Us_Afghs_Mou.pdf
Rwanda,TOTAL,2027,Government,2021158,USD,Total / subtotal,TOTAL GoR co-financing (summary table),"Worker FTEs not monetized, so categories don't reconcile to totals",https://www.citizen.org/wp-content/uploads/Rwanda_Us_Afghs_Mou.pdf
Rwanda,TOTAL,2028,Government,6600842,USD,Total / subtotal,TOTAL GoR co-financing (summary table),"Worker FTEs not monetized, so categories don't reconcile to totals",https://www.citizen.org/wp-content/uploads/Rwanda_Us_Afghs_Mou.pdf
Rwanda,TOTAL,2029,Government,25416130,USD,Total / subtotal,TOTAL GoR co-financing (summary table),"Worker FTEs not monetized, so categories don't reconcile to totals",https://www.citizen.org/wp-content/uploads/Rwanda_Us_Afghs_Mou.pdf
Rwanda,TOTAL,2030,Government,36565330,USD,Total / subtotal,TOTAL GoR co-financing (summary table),"Worker FTEs not monetized, so categories don't reconcile to totals",https://www.citizen.org/wp-content/uploads/Rwanda_Us_Afghs_Mou.pdf
Liberia,Surveillance & outbreak response,2026,USG,2519792,USD,Line item,Surveillance & Outbreak Response,"2029 dips to 1,519,792 (verified as printed)",https://healthpolicy-watch.news/wp-content/uploads/2025/12/US-Liberia-MOU-2025.pdf
Liberia,Surveillance & outbreak response,2027,USG,2519792,USD,Line item,Surveillance & Outbreak Response,"2029 dips to 1,519,792 (verified as printed)",https://healthpolicy-watch.news/wp-content/uploads/2025/12/US-Liberia-MOU-2025.pdf
Liberia,Surveillance & outbreak response,2028,USG,2519792,USD,Line item,Surveillance & Outbreak Response,"2029 dips to 1,519,792 (verified as printed)",https://healthpolicy-watch.news/wp-content/uploads/2025/12/US-Liberia-MOU-2025.pdf
Liberia,Surveillance & outbreak response,2029,USG,1519792,USD,Line item,Surveillance & Outbreak Response,"2029 dips to 1,519,792 (verified as printed)",https://healthpolicy-watch.news/wp-content/uploads/2025/12/US-Liberia-MOU-2025.pdf
Liberia,Surveillance & outbreak response,2030,USG,2519792,USD,Line item,Surveillance & Outbreak Response,"2029 dips to 1,519,792 (verified as printed)",https://healthpolicy-watch.news/wp-content/uploads/2025/12/US-Liberia-MOU-2025.pdf
Liberia,Laboratory commodities,2026,USG,5560194,USD,Line item,Lab Commodities,2030 doubles vs 2029 - contradicts stated 100%-Liberia-by-end policy,https://healthpolicy-watch.news/wp-content/uploads/2025/12/US-Liberia-MOU-2025.pdf
Liberia,Laboratory commodities,2027,USG,5985544,USD,Line item,Lab Commodities,2030 doubles vs 2029 - contradicts stated 100%-Liberia-by-end policy,https://healthpolicy-watch.news/wp-content/uploads/2025/12/US-Liberia-MOU-2025.pdf
Liberia,Laboratory commodities,2028,USG,5480294,USD,Line item,Lab Commodities,2030 doubles vs 2029 - contradicts stated 100%-Liberia-by-end policy,https://healthpolicy-watch.news/wp-content/uploads/2025/12/US-Liberia-MOU-2025.pdf
Liberia,Laboratory commodities,2029,USG,1366244,USD,Line item,Lab Commodities,2030 doubles vs 2029 - contradicts stated 100%-Liberia-by-end policy,https://healthpolicy-watch.news/wp-content/uploads/2025/12/US-Liberia-MOU-2025.pdf
Liberia,Laboratory commodities,2030,USG,2760400,USD,Line item,Lab Commodities,2030 doubles vs 2029 - contradicts stated 100%-Liberia-by-end policy,https://healthpolicy-watch.news/wp-content/uploads/2025/12/US-Liberia-MOU-2025.pdf
Liberia,Frontline lab workers,2026,USG,697200,USD,Line item,Frontline Lab Workers ($),,https://healthpolicy-watch.news/wp-content/uploads/2025/12/US-Liberia-MOU-2025.pdf
Liberia,Frontline lab workers,2027,USG,544800,USD,Line item,Frontline Lab Workers ($),,https://healthpolicy-watch.news/wp-content/uploads/2025/12/US-Liberia-MOU-2025.pdf
Liberia,Frontline lab workers,2028,USG,379800,USD,Line item,Frontline Lab Workers ($),,https://healthpolicy-watch.news/wp-content/uploads/2025/12/US-Liberia-MOU-2025.pdf
Liberia,Frontline lab workers,2029,USG,496800,USD,Line item,Frontline Lab Workers ($),,https://healthpolicy-watch.news/wp-content/uploads/2025/12/US-Liberia-MOU-2025.pdf
Liberia,Frontline lab workers,2030,USG,0,USD,Line item,Frontline Lab Workers ($),,https://healthpolicy-watch.news/wp-content/uploads/2025/12/US-Liberia-MOU-2025.pdf
Liberia,Frontline lab workers,2026,USG,342,FTEs,Line item,Frontline Lab Workers (# FTEs),,https://healthpolicy-watch.news/wp-content/uploads/2025/12/US-Liberia-MOU-2025.pdf
Liberia,Frontline lab workers,2027,USG,293,FTEs,Line item,Frontline Lab Workers (# FTEs),,https://healthpolicy-watch.news/wp-content/uploads/2025/12/US-Liberia-MOU-2025.pdf
Liberia,Frontline lab workers,2028,USG,223,FTEs,Line item,Frontline Lab Workers (# FTEs),,https://healthpolicy-watch.news/wp-content/uploads/2025/12/US-Liberia-MOU-2025.pdf
Liberia,Frontline lab workers,2029,USG,129,FTEs,Line item,Frontline Lab Workers (# FTEs),,https://healthpolicy-watch.news/wp-content/uploads/2025/12/US-Liberia-MOU-2025.pdf
Liberia,Frontline lab workers,2030,USG,0,FTEs,Line item,Frontline Lab Workers (# FTEs),,https://healthpolicy-watch.news/wp-content/uploads/2025/12/US-Liberia-MOU-2025.pdf
Liberia,Other commodities,2026,USG,10539600,USD,Line item,Other Commodities,,https://healthpolicy-watch.news/wp-content/uploads/2025/12/US-Liberia-MOU-2025.pdf
Liberia,Other commodities,2027,USG,8439600,USD,Line item,Other Commodities,,https://healthpolicy-watch.news/wp-content/uploads/2025/12/US-Liberia-MOU-2025.pdf
Liberia,Other commodities,2028,USG,7039600,USD,Line item,Other Commodities,,https://healthpolicy-watch.news/wp-content/uploads/2025/12/US-Liberia-MOU-2025.pdf
Liberia,Other commodities,2029,USG,5039600,USD,Line item,Other Commodities,,https://healthpolicy-watch.news/wp-content/uploads/2025/12/US-Liberia-MOU-2025.pdf
Liberia,Other commodities,2030,USG,539600,USD,Line item,Other Commodities,,https://healthpolicy-watch.news/wp-content/uploads/2025/12/US-Liberia-MOU-2025.pdf
Liberia,Frontline healthcare workers,2026,USG,1405536,USD,Line item,Frontline Healthcare Workers ($),,https://healthpolicy-watch.news/wp-content/uploads/2025/12/US-Liberia-MOU-2025.pdf
Liberia,Frontline healthcare workers,2027,USG,1008480,USD,Line item,Frontline Healthcare Workers ($),,https://healthpolicy-watch.news/wp-content/uploads/2025/12/US-Liberia-MOU-2025.pdf
Liberia,Frontline healthcare workers,2028,USG,784320,USD,Line item,Frontline Healthcare Workers ($),,https://healthpolicy-watch.news/wp-content/uploads/2025/12/US-Liberia-MOU-2025.pdf
Liberia,Frontline healthcare workers,2029,USG,392160,USD,Line item,Frontline Healthcare Workers ($),,https://healthpolicy-watch.news/wp-content/uploads/2025/12/US-Liberia-MOU-2025.pdf
Liberia,Frontline healthcare workers,2030,USG,0,USD,Line item,Frontline Healthcare Workers ($),,https://healthpolicy-watch.news/wp-content/uploads/2025/12/US-Liberia-MOU-2025.pdf
Liberia,Frontline healthcare workers,2026,USG,1851,FTEs,Line item,Frontline Healthcare Workers (# FTEs),,https://healthpolicy-watch.news/wp-content/uploads/2025/12/US-Liberia-MOU-2025.pdf
Liberia,Frontline healthcare workers,2027,USG,1248,FTEs,Line item,Frontline Healthcare Workers (# FTEs),,https://healthpolicy-watch.news/wp-content/uploads/2025/12/US-Liberia-MOU-2025.pdf
Liberia,Frontline healthcare workers,2028,USG,692,FTEs,Line item,Frontline Healthcare Workers (# FTEs),,https://healthpolicy-watch.news/wp-content/uploads/2025/12/US-Liberia-MOU-2025.pdf
Liberia,Frontline healthcare workers,2029,USG,342,FTEs,Line item,Frontline Healthcare Workers (# FTEs),,https://healthpolicy-watch.news/wp-content/uploads/2025/12/US-Liberia-MOU-2025.pdf
Liberia,Frontline healthcare workers,2030,USG,0,FTEs,Line item,Frontline Healthcare Workers (# FTEs),,https://healthpolicy-watch.news/wp-content/uploads/2025/12/US-Liberia-MOU-2025.pdf
Liberia,Data systems,2026,USG,8056796,USD,Line item,Data Systems,,https://healthpolicy-watch.news/wp-content/uploads/2025/12/US-Liberia-MOU-2025.pdf
Liberia,Data systems,2027,USG,6705396,USD,Line item,Data Systems,,https://healthpolicy-watch.news/wp-content/uploads/2025/12/US-Liberia-MOU-2025.pdf
Liberia,Data systems,2028,USG,6517396,USD,Line item,Data Systems,,https://healthpolicy-watch.news/wp-content/uploads/2025/12/US-Liberia-MOU-2025.pdf
Liberia,Data systems,2029,USG,2054096,USD,Line item,Data Systems,,https://healthpolicy-watch.news/wp-content/uploads/2025/12/US-Liberia-MOU-2025.pdf
Liberia,Data systems,2030,USG,2800000,USD,Line item,Data Systems,,https://healthpolicy-watch.news/wp-content/uploads/2025/12/US-Liberia-MOU-2025.pdf
Liberia,Technical assistance,2026,USG,2165948,USD,Line item,Technical Assistance,,https://healthpolicy-watch.news/wp-content/uploads/2025/12/US-Liberia-MOU-2025.pdf
Liberia,Technical assistance,2027,USG,3079898,USD,Line item,Technical Assistance,,https://healthpolicy-watch.news/wp-content/uploads/2025/12/US-Liberia-MOU-2025.pdf
Liberia,Technical assistance,2028,USG,2624198,USD,Line item,Technical Assistance,,https://healthpolicy-watch.news/wp-content/uploads/2025/12/US-Liberia-MOU-2025.pdf
Liberia,Technical assistance,2029,USG,1296788,USD,Line item,Technical Assistance,,https://healthpolicy-watch.news/wp-content/uploads/2025/12/US-Liberia-MOU-2025.pdf
Liberia,Technical assistance,2030,USG,1638688,USD,Line item,Technical Assistance,,https://healthpolicy-watch.news/wp-content/uploads/2025/12/US-Liberia-MOU-2025.pdf
Liberia,Strategic assistance / investment,2026,USG,5754414,USD,Line item,Strategic Investments (excl. GHS),,https://healthpolicy-watch.news/wp-content/uploads/2025/12/US-Liberia-MOU-2025.pdf
Liberia,Strategic assistance / investment,2027,USG,5501970,USD,Line item,Strategic Investments (excl. GHS),,https://healthpolicy-watch.news/wp-content/uploads/2025/12/US-Liberia-MOU-2025.pdf
Liberia,Strategic assistance / investment,2028,USG,5244080,USD,Line item,Strategic Investments (excl. GHS),,https://healthpolicy-watch.news/wp-content/uploads/2025/12/US-Liberia-MOU-2025.pdf
Liberia,Strategic assistance / investment,2029,USG,470000,USD,Line item,Strategic Investments (excl. GHS),,https://healthpolicy-watch.news/wp-content/uploads/2025/12/US-Liberia-MOU-2025.pdf
Liberia,Strategic assistance / investment,2030,USG,450000,USD,Line item,Strategic Investments (excl. GHS),,https://healthpolicy-watch.news/wp-content/uploads/2025/12/US-Liberia-MOU-2025.pdf
Liberia,Laboratory commodities,2026,USG,5560194,USD,Appendix detail (do not sum),App.2 2026: Assorted Lab Commodities,,https://healthpolicy-watch.news/wp-content/uploads/2025/12/US-Liberia-MOU-2025.pdf
Liberia,Other commodities,2026,USG,7946303,USD,Appendix detail (do not sum),App.2 2026: Malaria Commodities (treatment/diagnostics/prevention),,https://healthpolicy-watch.news/wp-content/uploads/2025/12/US-Liberia-MOU-2025.pdf
Liberia,Other commodities,2026,USG,268000,USD,Appendix detail (do not sum),App.2 2026: Maternal Child Health Commodities,,https://healthpolicy-watch.news/wp-content/uploads/2025/12/US-Liberia-MOU-2025.pdf
Liberia,Other commodities,2026,USG,2325297,USD,Appendix detail (do not sum),App.2 2026: Warehousing + ITN Distribution,,https://healthpolicy-watch.news/wp-content/uploads/2025/12/US-Liberia-MOU-2025.pdf
Liberia,Laboratory commodities,2026,Government,0,USD,Line item,NEW Liberia: Lab Commodities,,https://healthpolicy-watch.news/wp-content/uploads/2025/12/US-Liberia-MOU-2025.pdf
Liberia,Laboratory commodities,2027,Government,50000,USD,Line item,NEW Liberia: Lab Commodities,,https://healthpolicy-watch.news/wp-content/uploads/2025/12/US-Liberia-MOU-2025.pdf
Liberia,Laboratory commodities,2028,Government,100000,USD,Line item,NEW Liberia: Lab Commodities,,https://healthpolicy-watch.news/wp-content/uploads/2025/12/US-Liberia-MOU-2025.pdf
Liberia,Laboratory commodities,2029,Government,150000,USD,Line item,NEW Liberia: Lab Commodities,,https://healthpolicy-watch.news/wp-content/uploads/2025/12/US-Liberia-MOU-2025.pdf
Liberia,Laboratory commodities,2030,Government,200000,USD,Line item,NEW Liberia: Lab Commodities,,https://healthpolicy-watch.news/wp-content/uploads/2025/12/US-Liberia-MOU-2025.pdf
Liberia,Frontline lab workers,2026,Government,0,USD,Line item,NEW Liberia: Frontline Lab Workers ($),"2027 cell prints $1,341,984 (verified); makes detail table total $1,189,584 higher than summary",https://healthpolicy-watch.news/wp-content/uploads/2025/12/US-Liberia-MOU-2025.pdf
Liberia,Frontline lab workers,2027,Government,1341984,USD,Line item,NEW Liberia: Frontline Lab Workers ($),"2027 cell prints $1,341,984 (verified); makes detail table total $1,189,584 higher than summary",https://healthpolicy-watch.news/wp-content/uploads/2025/12/US-Liberia-MOU-2025.pdf
Liberia,Frontline lab workers,2028,Government,317400,USD,Line item,NEW Liberia: Frontline Lab Workers ($),"2027 cell prints $1,341,984 (verified); makes detail table total $1,189,584 higher than summary",https://healthpolicy-watch.news/wp-content/uploads/2025/12/US-Liberia-MOU-2025.pdf
Liberia,Frontline lab workers,2029,Government,496800,USD,Line item,NEW Liberia: Frontline Lab Workers ($),"2027 cell prints $1,341,984 (verified); makes detail table total $1,189,584 higher than summary",https://healthpolicy-watch.news/wp-content/uploads/2025/12/US-Liberia-MOU-2025.pdf
Liberia,Frontline lab workers,2030,Government,697200,USD,Line item,NEW Liberia: Frontline Lab Workers ($),"2027 cell prints $1,341,984 (verified); makes detail table total $1,189,584 higher than summary",https://healthpolicy-watch.news/wp-content/uploads/2025/12/US-Liberia-MOU-2025.pdf
Liberia,Other commodities,2026,Government,0,USD,Line item,NEW Liberia: Other Commodities,,https://healthpolicy-watch.news/wp-content/uploads/2025/12/US-Liberia-MOU-2025.pdf
Liberia,Other commodities,2027,Government,2100000,USD,Line item,NEW Liberia: Other Commodities,,https://healthpolicy-watch.news/wp-content/uploads/2025/12/US-Liberia-MOU-2025.pdf
Liberia,Other commodities,2028,Government,3500000,USD,Line item,NEW Liberia: Other Commodities,,https://healthpolicy-watch.news/wp-content/uploads/2025/12/US-Liberia-MOU-2025.pdf
Liberia,Other commodities,2029,Government,5500000,USD,Line item,NEW Liberia: Other Commodities,,https://healthpolicy-watch.news/wp-content/uploads/2025/12/US-Liberia-MOU-2025.pdf
Liberia,Other commodities,2030,Government,10000000,USD,Line item,NEW Liberia: Other Commodities,,https://healthpolicy-watch.news/wp-content/uploads/2025/12/US-Liberia-MOU-2025.pdf
Liberia,Frontline healthcare workers,2026,Government,1189584,USD,Line item,NEW Liberia: Frontline Healthcare Workers ($),,https://healthpolicy-watch.news/wp-content/uploads/2025/12/US-Liberia-MOU-2025.pdf
Liberia,Frontline healthcare workers,2027,Government,3394320,USD,Line item,NEW Liberia: Frontline Healthcare Workers ($),,https://healthpolicy-watch.news/wp-content/uploads/2025/12/US-Liberia-MOU-2025.pdf
Liberia,Frontline healthcare workers,2028,Government,5426160,USD,Line item,NEW Liberia: Frontline Healthcare Workers ($),,https://healthpolicy-watch.news/wp-content/uploads/2025/12/US-Liberia-MOU-2025.pdf
Liberia,Frontline healthcare workers,2029,Government,7626000,USD,Line item,NEW Liberia: Frontline Healthcare Workers ($),,https://healthpolicy-watch.news/wp-content/uploads/2025/12/US-Liberia-MOU-2025.pdf
Liberia,Frontline healthcare workers,2030,Government,9825840,USD,Line item,NEW Liberia: Frontline Healthcare Workers ($),,https://healthpolicy-watch.news/wp-content/uploads/2025/12/US-Liberia-MOU-2025.pdf
Liberia,Frontline lab workers,2026,Government,0,FTEs,Line item,NEW Liberia: Frontline Lab Workers (FTEs),,https://healthpolicy-watch.news/wp-content/uploads/2025/12/US-Liberia-MOU-2025.pdf
Liberia,Frontline lab workers,2027,Government,49,FTEs,Line item,NEW Liberia: Frontline Lab Workers (FTEs),,https://healthpolicy-watch.news/wp-content/uploads/2025/12/US-Liberia-MOU-2025.pdf
Liberia,Frontline lab workers,2028,Government,119,FTEs,Line item,NEW Liberia: Frontline Lab Workers (FTEs),,https://healthpolicy-watch.news/wp-content/uploads/2025/12/US-Liberia-MOU-2025.pdf
Liberia,Frontline lab workers,2029,Government,213,FTEs,Line item,NEW Liberia: Frontline Lab Workers (FTEs),,https://healthpolicy-watch.news/wp-content/uploads/2025/12/US-Liberia-MOU-2025.pdf
Liberia,Frontline lab workers,2030,Government,342,FTEs,Line item,NEW Liberia: Frontline Lab Workers (FTEs),,https://healthpolicy-watch.news/wp-content/uploads/2025/12/US-Liberia-MOU-2025.pdf
Liberia,Frontline healthcare workers,2026,Government,33,FTEs,Line item,NEW Liberia: Frontline Healthcare Workers (FTEs),,https://healthpolicy-watch.news/wp-content/uploads/2025/12/US-Liberia-MOU-2025.pdf
Liberia,Frontline healthcare workers,2027,Government,706,FTEs,Line item,NEW Liberia: Frontline Healthcare Workers (FTEs),,https://healthpolicy-watch.news/wp-content/uploads/2025/12/US-Liberia-MOU-2025.pdf
Liberia,Frontline healthcare workers,2028,Government,1332,FTEs,Line item,NEW Liberia: Frontline Healthcare Workers (FTEs),,https://healthpolicy-watch.news/wp-content/uploads/2025/12/US-Liberia-MOU-2025.pdf
Liberia,Frontline healthcare workers,2029,Government,1748,FTEs,Line item,NEW Liberia: Frontline Healthcare Workers (FTEs),,https://healthpolicy-watch.news/wp-content/uploads/2025/12/US-Liberia-MOU-2025.pdf
Liberia,Frontline healthcare workers,2030,Government,2164,FTEs,Line item,NEW Liberia: Frontline Healthcare Workers (FTEs),,https://healthpolicy-watch.news/wp-content/uploads/2025/12/US-Liberia-MOU-2025.pdf
Liberia,Laboratory commodities,2026,Government,1620000,USD,Line item - existing (excl. from headline total),EXISTING Liberia: Lab Commodities,Not counted in App.1 Liberia total,https://healthpolicy-watch.news/wp-content/uploads/2025/12/US-Liberia-MOU-2025.pdf
Liberia,Laboratory commodities,2027,Government,1620000,USD,Line item - existing (excl. from headline total),EXISTING Liberia: Lab Commodities,Not counted in App.1 Liberia total,https://healthpolicy-watch.news/wp-content/uploads/2025/12/US-Liberia-MOU-2025.pdf
Liberia,Laboratory commodities,2028,Government,1620000,USD,Line item - existing (excl. from headline total),EXISTING Liberia: Lab Commodities,Not counted in App.1 Liberia total,https://healthpolicy-watch.news/wp-content/uploads/2025/12/US-Liberia-MOU-2025.pdf
Liberia,Laboratory commodities,2029,Government,1620000,USD,Line item - existing (excl. from headline total),EXISTING Liberia: Lab Commodities,Not counted in App.1 Liberia total,https://healthpolicy-watch.news/wp-content/uploads/2025/12/US-Liberia-MOU-2025.pdf
Liberia,Laboratory commodities,2030,Government,1620000,USD,Line item - existing (excl. from headline total),EXISTING Liberia: Lab Commodities,Not counted in App.1 Liberia total,https://healthpolicy-watch.news/wp-content/uploads/2025/12/US-Liberia-MOU-2025.pdf
Liberia,Other commodities,2026,Government,6302000,USD,Line item - existing (excl. from headline total),EXISTING Liberia: Other Commodities,Not counted in App.1 Liberia total,https://healthpolicy-watch.news/wp-content/uploads/2025/12/US-Liberia-MOU-2025.pdf
Liberia,Other commodities,2027,Government,6302000,USD,Line item - existing (excl. from headline total),EXISTING Liberia: Other Commodities,Not counted in App.1 Liberia total,https://healthpolicy-watch.news/wp-content/uploads/2025/12/US-Liberia-MOU-2025.pdf
Liberia,Other commodities,2028,Government,6302000,USD,Line item - existing (excl. from headline total),EXISTING Liberia: Other Commodities,Not counted in App.1 Liberia total,https://healthpolicy-watch.news/wp-content/uploads/2025/12/US-Liberia-MOU-2025.pdf
Liberia,Other commodities,2029,Government,6302000,USD,Line item - existing (excl. from headline total),EXISTING Liberia: Other Commodities,Not counted in App.1 Liberia total,https://healthpolicy-watch.news/wp-content/uploads/2025/12/US-Liberia-MOU-2025.pdf
Liberia,Other commodities,2030,Government,6302000,USD,Line item - existing (excl. from headline total),EXISTING Liberia: Other Commodities,Not counted in App.1 Liberia total,https://healthpolicy-watch.news/wp-content/uploads/2025/12/US-Liberia-MOU-2025.pdf
Liberia,TOTAL,2026,Government,1189584,USD,Total / subtotal,TOTAL Liberia co-financing (summary table),,https://healthpolicy-watch.news/wp-content/uploads/2025/12/US-Liberia-MOU-2025.pdf
Liberia,TOTAL,2027,Government,5696720,USD,Total / subtotal,TOTAL Liberia co-financing (summary table),,https://healthpolicy-watch.news/wp-content/uploads/2025/12/US-Liberia-MOU-2025.pdf
Liberia,TOTAL,2028,Government,9343560,USD,Total / subtotal,TOTAL Liberia co-financing (summary table),,https://healthpolicy-watch.news/wp-content/uploads/2025/12/US-Liberia-MOU-2025.pdf
Liberia,TOTAL,2029,Government,13772800,USD,Total / subtotal,TOTAL Liberia co-financing (summary table),,https://healthpolicy-watch.news/wp-content/uploads/2025/12/US-Liberia-MOU-2025.pdf
Liberia,TOTAL,2030,Government,20723040,USD,Total / subtotal,TOTAL Liberia co-financing (summary table),,https://healthpolicy-watch.news/wp-content/uploads/2025/12/US-Liberia-MOU-2025.pdf
Cameroon,Surveillance & outbreak response,2026,USG,8460000,USD,Line item,Surveillance & Outbreak Response,,https://build.thinkglobalhealth.org/wp-content/uploads/2026/04/Cameroon_MOU.pdf
Cameroon,Surveillance & outbreak response,2027,USG,7680000,USD,Line item,Surveillance & Outbreak Response,,https://build.thinkglobalhealth.org/wp-content/uploads/2026/04/Cameroon_MOU.pdf
Cameroon,Surveillance & outbreak response,2028,USG,7210000,USD,Line item,Surveillance & Outbreak Response,,https://build.thinkglobalhealth.org/wp-content/uploads/2026/04/Cameroon_MOU.pdf
Cameroon,Surveillance & outbreak response,2029,USG,6120000,USD,Line item,Surveillance & Outbreak Response,,https://build.thinkglobalhealth.org/wp-content/uploads/2026/04/Cameroon_MOU.pdf
Cameroon,Surveillance & outbreak response,2030,USG,4020000,USD,Line item,Surveillance & Outbreak Response,,https://build.thinkglobalhealth.org/wp-content/uploads/2026/04/Cameroon_MOU.pdf
Cameroon,Laboratory commodities,2026,USG,5630000,USD,Line item,Lab Commodities,,https://build.thinkglobalhealth.org/wp-content/uploads/2026/04/Cameroon_MOU.pdf
Cameroon,Laboratory commodities,2027,USG,5630000,USD,Line item,Lab Commodities,,https://build.thinkglobalhealth.org/wp-content/uploads/2026/04/Cameroon_MOU.pdf
Cameroon,Laboratory commodities,2028,USG,5110000,USD,Line item,Lab Commodities,,https://build.thinkglobalhealth.org/wp-content/uploads/2026/04/Cameroon_MOU.pdf
Cameroon,Laboratory commodities,2029,USG,4330000,USD,Line item,Lab Commodities,,https://build.thinkglobalhealth.org/wp-content/uploads/2026/04/Cameroon_MOU.pdf
Cameroon,Laboratory commodities,2030,USG,2850000,USD,Line item,Lab Commodities,,https://build.thinkglobalhealth.org/wp-content/uploads/2026/04/Cameroon_MOU.pdf
Cameroon,Frontline lab workers,2026,USG,1930000,USD,Line item,Frontline Lab Workers ($),,https://build.thinkglobalhealth.org/wp-content/uploads/2026/04/Cameroon_MOU.pdf
Cameroon,Frontline lab workers,2027,USG,1750000,USD,Line item,Frontline Lab Workers ($),,https://build.thinkglobalhealth.org/wp-content/uploads/2026/04/Cameroon_MOU.pdf
Cameroon,Frontline lab workers,2028,USG,1640000,USD,Line item,Frontline Lab Workers ($),,https://build.thinkglobalhealth.org/wp-content/uploads/2026/04/Cameroon_MOU.pdf
Cameroon,Frontline lab workers,2029,USG,1390000,USD,Line item,Frontline Lab Workers ($),,https://build.thinkglobalhealth.org/wp-content/uploads/2026/04/Cameroon_MOU.pdf
Cameroon,Frontline lab workers,2030,USG,920000,USD,Line item,Frontline Lab Workers ($),,https://build.thinkglobalhealth.org/wp-content/uploads/2026/04/Cameroon_MOU.pdf
Cameroon,Frontline lab workers,2026,USG,312,FTEs,Line item,Frontline Lab Workers (# FTEs),,https://build.thinkglobalhealth.org/wp-content/uploads/2026/04/Cameroon_MOU.pdf
Cameroon,Frontline lab workers,2027,USG,312,FTEs,Line item,Frontline Lab Workers (# FTEs),,https://build.thinkglobalhealth.org/wp-content/uploads/2026/04/Cameroon_MOU.pdf
Cameroon,Frontline lab workers,2028,USG,249,FTEs,Line item,Frontline Lab Workers (# FTEs),,https://build.thinkglobalhealth.org/wp-content/uploads/2026/04/Cameroon_MOU.pdf
Cameroon,Frontline lab workers,2029,USG,156,FTEs,Line item,Frontline Lab Workers (# FTEs),,https://build.thinkglobalhealth.org/wp-content/uploads/2026/04/Cameroon_MOU.pdf
Cameroon,Frontline lab workers,2030,USG,62,FTEs,Line item,Frontline Lab Workers (# FTEs),,https://build.thinkglobalhealth.org/wp-content/uploads/2026/04/Cameroon_MOU.pdf
Cameroon,Other commodities,2026,USG,11800000,USD,Line item,Other Commodities,,https://build.thinkglobalhealth.org/wp-content/uploads/2026/04/Cameroon_MOU.pdf
Cameroon,Other commodities,2027,USG,11800000,USD,Line item,Other Commodities,,https://build.thinkglobalhealth.org/wp-content/uploads/2026/04/Cameroon_MOU.pdf
Cameroon,Other commodities,2028,USG,10700000,USD,Line item,Other Commodities,,https://build.thinkglobalhealth.org/wp-content/uploads/2026/04/Cameroon_MOU.pdf
Cameroon,Other commodities,2029,USG,9080000,USD,Line item,Other Commodities,,https://build.thinkglobalhealth.org/wp-content/uploads/2026/04/Cameroon_MOU.pdf
Cameroon,Other commodities,2030,USG,5970000,USD,Line item,Other Commodities,,https://build.thinkglobalhealth.org/wp-content/uploads/2026/04/Cameroon_MOU.pdf
Cameroon,Frontline healthcare workers,2026,USG,22170000,USD,Line item,Frontline Healthcare Workers ($),,https://build.thinkglobalhealth.org/wp-content/uploads/2026/04/Cameroon_MOU.pdf
Cameroon,Frontline healthcare workers,2027,USG,20110000,USD,Line item,Frontline Healthcare Workers ($),,https://build.thinkglobalhealth.org/wp-content/uploads/2026/04/Cameroon_MOU.pdf
Cameroon,Frontline healthcare workers,2028,USG,18880000,USD,Line item,Frontline Healthcare Workers ($),,https://build.thinkglobalhealth.org/wp-content/uploads/2026/04/Cameroon_MOU.pdf
Cameroon,Frontline healthcare workers,2029,USG,16020000,USD,Line item,Frontline Healthcare Workers ($),,https://build.thinkglobalhealth.org/wp-content/uploads/2026/04/Cameroon_MOU.pdf
Cameroon,Frontline healthcare workers,2030,USG,10530000,USD,Line item,Frontline Healthcare Workers ($),,https://build.thinkglobalhealth.org/wp-content/uploads/2026/04/Cameroon_MOU.pdf
Cameroon,Frontline healthcare workers,2026,USG,5039,FTEs,Line item,Frontline Healthcare Workers (# FTEs),,https://build.thinkglobalhealth.org/wp-content/uploads/2026/04/Cameroon_MOU.pdf
Cameroon,Frontline healthcare workers,2027,USG,5039,FTEs,Line item,Frontline Healthcare Workers (# FTEs),,https://build.thinkglobalhealth.org/wp-content/uploads/2026/04/Cameroon_MOU.pdf
Cameroon,Frontline healthcare workers,2028,USG,4038,FTEs,Line item,Frontline Healthcare Workers (# FTEs),,https://build.thinkglobalhealth.org/wp-content/uploads/2026/04/Cameroon_MOU.pdf
Cameroon,Frontline healthcare workers,2029,USG,2615,FTEs,Line item,Frontline Healthcare Workers (# FTEs),,https://build.thinkglobalhealth.org/wp-content/uploads/2026/04/Cameroon_MOU.pdf
Cameroon,Frontline healthcare workers,2030,USG,1192,FTEs,Line item,Frontline Healthcare Workers (# FTEs),,https://build.thinkglobalhealth.org/wp-content/uploads/2026/04/Cameroon_MOU.pdf
Cameroon,Data systems,2026,USG,13370000,USD,Line item,Data Systems,,https://build.thinkglobalhealth.org/wp-content/uploads/2026/04/Cameroon_MOU.pdf
Cameroon,Data systems,2027,USG,12120000,USD,Line item,Data Systems,,https://build.thinkglobalhealth.org/wp-content/uploads/2026/04/Cameroon_MOU.pdf
Cameroon,Data systems,2028,USG,11380000,USD,Line item,Data Systems,,https://build.thinkglobalhealth.org/wp-content/uploads/2026/04/Cameroon_MOU.pdf
Cameroon,Data systems,2029,USG,9660000,USD,Line item,Data Systems,,https://build.thinkglobalhealth.org/wp-content/uploads/2026/04/Cameroon_MOU.pdf
Cameroon,Data systems,2030,USG,6350000,USD,Line item,Data Systems,,https://build.thinkglobalhealth.org/wp-content/uploads/2026/04/Cameroon_MOU.pdf
Cameroon,Strategic assistance / investment,2026,USG,18470000,USD,Line item,Strategic Assistance,,https://build.thinkglobalhealth.org/wp-content/uploads/2026/04/Cameroon_MOU.pdf
Cameroon,Strategic assistance / investment,2027,USG,16750000,USD,Line item,Strategic Assistance,,https://build.thinkglobalhealth.org/wp-content/uploads/2026/04/Cameroon_MOU.pdf
Cameroon,Strategic assistance / investment,2028,USG,15730000,USD,Line item,Strategic Assistance,,https://build.thinkglobalhealth.org/wp-content/uploads/2026/04/Cameroon_MOU.pdf
Cameroon,Strategic assistance / investment,2029,USG,13350000,USD,Line item,Strategic Assistance,,https://build.thinkglobalhealth.org/wp-content/uploads/2026/04/Cameroon_MOU.pdf
Cameroon,Strategic assistance / investment,2030,USG,8770000,USD,Line item,Strategic Assistance,,https://build.thinkglobalhealth.org/wp-content/uploads/2026/04/Cameroon_MOU.pdf
Cameroon,Management & operations,2026,USG,19100000,USD,Line item,Management & Operations,,https://build.thinkglobalhealth.org/wp-content/uploads/2026/04/Cameroon_MOU.pdf
Cameroon,Management & operations,2027,USG,15690000,USD,Line item,Management & Operations,,https://build.thinkglobalhealth.org/wp-content/uploads/2026/04/Cameroon_MOU.pdf
Cameroon,Management & operations,2028,USG,15290000,USD,Line item,Management & Operations,,https://build.thinkglobalhealth.org/wp-content/uploads/2026/04/Cameroon_MOU.pdf
Cameroon,Management & operations,2029,USG,12980000,USD,Line item,Management & Operations,,https://build.thinkglobalhealth.org/wp-content/uploads/2026/04/Cameroon_MOU.pdf
Cameroon,Management & operations,2030,USG,8530000,USD,Line item,Management & Operations,,https://build.thinkglobalhealth.org/wp-content/uploads/2026/04/Cameroon_MOU.pdf
Cameroon,TOTAL,2026,USG,100930000,USD,Total / subtotal,TOTAL USG (App.1),Rounding: category rows sum to ~$399.27M vs printed $399.25M,https://build.thinkglobalhealth.org/wp-content/uploads/2026/04/Cameroon_MOU.pdf
Cameroon,TOTAL,2027,USG,91530000,USD,Total / subtotal,TOTAL USG (App.1),Rounding: category rows sum to ~$399.27M vs printed $399.25M,https://build.thinkglobalhealth.org/wp-content/uploads/2026/04/Cameroon_MOU.pdf
Cameroon,TOTAL,2028,USG,85930000,USD,Total / subtotal,TOTAL USG (App.1),Rounding: category rows sum to ~$399.27M vs printed $399.25M,https://build.thinkglobalhealth.org/wp-content/uploads/2026/04/Cameroon_MOU.pdf
Cameroon,TOTAL,2029,USG,72930000,USD,Total / subtotal,TOTAL USG (App.1),Rounding: category rows sum to ~$399.27M vs printed $399.25M,https://build.thinkglobalhealth.org/wp-content/uploads/2026/04/Cameroon_MOU.pdf
Cameroon,TOTAL,2030,USG,47930000,USD,Total / subtotal,TOTAL USG (App.1),Rounding: category rows sum to ~$399.27M vs printed $399.25M,https://build.thinkglobalhealth.org/wp-content/uploads/2026/04/Cameroon_MOU.pdf
Cameroon,Laboratory commodities,2026,USG,5460000,USD,Appendix detail (do not sum),App.2 2026: VL Reagents & Consumables,,https://build.thinkglobalhealth.org/wp-content/uploads/2026/04/Cameroon_MOU.pdf
Cameroon,Laboratory commodities,2026,USG,175000,USD,Appendix detail (do not sum),App.2 2026: EID Reagents & Consumables,,https://build.thinkglobalhealth.org/wp-content/uploads/2026/04/Cameroon_MOU.pdf
Cameroon,Other commodities,2026,USG,251406,USD,Appendix detail (do not sum),App.2 2026: ARVs Infant Prophylaxis,,https://build.thinkglobalhealth.org/wp-content/uploads/2026/04/Cameroon_MOU.pdf
Cameroon,Other commodities,2026,USG,577406,USD,Appendix detail (do not sum),App.2 2026: ARVs Treatment,,https://build.thinkglobalhealth.org/wp-content/uploads/2026/04/Cameroon_MOU.pdf
Cameroon,Other commodities,2026,USG,357406,USD,Appendix detail (do not sum),App.2 2026: PrEP (TLD),,https://build.thinkglobalhealth.org/wp-content/uploads/2026/04/Cameroon_MOU.pdf
Cameroon,Other commodities,2026,USG,696406,USD,Appendix detail (do not sum),App.2 2026: HIV Rapid Tests,,https://build.thinkglobalhealth.org/wp-content/uploads/2026/04/Cameroon_MOU.pdf
Cameroon,Other commodities,2026,USG,600000,USD,Appendix detail (do not sum),App.2 2026: TB Pharma Prophylaxis,,https://build.thinkglobalhealth.org/wp-content/uploads/2026/04/Cameroon_MOU.pdf
Cameroon,Other commodities,2026,USG,3220000,USD,Appendix detail (do not sum),"App.2 2026: Malaria Prevention (LLINs, SMC)",,https://build.thinkglobalhealth.org/wp-content/uploads/2026/04/Cameroon_MOU.pdf
Cameroon,Other commodities,2026,USG,1700000,USD,Appendix detail (do not sum),App.2 2026: Malaria Rapid Tests,,https://build.thinkglobalhealth.org/wp-content/uploads/2026/04/Cameroon_MOU.pdf
Cameroon,Other commodities,2026,USG,4300000,USD,Appendix detail (do not sum),"App.2 2026: Malaria Treatment (SP, Inj. Artesunate, ACTs)",,https://build.thinkglobalhealth.org/wp-content/uploads/2026/04/Cameroon_MOU.pdf
Cameroon,Other commodities,2026,USG,100000,USD,Appendix detail (do not sum),App.2 2026: Emergency Commodities Rapid Response Fund,,https://build.thinkglobalhealth.org/wp-content/uploads/2026/04/Cameroon_MOU.pdf
Cameroon,Domestic health expenditure increase,2026,Government,30000000,USD,Alternative measure (do not sum),Govt of Cameroon: Total Health Expenditure Increase vs baseline (headline commitment),1:1 USG reduction if missed,https://build.thinkglobalhealth.org/wp-content/uploads/2026/04/Cameroon_MOU.pdf
Cameroon,Domestic health expenditure increase,2027,Government,60000000,USD,Alternative measure (do not sum),Govt of Cameroon: Total Health Expenditure Increase vs baseline (headline commitment),1:1 USG reduction if missed,https://build.thinkglobalhealth.org/wp-content/uploads/2026/04/Cameroon_MOU.pdf
Cameroon,Domestic health expenditure increase,2028,Government,90000000,USD,Alternative measure (do not sum),Govt of Cameroon: Total Health Expenditure Increase vs baseline (headline commitment),1:1 USG reduction if missed,https://build.thinkglobalhealth.org/wp-content/uploads/2026/04/Cameroon_MOU.pdf
Cameroon,Domestic health expenditure increase,2029,Government,120000000,USD,Alternative measure (do not sum),Govt of Cameroon: Total Health Expenditure Increase vs baseline (headline commitment),1:1 USG reduction if missed,https://build.thinkglobalhealth.org/wp-content/uploads/2026/04/Cameroon_MOU.pdf
Cameroon,Domestic health expenditure increase,2030,Government,150000000,USD,Alternative measure (do not sum),Govt of Cameroon: Total Health Expenditure Increase vs baseline (headline commitment),1:1 USG reduction if missed,https://build.thinkglobalhealth.org/wp-content/uploads/2026/04/Cameroon_MOU.pdf
Cameroon,Commodities & HRH co-investment,2026,Government,11670000,USD,Aggregate co-investment (overlaps itemised rows - do not sum),GoC co-investment in commodities & HRH (within the $450M),,https://build.thinkglobalhealth.org/wp-content/uploads/2026/04/Cameroon_MOU.pdf
Cameroon,Commodities & HRH co-investment,2027,Government,11670000,USD,Aggregate co-investment (overlaps itemised rows - do not sum),GoC co-investment in commodities & HRH (within the $450M),,https://build.thinkglobalhealth.org/wp-content/uploads/2026/04/Cameroon_MOU.pdf
Cameroon,Commodities & HRH co-investment,2028,Government,13300000,USD,Aggregate co-investment (overlaps itemised rows - do not sum),GoC co-investment in commodities & HRH (within the $450M),,https://build.thinkglobalhealth.org/wp-content/uploads/2026/04/Cameroon_MOU.pdf
Cameroon,Commodities & HRH co-investment,2029,Government,15690000,USD,Aggregate co-investment (overlaps itemised rows - do not sum),GoC co-investment in commodities & HRH (within the $450M),,https://build.thinkglobalhealth.org/wp-content/uploads/2026/04/Cameroon_MOU.pdf
Cameroon,Commodities & HRH co-investment,2030,Government,20290000,USD,Aggregate co-investment (overlaps itemised rows - do not sum),GoC co-investment in commodities & HRH (within the $450M),,https://build.thinkglobalhealth.org/wp-content/uploads/2026/04/Cameroon_MOU.pdf
Cameroon,Laboratory commodities,2026,Government,0,USD,Line item,NEW GoC: Lab commodities (Sec 2.2.3),"Sec 2.2.3 minimum new funding; App.1 p.24 shows a conflicting cumulative series (563,193/2.03M/1.82M) - Sec values used",https://build.thinkglobalhealth.org/wp-content/uploads/2026/04/Cameroon_MOU.pdf
Cameroon,Laboratory commodities,2027,Government,0,USD,Line item,NEW GoC: Lab commodities (Sec 2.2.3),"Sec 2.2.3 minimum new funding; App.1 p.24 shows a conflicting cumulative series (563,193/2.03M/1.82M) - Sec values used",https://build.thinkglobalhealth.org/wp-content/uploads/2026/04/Cameroon_MOU.pdf
Cameroon,Laboratory commodities,2028,Government,524519,USD,Line item,NEW GoC: Lab commodities (Sec 2.2.3),"Sec 2.2.3 minimum new funding; App.1 p.24 shows a conflicting cumulative series (563,193/2.03M/1.82M) - Sec values used",https://build.thinkglobalhealth.org/wp-content/uploads/2026/04/Cameroon_MOU.pdf
Cameroon,Laboratory commodities,2029,Government,1300000,USD,Line item,NEW GoC: Lab commodities (Sec 2.2.3),"Sec 2.2.3 minimum new funding; App.1 p.24 shows a conflicting cumulative series (563,193/2.03M/1.82M) - Sec values used",https://build.thinkglobalhealth.org/wp-content/uploads/2026/04/Cameroon_MOU.pdf
Cameroon,Laboratory commodities,2030,Government,2780000,USD,Line item,NEW GoC: Lab commodities (Sec 2.2.3),"Sec 2.2.3 minimum new funding; App.1 p.24 shows a conflicting cumulative series (563,193/2.03M/1.82M) - Sec values used",https://build.thinkglobalhealth.org/wp-content/uploads/2026/04/Cameroon_MOU.pdf
Cameroon,Laboratory commodities,2026,Government,0,USD,Line item - existing (excl. from headline total),EXISTING GoC: Lab commodities (Sec 2.2.3),Not counted in App.1 co-financing headline,https://build.thinkglobalhealth.org/wp-content/uploads/2026/04/Cameroon_MOU.pdf
Cameroon,Laboratory commodities,2027,Government,0,USD,Line item - existing (excl. from headline total),EXISTING GoC: Lab commodities (Sec 2.2.3),Not counted in App.1 co-financing headline,https://build.thinkglobalhealth.org/wp-content/uploads/2026/04/Cameroon_MOU.pdf
Cameroon,Laboratory commodities,2028,Government,0,USD,Line item - existing (excl. from headline total),EXISTING GoC: Lab commodities (Sec 2.2.3),Not counted in App.1 co-financing headline,https://build.thinkglobalhealth.org/wp-content/uploads/2026/04/Cameroon_MOU.pdf
Cameroon,Laboratory commodities,2029,Government,524519,USD,Line item - existing (excl. from headline total),EXISTING GoC: Lab commodities (Sec 2.2.3),Not counted in App.1 co-financing headline,https://build.thinkglobalhealth.org/wp-content/uploads/2026/04/Cameroon_MOU.pdf
Cameroon,Laboratory commodities,2030,Government,1820000,USD,Line item - existing (excl. from headline total),EXISTING GoC: Lab commodities (Sec 2.2.3),Not counted in App.1 co-financing headline,https://build.thinkglobalhealth.org/wp-content/uploads/2026/04/Cameroon_MOU.pdf
Cameroon,Other commodities,2026,Government,0,USD,Line item,NEW GoC: Other commodities (Sec 2.3.3),,https://build.thinkglobalhealth.org/wp-content/uploads/2026/04/Cameroon_MOU.pdf
Cameroon,Other commodities,2027,Government,0,USD,Line item,NEW GoC: Other commodities (Sec 2.3.3),,https://build.thinkglobalhealth.org/wp-content/uploads/2026/04/Cameroon_MOU.pdf
Cameroon,Other commodities,2028,Government,1100000,USD,Line item,NEW GoC: Other commodities (Sec 2.3.3),,https://build.thinkglobalhealth.org/wp-content/uploads/2026/04/Cameroon_MOU.pdf
Cameroon,Other commodities,2029,Government,1620000,USD,Line item,NEW GoC: Other commodities (Sec 2.3.3),,https://build.thinkglobalhealth.org/wp-content/uploads/2026/04/Cameroon_MOU.pdf
Cameroon,Other commodities,2030,Government,3110000,USD,Line item,NEW GoC: Other commodities (Sec 2.3.3),,https://build.thinkglobalhealth.org/wp-content/uploads/2026/04/Cameroon_MOU.pdf
Cameroon,Other commodities,2026,Government,0,USD,Line item - existing (excl. from headline total),EXISTING GoC: Other commodities (Sec 2.3.3),Not counted in App.1 co-financing headline,https://build.thinkglobalhealth.org/wp-content/uploads/2026/04/Cameroon_MOU.pdf
Cameroon,Other commodities,2027,Government,0,USD,Line item - existing (excl. from headline total),EXISTING GoC: Other commodities (Sec 2.3.3),Not counted in App.1 co-financing headline,https://build.thinkglobalhealth.org/wp-content/uploads/2026/04/Cameroon_MOU.pdf
Cameroon,Other commodities,2028,Government,0,USD,Line item - existing (excl. from headline total),EXISTING GoC: Other commodities (Sec 2.3.3),Not counted in App.1 co-financing headline,https://build.thinkglobalhealth.org/wp-content/uploads/2026/04/Cameroon_MOU.pdf
Cameroon,Other commodities,2029,Government,1100000,USD,Line item - existing (excl. from headline total),EXISTING GoC: Other commodities (Sec 2.3.3),Not counted in App.1 co-financing headline,https://build.thinkglobalhealth.org/wp-content/uploads/2026/04/Cameroon_MOU.pdf
Cameroon,Other commodities,2030,Government,2720000,USD,Line item - existing (excl. from headline total),EXISTING GoC: Other commodities (Sec 2.3.3),Not counted in App.1 co-financing headline,https://build.thinkglobalhealth.org/wp-content/uploads/2026/04/Cameroon_MOU.pdf
Cameroon,Frontline lab workers,2026,Government,0,FTEs,Line item,GoC new Frontline Lab Worker FTEs (Sec 2.2.3),,https://build.thinkglobalhealth.org/wp-content/uploads/2026/04/Cameroon_MOU.pdf
Cameroon,Frontline lab workers,2027,Government,0,FTEs,Line item,GoC new Frontline Lab Worker FTEs (Sec 2.2.3),,https://build.thinkglobalhealth.org/wp-content/uploads/2026/04/Cameroon_MOU.pdf
Cameroon,Frontline lab workers,2028,Government,62,FTEs,Line item,GoC new Frontline Lab Worker FTEs (Sec 2.2.3),,https://build.thinkglobalhealth.org/wp-content/uploads/2026/04/Cameroon_MOU.pdf
Cameroon,Frontline lab workers,2029,Government,63,FTEs,Line item,GoC new Frontline Lab Worker FTEs (Sec 2.2.3),,https://build.thinkglobalhealth.org/wp-content/uploads/2026/04/Cameroon_MOU.pdf
Cameroon,Frontline lab workers,2030,Government,62,FTEs,Line item,GoC new Frontline Lab Worker FTEs (Sec 2.2.3),,https://build.thinkglobalhealth.org/wp-content/uploads/2026/04/Cameroon_MOU.pdf
Cameroon,Frontline healthcare workers,2026,Government,0,FTEs,Line item,GoC new Frontline Healthcare Worker FTEs (Sec 2.4.3),,https://build.thinkglobalhealth.org/wp-content/uploads/2026/04/Cameroon_MOU.pdf
Cameroon,Frontline healthcare workers,2027,Government,0,FTEs,Line item,GoC new Frontline Healthcare Worker FTEs (Sec 2.4.3),,https://build.thinkglobalhealth.org/wp-content/uploads/2026/04/Cameroon_MOU.pdf
Cameroon,Frontline healthcare workers,2028,Government,1001,FTEs,Line item,GoC new Frontline Healthcare Worker FTEs (Sec 2.4.3),,https://build.thinkglobalhealth.org/wp-content/uploads/2026/04/Cameroon_MOU.pdf
Cameroon,Frontline healthcare workers,2029,Government,923,FTEs,Line item,GoC new Frontline Healthcare Worker FTEs (Sec 2.4.3),,https://build.thinkglobalhealth.org/wp-content/uploads/2026/04/Cameroon_MOU.pdf
Cameroon,Frontline healthcare workers,2030,Government,922,FTEs,Line item,GoC new Frontline Healthcare Worker FTEs (Sec 2.4.3),,https://build.thinkglobalhealth.org/wp-content/uploads/2026/04/Cameroon_MOU.pdf
Côte d'Ivoire,Surveillance & outbreak response,2026,USG,3916000,USD,Line item,Surveillance & Outbreak Response,,https://build.thinkglobalhealth.org/wp-content/uploads/2026/07/Cote-dIvoire-MOU.pdf
Côte d'Ivoire,Surveillance & outbreak response,2027,USG,3916000,USD,Line item,Surveillance & Outbreak Response,,https://build.thinkglobalhealth.org/wp-content/uploads/2026/07/Cote-dIvoire-MOU.pdf
Côte d'Ivoire,Surveillance & outbreak response,2028,USG,3916000,USD,Line item,Surveillance & Outbreak Response,,https://build.thinkglobalhealth.org/wp-content/uploads/2026/07/Cote-dIvoire-MOU.pdf
Côte d'Ivoire,Surveillance & outbreak response,2029,USG,3916000,USD,Line item,Surveillance & Outbreak Response,,https://build.thinkglobalhealth.org/wp-content/uploads/2026/07/Cote-dIvoire-MOU.pdf
Côte d'Ivoire,Surveillance & outbreak response,2030,USG,3916000,USD,Line item,Surveillance & Outbreak Response,,https://build.thinkglobalhealth.org/wp-content/uploads/2026/07/Cote-dIvoire-MOU.pdf
Côte d'Ivoire,Laboratory commodities,2026,USG,4600000,USD,Line item,Laboratory commodities,,https://build.thinkglobalhealth.org/wp-content/uploads/2026/07/Cote-dIvoire-MOU.pdf
Côte d'Ivoire,Laboratory commodities,2027,USG,3900000,USD,Line item,Laboratory commodities,,https://build.thinkglobalhealth.org/wp-content/uploads/2026/07/Cote-dIvoire-MOU.pdf
Côte d'Ivoire,Laboratory commodities,2028,USG,3200000,USD,Line item,Laboratory commodities,,https://build.thinkglobalhealth.org/wp-content/uploads/2026/07/Cote-dIvoire-MOU.pdf
Côte d'Ivoire,Laboratory commodities,2029,USG,2500000,USD,Line item,Laboratory commodities,,https://build.thinkglobalhealth.org/wp-content/uploads/2026/07/Cote-dIvoire-MOU.pdf
Côte d'Ivoire,Laboratory commodities,2030,USG,1800000,USD,Line item,Laboratory commodities,,https://build.thinkglobalhealth.org/wp-content/uploads/2026/07/Cote-dIvoire-MOU.pdf
Côte d'Ivoire,Other commodities,2026,USG,30500000,USD,Line item,Health commodities,,https://build.thinkglobalhealth.org/wp-content/uploads/2026/07/Cote-dIvoire-MOU.pdf
Côte d'Ivoire,Other commodities,2027,USG,19500000,USD,Line item,Health commodities,,https://build.thinkglobalhealth.org/wp-content/uploads/2026/07/Cote-dIvoire-MOU.pdf
Côte d'Ivoire,Other commodities,2028,USG,18500000,USD,Line item,Health commodities,,https://build.thinkglobalhealth.org/wp-content/uploads/2026/07/Cote-dIvoire-MOU.pdf
Côte d'Ivoire,Other commodities,2029,USG,10000000,USD,Line item,Health commodities,,https://build.thinkglobalhealth.org/wp-content/uploads/2026/07/Cote-dIvoire-MOU.pdf
Côte d'Ivoire,Other commodities,2030,USG,6500000,USD,Line item,Health commodities,,https://build.thinkglobalhealth.org/wp-content/uploads/2026/07/Cote-dIvoire-MOU.pdf
Côte d'Ivoire,Data systems,2026,USG,16000000,USD,Line item,Data systems,,https://build.thinkglobalhealth.org/wp-content/uploads/2026/07/Cote-dIvoire-MOU.pdf
Côte d'Ivoire,Data systems,2027,USG,16000000,USD,Line item,Data systems,,https://build.thinkglobalhealth.org/wp-content/uploads/2026/07/Cote-dIvoire-MOU.pdf
Côte d'Ivoire,Data systems,2028,USG,12500000,USD,Line item,Data systems,,https://build.thinkglobalhealth.org/wp-content/uploads/2026/07/Cote-dIvoire-MOU.pdf
Côte d'Ivoire,Data systems,2029,USG,11000000,USD,Line item,Data systems,,https://build.thinkglobalhealth.org/wp-content/uploads/2026/07/Cote-dIvoire-MOU.pdf
Côte d'Ivoire,Data systems,2030,USG,11000000,USD,Line item,Data systems,,https://build.thinkglobalhealth.org/wp-content/uploads/2026/07/Cote-dIvoire-MOU.pdf
Côte d'Ivoire,Strategic assistance / investment,2026,USG,47065040,USD,Line item,Strategic assistance / technical assistance,,https://build.thinkglobalhealth.org/wp-content/uploads/2026/07/Cote-dIvoire-MOU.pdf
Côte d'Ivoire,Strategic assistance / investment,2027,USG,53229040,USD,Line item,Strategic assistance / technical assistance,,https://build.thinkglobalhealth.org/wp-content/uploads/2026/07/Cote-dIvoire-MOU.pdf
Côte d'Ivoire,Strategic assistance / investment,2028,USG,54729040,USD,Line item,Strategic assistance / technical assistance,,https://build.thinkglobalhealth.org/wp-content/uploads/2026/07/Cote-dIvoire-MOU.pdf
Côte d'Ivoire,Strategic assistance / investment,2029,USG,49125040,USD,Line item,Strategic assistance / technical assistance,,https://build.thinkglobalhealth.org/wp-content/uploads/2026/07/Cote-dIvoire-MOU.pdf
Côte d'Ivoire,Strategic assistance / investment,2030,USG,32405040,USD,Line item,Strategic assistance / technical assistance,,https://build.thinkglobalhealth.org/wp-content/uploads/2026/07/Cote-dIvoire-MOU.pdf
Côte d'Ivoire,Frontline lab workers,2026,USG,65,FTEs,Line item,Frontline laboratory workers (USG # FTEs),No dollar value in document,https://build.thinkglobalhealth.org/wp-content/uploads/2026/07/Cote-dIvoire-MOU.pdf
Côte d'Ivoire,Frontline lab workers,2027,USG,45,FTEs,Line item,Frontline laboratory workers (USG # FTEs),No dollar value in document,https://build.thinkglobalhealth.org/wp-content/uploads/2026/07/Cote-dIvoire-MOU.pdf
Côte d'Ivoire,Frontline lab workers,2028,USG,25,FTEs,Line item,Frontline laboratory workers (USG # FTEs),No dollar value in document,https://build.thinkglobalhealth.org/wp-content/uploads/2026/07/Cote-dIvoire-MOU.pdf
Côte d'Ivoire,Frontline lab workers,2029,USG,0,FTEs,Line item,Frontline laboratory workers (USG # FTEs),No dollar value in document,https://build.thinkglobalhealth.org/wp-content/uploads/2026/07/Cote-dIvoire-MOU.pdf
Côte d'Ivoire,Frontline lab workers,2030,USG,0,FTEs,Line item,Frontline laboratory workers (USG # FTEs),No dollar value in document,https://build.thinkglobalhealth.org/wp-content/uploads/2026/07/Cote-dIvoire-MOU.pdf
Côte d'Ivoire,Frontline healthcare workers,2026,USG,5556,FTEs,Line item,Frontline healthcare workers (USG core # FTEs),No dollar value in document,https://build.thinkglobalhealth.org/wp-content/uploads/2026/07/Cote-dIvoire-MOU.pdf
Côte d'Ivoire,Frontline healthcare workers,2027,USG,3900,FTEs,Line item,Frontline healthcare workers (USG core # FTEs),No dollar value in document,https://build.thinkglobalhealth.org/wp-content/uploads/2026/07/Cote-dIvoire-MOU.pdf
Côte d'Ivoire,Frontline healthcare workers,2028,USG,2300,FTEs,Line item,Frontline healthcare workers (USG core # FTEs),No dollar value in document,https://build.thinkglobalhealth.org/wp-content/uploads/2026/07/Cote-dIvoire-MOU.pdf
Côte d'Ivoire,Frontline healthcare workers,2029,USG,0,FTEs,Line item,Frontline healthcare workers (USG core # FTEs),No dollar value in document,https://build.thinkglobalhealth.org/wp-content/uploads/2026/07/Cote-dIvoire-MOU.pdf
Côte d'Ivoire,Frontline healthcare workers,2030,USG,0,FTEs,Line item,Frontline healthcare workers (USG core # FTEs),No dollar value in document,https://build.thinkglobalhealth.org/wp-content/uploads/2026/07/Cote-dIvoire-MOU.pdf
Côte d'Ivoire,Frontline healthcare workers,2026,USG,3000,FTEs,Line item,Frontline healthcare workers (USG additional seasonal # FTEs),ITN/SMC campaign CHWs,https://build.thinkglobalhealth.org/wp-content/uploads/2026/07/Cote-dIvoire-MOU.pdf
Côte d'Ivoire,Frontline healthcare workers,2027,USG,19000,FTEs,Line item,Frontline healthcare workers (USG additional seasonal # FTEs),ITN/SMC campaign CHWs,https://build.thinkglobalhealth.org/wp-content/uploads/2026/07/Cote-dIvoire-MOU.pdf
Côte d'Ivoire,Frontline healthcare workers,2028,USG,2100,FTEs,Line item,Frontline healthcare workers (USG additional seasonal # FTEs),ITN/SMC campaign CHWs,https://build.thinkglobalhealth.org/wp-content/uploads/2026/07/Cote-dIvoire-MOU.pdf
Côte d'Ivoire,Frontline healthcare workers,2029,USG,13100,FTEs,Line item,Frontline healthcare workers (USG additional seasonal # FTEs),ITN/SMC campaign CHWs,https://build.thinkglobalhealth.org/wp-content/uploads/2026/07/Cote-dIvoire-MOU.pdf
Côte d'Ivoire,Frontline healthcare workers,2030,USG,1400,FTEs,Line item,Frontline healthcare workers (USG additional seasonal # FTEs),ITN/SMC campaign CHWs,https://build.thinkglobalhealth.org/wp-content/uploads/2026/07/Cote-dIvoire-MOU.pdf
Côte d'Ivoire,Laboratory commodities,2026,Government,0,USD,Line item,Laboratory commodities - NEW Côte d'Ivoire funding,,https://build.thinkglobalhealth.org/wp-content/uploads/2026/07/Cote-dIvoire-MOU.pdf
Côte d'Ivoire,Laboratory commodities,2027,Government,700000,USD,Line item,Laboratory commodities - NEW Côte d'Ivoire funding,,https://build.thinkglobalhealth.org/wp-content/uploads/2026/07/Cote-dIvoire-MOU.pdf
Côte d'Ivoire,Laboratory commodities,2028,Government,700000,USD,Line item,Laboratory commodities - NEW Côte d'Ivoire funding,,https://build.thinkglobalhealth.org/wp-content/uploads/2026/07/Cote-dIvoire-MOU.pdf
Côte d'Ivoire,Laboratory commodities,2029,Government,700000,USD,Line item,Laboratory commodities - NEW Côte d'Ivoire funding,,https://build.thinkglobalhealth.org/wp-content/uploads/2026/07/Cote-dIvoire-MOU.pdf
Côte d'Ivoire,Laboratory commodities,2030,Government,700000,USD,Line item,Laboratory commodities - NEW Côte d'Ivoire funding,,https://build.thinkglobalhealth.org/wp-content/uploads/2026/07/Cote-dIvoire-MOU.pdf
Côte d'Ivoire,Laboratory commodities,2026,Government,11000000,USD,Line item - existing (excl. from headline total),Laboratory commodities - EXISTING Côte d'Ivoire funding,,https://build.thinkglobalhealth.org/wp-content/uploads/2026/07/Cote-dIvoire-MOU.pdf
Côte d'Ivoire,Laboratory commodities,2027,Government,11000000,USD,Line item - existing (excl. from headline total),Laboratory commodities - EXISTING Côte d'Ivoire funding,,https://build.thinkglobalhealth.org/wp-content/uploads/2026/07/Cote-dIvoire-MOU.pdf
Côte d'Ivoire,Laboratory commodities,2028,Government,11700000,USD,Line item - existing (excl. from headline total),Laboratory commodities - EXISTING Côte d'Ivoire funding,,https://build.thinkglobalhealth.org/wp-content/uploads/2026/07/Cote-dIvoire-MOU.pdf
Côte d'Ivoire,Laboratory commodities,2029,Government,12400000,USD,Line item - existing (excl. from headline total),Laboratory commodities - EXISTING Côte d'Ivoire funding,,https://build.thinkglobalhealth.org/wp-content/uploads/2026/07/Cote-dIvoire-MOU.pdf
Côte d'Ivoire,Laboratory commodities,2030,Government,13100000,USD,Line item - existing (excl. from headline total),Laboratory commodities - EXISTING Côte d'Ivoire funding,,https://build.thinkglobalhealth.org/wp-content/uploads/2026/07/Cote-dIvoire-MOU.pdf
Côte d'Ivoire,Other commodities,2026,Government,10000000,USD,Line item,Health commodities - NEW Côte d'Ivoire funding,,https://build.thinkglobalhealth.org/wp-content/uploads/2026/07/Cote-dIvoire-MOU.pdf
Côte d'Ivoire,Other commodities,2027,Government,10000000,USD,Line item,Health commodities - NEW Côte d'Ivoire funding,,https://build.thinkglobalhealth.org/wp-content/uploads/2026/07/Cote-dIvoire-MOU.pdf
Côte d'Ivoire,Other commodities,2028,Government,5500000,USD,Line item,Health commodities - NEW Côte d'Ivoire funding,,https://build.thinkglobalhealth.org/wp-content/uploads/2026/07/Cote-dIvoire-MOU.pdf
Côte d'Ivoire,Other commodities,2029,Government,4000000,USD,Line item,Health commodities - NEW Côte d'Ivoire funding,,https://build.thinkglobalhealth.org/wp-content/uploads/2026/07/Cote-dIvoire-MOU.pdf
Côte d'Ivoire,Other commodities,2030,Government,3500000,USD,Line item,Health commodities - NEW Côte d'Ivoire funding,,https://build.thinkglobalhealth.org/wp-content/uploads/2026/07/Cote-dIvoire-MOU.pdf
Côte d'Ivoire,Other commodities,2026,Government,15000000,USD,Line item - existing (excl. from headline total),Health commodities - EXISTING Côte d'Ivoire funding,,https://build.thinkglobalhealth.org/wp-content/uploads/2026/07/Cote-dIvoire-MOU.pdf
Côte d'Ivoire,Other commodities,2027,Government,25000000,USD,Line item - existing (excl. from headline total),Health commodities - EXISTING Côte d'Ivoire funding,,https://build.thinkglobalhealth.org/wp-content/uploads/2026/07/Cote-dIvoire-MOU.pdf
Côte d'Ivoire,Other commodities,2028,Government,35000000,USD,Line item - existing (excl. from headline total),Health commodities - EXISTING Côte d'Ivoire funding,,https://build.thinkglobalhealth.org/wp-content/uploads/2026/07/Cote-dIvoire-MOU.pdf
Côte d'Ivoire,Other commodities,2029,Government,40500000,USD,Line item - existing (excl. from headline total),Health commodities - EXISTING Côte d'Ivoire funding,,https://build.thinkglobalhealth.org/wp-content/uploads/2026/07/Cote-dIvoire-MOU.pdf
Côte d'Ivoire,Other commodities,2030,Government,44500000,USD,Line item - existing (excl. from headline total),Health commodities - EXISTING Côte d'Ivoire funding,,https://build.thinkglobalhealth.org/wp-content/uploads/2026/07/Cote-dIvoire-MOU.pdf
Côte d'Ivoire,Domestic health expenditure increase,2026,Government,30000000,USD,Alternative measure (do not sum),Domestic govt health expenditure increase vs 2025 baseline,Sec 5.1; 2:1 USG reduction if missed; matches KFF's $450M partner figure,https://build.thinkglobalhealth.org/wp-content/uploads/2026/07/Cote-dIvoire-MOU.pdf
Côte d'Ivoire,Domestic health expenditure increase,2027,Government,60000000,USD,Alternative measure (do not sum),Domestic govt health expenditure increase vs 2025 baseline,Sec 5.1; 2:1 USG reduction if missed; matches KFF's $450M partner figure,https://build.thinkglobalhealth.org/wp-content/uploads/2026/07/Cote-dIvoire-MOU.pdf
Côte d'Ivoire,Domestic health expenditure increase,2028,Government,90000000,USD,Alternative measure (do not sum),Domestic govt health expenditure increase vs 2025 baseline,Sec 5.1; 2:1 USG reduction if missed; matches KFF's $450M partner figure,https://build.thinkglobalhealth.org/wp-content/uploads/2026/07/Cote-dIvoire-MOU.pdf
Côte d'Ivoire,Domestic health expenditure increase,2029,Government,120000000,USD,Alternative measure (do not sum),Domestic govt health expenditure increase vs 2025 baseline,Sec 5.1; 2:1 USG reduction if missed; matches KFF's $450M partner figure,https://build.thinkglobalhealth.org/wp-content/uploads/2026/07/Cote-dIvoire-MOU.pdf
Côte d'Ivoire,Domestic health expenditure increase,2030,Government,150000000,USD,Alternative measure (do not sum),Domestic govt health expenditure increase vs 2025 baseline,Sec 5.1; 2:1 USG reduction if missed; matches KFF's $450M partner figure,https://build.thinkglobalhealth.org/wp-content/uploads/2026/07/Cote-dIvoire-MOU.pdf
Côte d'Ivoire,Frontline lab workers,2026,Government,0,FTEs,Line item,Frontline laboratory workers - NEW Côte d'Ivoire FTEs,,https://build.thinkglobalhealth.org/wp-content/uploads/2026/07/Cote-dIvoire-MOU.pdf
Côte d'Ivoire,Frontline lab workers,2027,Government,250,FTEs,Line item,Frontline laboratory workers - NEW Côte d'Ivoire FTEs,,https://build.thinkglobalhealth.org/wp-content/uploads/2026/07/Cote-dIvoire-MOU.pdf
Côte d'Ivoire,Frontline lab workers,2028,Government,250,FTEs,Line item,Frontline laboratory workers - NEW Côte d'Ivoire FTEs,,https://build.thinkglobalhealth.org/wp-content/uploads/2026/07/Cote-dIvoire-MOU.pdf
Côte d'Ivoire,Frontline lab workers,2029,Government,250,FTEs,Line item,Frontline laboratory workers - NEW Côte d'Ivoire FTEs,,https://build.thinkglobalhealth.org/wp-content/uploads/2026/07/Cote-dIvoire-MOU.pdf
Côte d'Ivoire,Frontline lab workers,2030,Government,250,FTEs,Line item,Frontline laboratory workers - NEW Côte d'Ivoire FTEs,,https://build.thinkglobalhealth.org/wp-content/uploads/2026/07/Cote-dIvoire-MOU.pdf
Côte d'Ivoire,Frontline healthcare workers,2026,Government,0,FTEs,Line item,Frontline healthcare workers - NEW Côte d'Ivoire FTEs,,https://build.thinkglobalhealth.org/wp-content/uploads/2026/07/Cote-dIvoire-MOU.pdf
Côte d'Ivoire,Frontline healthcare workers,2027,Government,5200,FTEs,Line item,Frontline healthcare workers - NEW Côte d'Ivoire FTEs,,https://build.thinkglobalhealth.org/wp-content/uploads/2026/07/Cote-dIvoire-MOU.pdf
Côte d'Ivoire,Frontline healthcare workers,2028,Government,5200,FTEs,Line item,Frontline healthcare workers - NEW Côte d'Ivoire FTEs,,https://build.thinkglobalhealth.org/wp-content/uploads/2026/07/Cote-dIvoire-MOU.pdf
Côte d'Ivoire,Frontline healthcare workers,2029,Government,5200,FTEs,Line item,Frontline healthcare workers - NEW Côte d'Ivoire FTEs,,https://build.thinkglobalhealth.org/wp-content/uploads/2026/07/Cote-dIvoire-MOU.pdf
Côte d'Ivoire,Frontline healthcare workers,2030,Government,5200,FTEs,Line item,Frontline healthcare workers - NEW Côte d'Ivoire FTEs,,https://build.thinkglobalhealth.org/wp-content/uploads/2026/07/Cote-dIvoire-MOU.pdf
