Country,Programmatic area,Indicator,Metric type,Year,Value,Unit,Value type,Direction,Programmatic area (as printed),Unit / source note,MoU footnote (verbatim),MoU footnote location,Source (MoU PDF)
Kenya,HIV/AIDS,% People With HIV Who Know Their Status,Outcome,Baseline,95.0,%,Percentage,Higher is better,HIV/AIDS,%; baseline 2025,,,https://www.citizen.org/wp-content/uploads/2026-0007QN-Kenya-Health-12.4.2025.pdf
Kenya,HIV/AIDS,% People With HIV Who Know Their Status,Outcome,2026,95.5,%,Percentage,Higher is better,HIV/AIDS,%; baseline 2025,,,https://www.citizen.org/wp-content/uploads/2026-0007QN-Kenya-Health-12.4.2025.pdf
Kenya,HIV/AIDS,% People With HIV Who Know Their Status,Outcome,2027,96.0,%,Percentage,Higher is better,HIV/AIDS,%; baseline 2025,,,https://www.citizen.org/wp-content/uploads/2026-0007QN-Kenya-Health-12.4.2025.pdf
Kenya,HIV/AIDS,% People With HIV Who Know Their Status,Outcome,2028,96.5,%,Percentage,Higher is better,HIV/AIDS,%; baseline 2025,,,https://www.citizen.org/wp-content/uploads/2026-0007QN-Kenya-Health-12.4.2025.pdf
Kenya,HIV/AIDS,% People With HIV Who Know Their Status,Outcome,2029,97.0,%,Percentage,Higher is better,HIV/AIDS,%; baseline 2025,,,https://www.citizen.org/wp-content/uploads/2026-0007QN-Kenya-Health-12.4.2025.pdf
Kenya,HIV/AIDS,% People With HIV Who Know Their Status,Outcome,2030,97.5,%,Percentage,Higher is better,HIV/AIDS,%; baseline 2025,,,https://www.citizen.org/wp-content/uploads/2026-0007QN-Kenya-Health-12.4.2025.pdf
Kenya,HIV/AIDS,% People Who Know Their HIV Status on Treatment,Outcome,Baseline,97.0,%,Percentage,Higher is better,HIV/AIDS,%,,,https://www.citizen.org/wp-content/uploads/2026-0007QN-Kenya-Health-12.4.2025.pdf
Kenya,HIV/AIDS,% People Who Know Their HIV Status on Treatment,Outcome,2026,97.2,%,Percentage,Higher is better,HIV/AIDS,%,,,https://www.citizen.org/wp-content/uploads/2026-0007QN-Kenya-Health-12.4.2025.pdf
Kenya,HIV/AIDS,% People Who Know Their HIV Status on Treatment,Outcome,2027,97.4,%,Percentage,Higher is better,HIV/AIDS,%,,,https://www.citizen.org/wp-content/uploads/2026-0007QN-Kenya-Health-12.4.2025.pdf
Kenya,HIV/AIDS,% People Who Know Their HIV Status on Treatment,Outcome,2028,97.6,%,Percentage,Higher is better,HIV/AIDS,%,,,https://www.citizen.org/wp-content/uploads/2026-0007QN-Kenya-Health-12.4.2025.pdf
Kenya,HIV/AIDS,% People Who Know Their HIV Status on Treatment,Outcome,2029,97.8,%,Percentage,Higher is better,HIV/AIDS,%,,,https://www.citizen.org/wp-content/uploads/2026-0007QN-Kenya-Health-12.4.2025.pdf
Kenya,HIV/AIDS,% People Who Know Their HIV Status on Treatment,Outcome,2030,98.0,%,Percentage,Higher is better,HIV/AIDS,%,,,https://www.citizen.org/wp-content/uploads/2026-0007QN-Kenya-Health-12.4.2025.pdf
Kenya,HIV/AIDS,% People on ART Who Are Virally Suppressed,Outcome,Baseline,94.0,%,Percentage,Higher is better,HIV/AIDS,%,,,https://www.citizen.org/wp-content/uploads/2026-0007QN-Kenya-Health-12.4.2025.pdf
Kenya,HIV/AIDS,% People on ART Who Are Virally Suppressed,Outcome,2026,95.0,%,Percentage,Higher is better,HIV/AIDS,%,,,https://www.citizen.org/wp-content/uploads/2026-0007QN-Kenya-Health-12.4.2025.pdf
Kenya,HIV/AIDS,% People on ART Who Are Virally Suppressed,Outcome,2027,96.0,%,Percentage,Higher is better,HIV/AIDS,%,,,https://www.citizen.org/wp-content/uploads/2026-0007QN-Kenya-Health-12.4.2025.pdf
Kenya,HIV/AIDS,% People on ART Who Are Virally Suppressed,Outcome,2028,97.0,%,Percentage,Higher is better,HIV/AIDS,%,,,https://www.citizen.org/wp-content/uploads/2026-0007QN-Kenya-Health-12.4.2025.pdf
Kenya,HIV/AIDS,% People on ART Who Are Virally Suppressed,Outcome,2029,97.5,%,Percentage,Higher is better,HIV/AIDS,%,,,https://www.citizen.org/wp-content/uploads/2026-0007QN-Kenya-Health-12.4.2025.pdf
Kenya,HIV/AIDS,% People on ART Who Are Virally Suppressed,Outcome,2030,98.0,%,Percentage,Higher is better,HIV/AIDS,%,,,https://www.citizen.org/wp-content/uploads/2026-0007QN-Kenya-Health-12.4.2025.pdf
Kenya,Malaria,# Malaria Deaths in Children Under 5,Outcome,Baseline,3242.0,count,Absolute number,Lower is better,Malaria,count,,,https://www.citizen.org/wp-content/uploads/2026-0007QN-Kenya-Health-12.4.2025.pdf
Kenya,Malaria,# Malaria Deaths in Children Under 5,Outcome,2026,2658.0,count,Absolute number,Lower is better,Malaria,count,,,https://www.citizen.org/wp-content/uploads/2026-0007QN-Kenya-Health-12.4.2025.pdf
Kenya,Malaria,# Malaria Deaths in Children Under 5,Outcome,2027,2180.0,count,Absolute number,Lower is better,Malaria,count,,,https://www.citizen.org/wp-content/uploads/2026-0007QN-Kenya-Health-12.4.2025.pdf
Kenya,Malaria,# Malaria Deaths in Children Under 5,Outcome,2028,1788.0,count,Absolute number,Lower is better,Malaria,count,,,https://www.citizen.org/wp-content/uploads/2026-0007QN-Kenya-Health-12.4.2025.pdf
Kenya,Malaria,# Malaria Deaths in Children Under 5,Outcome,2029,1466.0,count,Absolute number,Lower is better,Malaria,count,,,https://www.citizen.org/wp-content/uploads/2026-0007QN-Kenya-Health-12.4.2025.pdf
Kenya,Malaria,# Malaria Deaths in Children Under 5,Outcome,2030,1202.0,count,Absolute number,Lower is better,Malaria,count,,,https://www.citizen.org/wp-content/uploads/2026-0007QN-Kenya-Health-12.4.2025.pdf
Kenya,TB,# TB deaths (of notified TB cases),Outcome,Baseline,5812.0,count,Absolute number,Lower is better,TB,count,,,https://www.citizen.org/wp-content/uploads/2026-0007QN-Kenya-Health-12.4.2025.pdf
Kenya,TB,# TB deaths (of notified TB cases),Outcome,2026,4861.0,count,Absolute number,Lower is better,TB,count,,,https://www.citizen.org/wp-content/uploads/2026-0007QN-Kenya-Health-12.4.2025.pdf
Kenya,TB,# TB deaths (of notified TB cases),Outcome,2027,4629.0,count,Absolute number,Lower is better,TB,count,,,https://www.citizen.org/wp-content/uploads/2026-0007QN-Kenya-Health-12.4.2025.pdf
Kenya,TB,# TB deaths (of notified TB cases),Outcome,2028,4383.0,count,Absolute number,Lower is better,TB,count,,,https://www.citizen.org/wp-content/uploads/2026-0007QN-Kenya-Health-12.4.2025.pdf
Kenya,TB,# TB deaths (of notified TB cases),Outcome,2029,4076.0,count,Absolute number,Lower is better,TB,count,,,https://www.citizen.org/wp-content/uploads/2026-0007QN-Kenya-Health-12.4.2025.pdf
Kenya,TB,# TB deaths (of notified TB cases),Outcome,2030,3791.0,count,Absolute number,Lower is better,TB,count,,,https://www.citizen.org/wp-content/uploads/2026-0007QN-Kenya-Health-12.4.2025.pdf
Kenya,Polio,"# Polio Cases (WPV, cVDPV)",Outcome,Baseline,7.0,count,Absolute number,Lower is better,Polio,count,,,https://www.citizen.org/wp-content/uploads/2026-0007QN-Kenya-Health-12.4.2025.pdf
Kenya,Polio,"# Polio Cases (WPV, cVDPV)",Outcome,2026,5.0,count,Absolute number,Lower is better,Polio,count,,,https://www.citizen.org/wp-content/uploads/2026-0007QN-Kenya-Health-12.4.2025.pdf
Kenya,Polio,"# Polio Cases (WPV, cVDPV)",Outcome,2027,3.0,count,Absolute number,Lower is better,Polio,count,,,https://www.citizen.org/wp-content/uploads/2026-0007QN-Kenya-Health-12.4.2025.pdf
Kenya,Polio,"# Polio Cases (WPV, cVDPV)",Outcome,2028,2.0,count,Absolute number,Lower is better,Polio,count,,,https://www.citizen.org/wp-content/uploads/2026-0007QN-Kenya-Health-12.4.2025.pdf
Kenya,Polio,"# Polio Cases (WPV, cVDPV)",Outcome,2029,2.0,count,Absolute number,Lower is better,Polio,count,,,https://www.citizen.org/wp-content/uploads/2026-0007QN-Kenya-Health-12.4.2025.pdf
Kenya,Polio,"# Polio Cases (WPV, cVDPV)",Outcome,2030,2.0,count,Absolute number,Lower is better,Polio,count,,,https://www.citizen.org/wp-content/uploads/2026-0007QN-Kenya-Health-12.4.2025.pdf
Kenya,Immunisation (measles),# Measles Cases,Outcome,Baseline,725.0,count,Absolute number,Lower is better,Measles,count,,,https://www.citizen.org/wp-content/uploads/2026-0007QN-Kenya-Health-12.4.2025.pdf
Kenya,Immunisation (measles),# Measles Cases,Outcome,2026,594.0,count,Absolute number,Lower is better,Measles,count,,,https://www.citizen.org/wp-content/uploads/2026-0007QN-Kenya-Health-12.4.2025.pdf
Kenya,Immunisation (measles),# Measles Cases,Outcome,2027,463.0,count,Absolute number,Lower is better,Measles,count,,,https://www.citizen.org/wp-content/uploads/2026-0007QN-Kenya-Health-12.4.2025.pdf
Kenya,Immunisation (measles),# Measles Cases,Outcome,2028,332.0,count,Absolute number,Lower is better,Measles,count,,,https://www.citizen.org/wp-content/uploads/2026-0007QN-Kenya-Health-12.4.2025.pdf
Kenya,Immunisation (measles),# Measles Cases,Outcome,2029,201.0,count,Absolute number,Lower is better,Measles,count,,,https://www.citizen.org/wp-content/uploads/2026-0007QN-Kenya-Health-12.4.2025.pdf
Kenya,Immunisation (measles),# Measles Cases,Outcome,2030,72.0,count,Absolute number,Lower is better,Measles,count,,,https://www.citizen.org/wp-content/uploads/2026-0007QN-Kenya-Health-12.4.2025.pdf
Kenya,MCH,Facility Maternal Mortality Rate,Outcome,Baseline,98.0,"per 100,000",Rate,Lower is better,MCH,"per 100,000",,,https://www.citizen.org/wp-content/uploads/2026-0007QN-Kenya-Health-12.4.2025.pdf
Kenya,MCH,Facility Maternal Mortality Rate,Outcome,2026,90.0,"per 100,000",Rate,Lower is better,MCH,"per 100,000",,,https://www.citizen.org/wp-content/uploads/2026-0007QN-Kenya-Health-12.4.2025.pdf
Kenya,MCH,Facility Maternal Mortality Rate,Outcome,2027,88.0,"per 100,000",Rate,Lower is better,MCH,"per 100,000",,,https://www.citizen.org/wp-content/uploads/2026-0007QN-Kenya-Health-12.4.2025.pdf
Kenya,MCH,Facility Maternal Mortality Rate,Outcome,2028,86.0,"per 100,000",Rate,Lower is better,MCH,"per 100,000",,,https://www.citizen.org/wp-content/uploads/2026-0007QN-Kenya-Health-12.4.2025.pdf
Kenya,MCH,Facility Maternal Mortality Rate,Outcome,2029,84.0,"per 100,000",Rate,Lower is better,MCH,"per 100,000",,,https://www.citizen.org/wp-content/uploads/2026-0007QN-Kenya-Health-12.4.2025.pdf
Kenya,MCH,Facility Maternal Mortality Rate,Outcome,2030,82.0,"per 100,000",Rate,Lower is better,MCH,"per 100,000",,,https://www.citizen.org/wp-content/uploads/2026-0007QN-Kenya-Health-12.4.2025.pdf
Kenya,MCH,Facility Neonatal Mortality Rate,Outcome,Baseline,10.0,"per 1,000 live births",Rate,Lower is better,MCH,"per 1,000 live births",,,https://www.citizen.org/wp-content/uploads/2026-0007QN-Kenya-Health-12.4.2025.pdf
Kenya,MCH,Facility Neonatal Mortality Rate,Outcome,2026,9.0,"per 1,000 live births",Rate,Lower is better,MCH,"per 1,000 live births",,,https://www.citizen.org/wp-content/uploads/2026-0007QN-Kenya-Health-12.4.2025.pdf
Kenya,MCH,Facility Neonatal Mortality Rate,Outcome,2027,8.0,"per 1,000 live births",Rate,Lower is better,MCH,"per 1,000 live births",,,https://www.citizen.org/wp-content/uploads/2026-0007QN-Kenya-Health-12.4.2025.pdf
Kenya,MCH,Facility Neonatal Mortality Rate,Outcome,2028,7.0,"per 1,000 live births",Rate,Lower is better,MCH,"per 1,000 live births",,,https://www.citizen.org/wp-content/uploads/2026-0007QN-Kenya-Health-12.4.2025.pdf
Kenya,MCH,Facility Neonatal Mortality Rate,Outcome,2029,7.0,"per 1,000 live births",Rate,Lower is better,MCH,"per 1,000 live births",,,https://www.citizen.org/wp-content/uploads/2026-0007QN-Kenya-Health-12.4.2025.pdf
Kenya,MCH,Facility Neonatal Mortality Rate,Outcome,2030,6.0,"per 1,000 live births",Rate,Lower is better,MCH,"per 1,000 live births",,,https://www.citizen.org/wp-content/uploads/2026-0007QN-Kenya-Health-12.4.2025.pdf
Kenya,HIV/AIDS,# people on ART,Process,Baseline,1299672.0,count,Absolute number,Higher is better,HIV/AIDS,"count (+2,800/yr)",,,https://www.citizen.org/wp-content/uploads/2026-0007QN-Kenya-Health-12.4.2025.pdf
Kenya,HIV/AIDS,# people on ART,Process,2026,1302472.0,count,Absolute number,Higher is better,HIV/AIDS,"count (+2,800/yr)",,,https://www.citizen.org/wp-content/uploads/2026-0007QN-Kenya-Health-12.4.2025.pdf
Kenya,HIV/AIDS,# people on ART,Process,2027,1305272.0,count,Absolute number,Higher is better,HIV/AIDS,"count (+2,800/yr)",,,https://www.citizen.org/wp-content/uploads/2026-0007QN-Kenya-Health-12.4.2025.pdf
Kenya,HIV/AIDS,# people on ART,Process,2028,1308072.0,count,Absolute number,Higher is better,HIV/AIDS,"count (+2,800/yr)",,,https://www.citizen.org/wp-content/uploads/2026-0007QN-Kenya-Health-12.4.2025.pdf
Kenya,HIV/AIDS,# people on ART,Process,2029,1310872.0,count,Absolute number,Higher is better,HIV/AIDS,"count (+2,800/yr)",,,https://www.citizen.org/wp-content/uploads/2026-0007QN-Kenya-Health-12.4.2025.pdf
Kenya,HIV/AIDS,# people on ART,Process,2030,1313672.0,count,Absolute number,Higher is better,HIV/AIDS,"count (+2,800/yr)",,,https://www.citizen.org/wp-content/uploads/2026-0007QN-Kenya-Health-12.4.2025.pdf
Kenya,HIV/AIDS,# new HIV diagnoses among infants (0-12 months),Process,Baseline,2002.0,count,Absolute number,Lower is better,HIV/AIDS,count,,,https://www.citizen.org/wp-content/uploads/2026-0007QN-Kenya-Health-12.4.2025.pdf
Kenya,HIV/AIDS,# new HIV diagnoses among infants (0-12 months),Process,2026,1802.0,count,Absolute number,Lower is better,HIV/AIDS,count,,,https://www.citizen.org/wp-content/uploads/2026-0007QN-Kenya-Health-12.4.2025.pdf
Kenya,HIV/AIDS,# new HIV diagnoses among infants (0-12 months),Process,2027,1622.0,count,Absolute number,Lower is better,HIV/AIDS,count,,,https://www.citizen.org/wp-content/uploads/2026-0007QN-Kenya-Health-12.4.2025.pdf
Kenya,HIV/AIDS,# new HIV diagnoses among infants (0-12 months),Process,2028,1459.0,count,Absolute number,Lower is better,HIV/AIDS,count,,,https://www.citizen.org/wp-content/uploads/2026-0007QN-Kenya-Health-12.4.2025.pdf
Kenya,HIV/AIDS,# new HIV diagnoses among infants (0-12 months),Process,2029,1314.0,count,Absolute number,Lower is better,HIV/AIDS,count,,,https://www.citizen.org/wp-content/uploads/2026-0007QN-Kenya-Health-12.4.2025.pdf
Kenya,HIV/AIDS,# new HIV diagnoses among infants (0-12 months),Process,2030,1182.0,count,Absolute number,Lower is better,HIV/AIDS,count,,,https://www.citizen.org/wp-content/uploads/2026-0007QN-Kenya-Health-12.4.2025.pdf
Kenya,HIV/AIDS,"# new HIV diagnoses, children & adults (18mo+)",Process,Baseline,80700.0,count,Absolute number,Lower is better,HIV/AIDS,count,,,https://www.citizen.org/wp-content/uploads/2026-0007QN-Kenya-Health-12.4.2025.pdf
Kenya,HIV/AIDS,"# new HIV diagnoses, children & adults (18mo+)",Process,2026,70700.0,count,Absolute number,Lower is better,HIV/AIDS,count,,,https://www.citizen.org/wp-content/uploads/2026-0007QN-Kenya-Health-12.4.2025.pdf
Kenya,HIV/AIDS,"# new HIV diagnoses, children & adults (18mo+)",Process,2027,60700.0,count,Absolute number,Lower is better,HIV/AIDS,count,,,https://www.citizen.org/wp-content/uploads/2026-0007QN-Kenya-Health-12.4.2025.pdf
Kenya,HIV/AIDS,"# new HIV diagnoses, children & adults (18mo+)",Process,2028,50700.0,count,Absolute number,Lower is better,HIV/AIDS,count,,,https://www.citizen.org/wp-content/uploads/2026-0007QN-Kenya-Health-12.4.2025.pdf
Kenya,HIV/AIDS,"# new HIV diagnoses, children & adults (18mo+)",Process,2029,40700.0,count,Absolute number,Lower is better,HIV/AIDS,count,,,https://www.citizen.org/wp-content/uploads/2026-0007QN-Kenya-Health-12.4.2025.pdf
Kenya,HIV/AIDS,"# new HIV diagnoses, children & adults (18mo+)",Process,2030,30700.0,count,Absolute number,Lower is better,HIV/AIDS,count,,,https://www.citizen.org/wp-content/uploads/2026-0007QN-Kenya-Health-12.4.2025.pdf
Kenya,HIV/AIDS,% pregnant & breastfeeding women with HIV on ART,Process,Baseline,90.0,%,Percentage,Higher is better,HIV/AIDS,%,,,https://www.citizen.org/wp-content/uploads/2026-0007QN-Kenya-Health-12.4.2025.pdf
Kenya,HIV/AIDS,% pregnant & breastfeeding women with HIV on ART,Process,2026,92.0,%,Percentage,Higher is better,HIV/AIDS,%,,,https://www.citizen.org/wp-content/uploads/2026-0007QN-Kenya-Health-12.4.2025.pdf
Kenya,HIV/AIDS,% pregnant & breastfeeding women with HIV on ART,Process,2027,94.0,%,Percentage,Higher is better,HIV/AIDS,%,,,https://www.citizen.org/wp-content/uploads/2026-0007QN-Kenya-Health-12.4.2025.pdf
Kenya,HIV/AIDS,% pregnant & breastfeeding women with HIV on ART,Process,2028,96.0,%,Percentage,Higher is better,HIV/AIDS,%,,,https://www.citizen.org/wp-content/uploads/2026-0007QN-Kenya-Health-12.4.2025.pdf
Kenya,HIV/AIDS,% pregnant & breastfeeding women with HIV on ART,Process,2029,97.0,%,Percentage,Higher is better,HIV/AIDS,%,,,https://www.citizen.org/wp-content/uploads/2026-0007QN-Kenya-Health-12.4.2025.pdf
Kenya,HIV/AIDS,% pregnant & breastfeeding women with HIV on ART,Process,2030,98.0,%,Percentage,Higher is better,HIV/AIDS,%,,,https://www.citizen.org/wp-content/uploads/2026-0007QN-Kenya-Health-12.4.2025.pdf
Kenya,Malaria,% confirmed malaria cases receiving first-line treatment,Process,Baseline,98.5,%,Percentage,Higher is better,Malaria,%,,,https://www.citizen.org/wp-content/uploads/2026-0007QN-Kenya-Health-12.4.2025.pdf
Kenya,Malaria,% confirmed malaria cases receiving first-line treatment,Process,2026,100.0,%,Percentage,Higher is better,Malaria,%,,,https://www.citizen.org/wp-content/uploads/2026-0007QN-Kenya-Health-12.4.2025.pdf
Kenya,Malaria,% confirmed malaria cases receiving first-line treatment,Process,2027,100.0,%,Percentage,Higher is better,Malaria,%,,,https://www.citizen.org/wp-content/uploads/2026-0007QN-Kenya-Health-12.4.2025.pdf
Kenya,Malaria,% confirmed malaria cases receiving first-line treatment,Process,2028,100.0,%,Percentage,Higher is better,Malaria,%,,,https://www.citizen.org/wp-content/uploads/2026-0007QN-Kenya-Health-12.4.2025.pdf
Kenya,Malaria,% confirmed malaria cases receiving first-line treatment,Process,2029,100.0,%,Percentage,Higher is better,Malaria,%,,,https://www.citizen.org/wp-content/uploads/2026-0007QN-Kenya-Health-12.4.2025.pdf
Kenya,Malaria,% confirmed malaria cases receiving first-line treatment,Process,2030,100.0,%,Percentage,Higher is better,Malaria,%,,,https://www.citizen.org/wp-content/uploads/2026-0007QN-Kenya-Health-12.4.2025.pdf
Kenya,Malaria,# insecticide-treated nets distributed,Process,Baseline,1400000.0,count,Absolute number,Higher is better,Malaria,count; printed as '1.4M' all years,,,https://www.citizen.org/wp-content/uploads/2026-0007QN-Kenya-Health-12.4.2025.pdf
Kenya,Malaria,# insecticide-treated nets distributed,Process,2026,1400000.0,count,Absolute number,Higher is better,Malaria,count; printed as '1.4M' all years,,,https://www.citizen.org/wp-content/uploads/2026-0007QN-Kenya-Health-12.4.2025.pdf
Kenya,Malaria,# insecticide-treated nets distributed,Process,2027,1400000.0,count,Absolute number,Higher is better,Malaria,count; printed as '1.4M' all years,,,https://www.citizen.org/wp-content/uploads/2026-0007QN-Kenya-Health-12.4.2025.pdf
Kenya,Malaria,# insecticide-treated nets distributed,Process,2028,1400000.0,count,Absolute number,Higher is better,Malaria,count; printed as '1.4M' all years,,,https://www.citizen.org/wp-content/uploads/2026-0007QN-Kenya-Health-12.4.2025.pdf
Kenya,Malaria,# insecticide-treated nets distributed,Process,2029,1400000.0,count,Absolute number,Higher is better,Malaria,count; printed as '1.4M' all years,,,https://www.citizen.org/wp-content/uploads/2026-0007QN-Kenya-Health-12.4.2025.pdf
Kenya,Malaria,# insecticide-treated nets distributed,Process,2030,1400000.0,count,Absolute number,Higher is better,Malaria,count; printed as '1.4M' all years,,,https://www.citizen.org/wp-content/uploads/2026-0007QN-Kenya-Health-12.4.2025.pdf
Kenya,TB,# patients with TB notified,Process,Baseline,96865.0,count,Absolute number,Higher is better,TB,count,,,https://www.citizen.org/wp-content/uploads/2026-0007QN-Kenya-Health-12.4.2025.pdf
Kenya,TB,# patients with TB notified,Process,2026,97219.0,count,Absolute number,Higher is better,TB,count,,,https://www.citizen.org/wp-content/uploads/2026-0007QN-Kenya-Health-12.4.2025.pdf
Kenya,TB,# patients with TB notified,Process,2027,92585.0,count,Absolute number,Higher is better,TB,count,,,https://www.citizen.org/wp-content/uploads/2026-0007QN-Kenya-Health-12.4.2025.pdf
Kenya,TB,# patients with TB notified,Process,2028,87659.0,count,Absolute number,Higher is better,TB,count,,,https://www.citizen.org/wp-content/uploads/2026-0007QN-Kenya-Health-12.4.2025.pdf
Kenya,TB,# patients with TB notified,Process,2029,81523.0,count,Absolute number,Higher is better,TB,count,,,https://www.citizen.org/wp-content/uploads/2026-0007QN-Kenya-Health-12.4.2025.pdf
Kenya,TB,# patients with TB notified,Process,2030,75816.0,count,Absolute number,Higher is better,TB,count,,,https://www.citizen.org/wp-content/uploads/2026-0007QN-Kenya-Health-12.4.2025.pdf
Kenya,TB,% TB notified who completed treatment,Process,Baseline,89.0,%,Percentage,Higher is better,TB,%,,,https://www.citizen.org/wp-content/uploads/2026-0007QN-Kenya-Health-12.4.2025.pdf
Kenya,TB,% TB notified who completed treatment,Process,2026,90.0,%,Percentage,Higher is better,TB,%,,,https://www.citizen.org/wp-content/uploads/2026-0007QN-Kenya-Health-12.4.2025.pdf
Kenya,TB,% TB notified who completed treatment,Process,2027,91.0,%,Percentage,Higher is better,TB,%,,,https://www.citizen.org/wp-content/uploads/2026-0007QN-Kenya-Health-12.4.2025.pdf
Kenya,TB,% TB notified who completed treatment,Process,2028,92.0,%,Percentage,Higher is better,TB,%,,,https://www.citizen.org/wp-content/uploads/2026-0007QN-Kenya-Health-12.4.2025.pdf
Kenya,TB,% TB notified who completed treatment,Process,2029,92.0,%,Percentage,Higher is better,TB,%,,,https://www.citizen.org/wp-content/uploads/2026-0007QN-Kenya-Health-12.4.2025.pdf
Kenya,TB,% TB notified who completed treatment,Process,2030,92.0,%,Percentage,Higher is better,TB,%,,,https://www.citizen.org/wp-content/uploads/2026-0007QN-Kenya-Health-12.4.2025.pdf
Kenya,Polio,% surviving infants with >=1 dose IPV,Process,Baseline,79.0,%,Percentage,Higher is better,Polio,%,,,https://www.citizen.org/wp-content/uploads/2026-0007QN-Kenya-Health-12.4.2025.pdf
Kenya,Polio,% surviving infants with >=1 dose IPV,Process,2026,82.0,%,Percentage,Higher is better,Polio,%,,,https://www.citizen.org/wp-content/uploads/2026-0007QN-Kenya-Health-12.4.2025.pdf
Kenya,Polio,% surviving infants with >=1 dose IPV,Process,2027,85.0,%,Percentage,Higher is better,Polio,%,,,https://www.citizen.org/wp-content/uploads/2026-0007QN-Kenya-Health-12.4.2025.pdf
Kenya,Polio,% surviving infants with >=1 dose IPV,Process,2028,88.0,%,Percentage,Higher is better,Polio,%,,,https://www.citizen.org/wp-content/uploads/2026-0007QN-Kenya-Health-12.4.2025.pdf
Kenya,Polio,% surviving infants with >=1 dose IPV,Process,2029,90.0,%,Percentage,Higher is better,Polio,%,,,https://www.citizen.org/wp-content/uploads/2026-0007QN-Kenya-Health-12.4.2025.pdf
Kenya,Polio,% surviving infants with >=1 dose IPV,Process,2030,93.0,%,Percentage,Higher is better,Polio,%,,,https://www.citizen.org/wp-content/uploads/2026-0007QN-Kenya-Health-12.4.2025.pdf
Kenya,Immunisation (measles),% children 12-23mo with 1 dose measles vaccine,Process,Baseline,75.0,%,Percentage,Higher is better,Measles,%,,,https://www.citizen.org/wp-content/uploads/2026-0007QN-Kenya-Health-12.4.2025.pdf
Kenya,Immunisation (measles),% children 12-23mo with 1 dose measles vaccine,Process,2026,80.0,%,Percentage,Higher is better,Measles,%,,,https://www.citizen.org/wp-content/uploads/2026-0007QN-Kenya-Health-12.4.2025.pdf
Kenya,Immunisation (measles),% children 12-23mo with 1 dose measles vaccine,Process,2027,82.0,%,Percentage,Higher is better,Measles,%,,,https://www.citizen.org/wp-content/uploads/2026-0007QN-Kenya-Health-12.4.2025.pdf
Kenya,Immunisation (measles),% children 12-23mo with 1 dose measles vaccine,Process,2028,84.0,%,Percentage,Higher is better,Measles,%,,,https://www.citizen.org/wp-content/uploads/2026-0007QN-Kenya-Health-12.4.2025.pdf
Kenya,Immunisation (measles),% children 12-23mo with 1 dose measles vaccine,Process,2029,86.0,%,Percentage,Higher is better,Measles,%,,,https://www.citizen.org/wp-content/uploads/2026-0007QN-Kenya-Health-12.4.2025.pdf
Kenya,Immunisation (measles),% children 12-23mo with 1 dose measles vaccine,Process,2030,88.0,%,Percentage,Higher is better,Measles,%,,,https://www.citizen.org/wp-content/uploads/2026-0007QN-Kenya-Health-12.4.2025.pdf
Kenya,MCH,% pregnant women with 4th ANC visit,Process,Baseline,51.7,%,Percentage,Higher is better,MCH,%,,,https://www.citizen.org/wp-content/uploads/2026-0007QN-Kenya-Health-12.4.2025.pdf
Kenya,MCH,% pregnant women with 4th ANC visit,Process,2026,53.0,%,Percentage,Higher is better,MCH,%,,,https://www.citizen.org/wp-content/uploads/2026-0007QN-Kenya-Health-12.4.2025.pdf
Kenya,MCH,% pregnant women with 4th ANC visit,Process,2027,55.0,%,Percentage,Higher is better,MCH,%,,,https://www.citizen.org/wp-content/uploads/2026-0007QN-Kenya-Health-12.4.2025.pdf
Kenya,MCH,% pregnant women with 4th ANC visit,Process,2028,57.0,%,Percentage,Higher is better,MCH,%,,,https://www.citizen.org/wp-content/uploads/2026-0007QN-Kenya-Health-12.4.2025.pdf
Kenya,MCH,% pregnant women with 4th ANC visit,Process,2029,59.0,%,Percentage,Higher is better,MCH,%,,,https://www.citizen.org/wp-content/uploads/2026-0007QN-Kenya-Health-12.4.2025.pdf
Kenya,MCH,% pregnant women with 4th ANC visit,Process,2030,61.0,%,Percentage,Higher is better,MCH,%,,,https://www.citizen.org/wp-content/uploads/2026-0007QN-Kenya-Health-12.4.2025.pdf
Kenya,Data systems & quality,% accuracy of data fields (annual data audit),Process,2026,90.0,%,Percentage,Higher is better,Data systems,%; baseline N/A,,,https://www.citizen.org/wp-content/uploads/2026-0007QN-Kenya-Health-12.4.2025.pdf
Kenya,Data systems & quality,% accuracy of data fields (annual data audit),Process,2027,92.5,%,Percentage,Higher is better,Data systems,%; baseline N/A,,,https://www.citizen.org/wp-content/uploads/2026-0007QN-Kenya-Health-12.4.2025.pdf
Kenya,Data systems & quality,% accuracy of data fields (annual data audit),Process,2028,95.0,%,Percentage,Higher is better,Data systems,%; baseline N/A,,,https://www.citizen.org/wp-content/uploads/2026-0007QN-Kenya-Health-12.4.2025.pdf
Kenya,Data systems & quality,% accuracy of data fields (annual data audit),Process,2029,95.0,%,Percentage,Higher is better,Data systems,%; baseline N/A,,,https://www.citizen.org/wp-content/uploads/2026-0007QN-Kenya-Health-12.4.2025.pdf
Kenya,Data systems & quality,% accuracy of data fields (annual data audit),Process,2030,95.0,%,Percentage,Higher is better,Data systems,%; baseline N/A,,,https://www.citizen.org/wp-content/uploads/2026-0007QN-Kenya-Health-12.4.2025.pdf
Kenya,GHS / outbreak response,Detect suspected outbreaks within 7 days of emergence,Outbreak response (7-1-7),2026,7.0,days,Days,Lower is better,GHS,days; standing commitment,,,https://www.citizen.org/wp-content/uploads/2026-0007QN-Kenya-Health-12.4.2025.pdf
Kenya,GHS / outbreak response,Detect suspected outbreaks within 7 days of emergence,Outbreak response (7-1-7),2027,7.0,days,Days,Lower is better,GHS,days; standing commitment,,,https://www.citizen.org/wp-content/uploads/2026-0007QN-Kenya-Health-12.4.2025.pdf
Kenya,GHS / outbreak response,Detect suspected outbreaks within 7 days of emergence,Outbreak response (7-1-7),2028,7.0,days,Days,Lower is better,GHS,days; standing commitment,,,https://www.citizen.org/wp-content/uploads/2026-0007QN-Kenya-Health-12.4.2025.pdf
Kenya,GHS / outbreak response,Detect suspected outbreaks within 7 days of emergence,Outbreak response (7-1-7),2029,7.0,days,Days,Lower is better,GHS,days; standing commitment,,,https://www.citizen.org/wp-content/uploads/2026-0007QN-Kenya-Health-12.4.2025.pdf
Kenya,GHS / outbreak response,Detect suspected outbreaks within 7 days of emergence,Outbreak response (7-1-7),2030,7.0,days,Days,Lower is better,GHS,days; standing commitment,,,https://www.citizen.org/wp-content/uploads/2026-0007QN-Kenya-Health-12.4.2025.pdf
Kenya,GHS / outbreak response,Notify USG within 1 day of detection,Outbreak response (7-1-7),2026,1.0,days,Days,Lower is better,GHS,days; standing commitment,,,https://www.citizen.org/wp-content/uploads/2026-0007QN-Kenya-Health-12.4.2025.pdf
Kenya,GHS / outbreak response,Notify USG within 1 day of detection,Outbreak response (7-1-7),2027,1.0,days,Days,Lower is better,GHS,days; standing commitment,,,https://www.citizen.org/wp-content/uploads/2026-0007QN-Kenya-Health-12.4.2025.pdf
Kenya,GHS / outbreak response,Notify USG within 1 day of detection,Outbreak response (7-1-7),2028,1.0,days,Days,Lower is better,GHS,days; standing commitment,,,https://www.citizen.org/wp-content/uploads/2026-0007QN-Kenya-Health-12.4.2025.pdf
Kenya,GHS / outbreak response,Notify USG within 1 day of detection,Outbreak response (7-1-7),2029,1.0,days,Days,Lower is better,GHS,days; standing commitment,,,https://www.citizen.org/wp-content/uploads/2026-0007QN-Kenya-Health-12.4.2025.pdf
Kenya,GHS / outbreak response,Notify USG within 1 day of detection,Outbreak response (7-1-7),2030,1.0,days,Days,Lower is better,GHS,days; standing commitment,,,https://www.citizen.org/wp-content/uploads/2026-0007QN-Kenya-Health-12.4.2025.pdf
Kenya,GHS / outbreak response,Complete initial response actions within 7 days of notification,Outbreak response (7-1-7),2026,7.0,days,Days,Lower is better,GHS,days; standing commitment,,,https://www.citizen.org/wp-content/uploads/2026-0007QN-Kenya-Health-12.4.2025.pdf
Kenya,GHS / outbreak response,Complete initial response actions within 7 days of notification,Outbreak response (7-1-7),2027,7.0,days,Days,Lower is better,GHS,days; standing commitment,,,https://www.citizen.org/wp-content/uploads/2026-0007QN-Kenya-Health-12.4.2025.pdf
Kenya,GHS / outbreak response,Complete initial response actions within 7 days of notification,Outbreak response (7-1-7),2028,7.0,days,Days,Lower is better,GHS,days; standing commitment,,,https://www.citizen.org/wp-content/uploads/2026-0007QN-Kenya-Health-12.4.2025.pdf
Kenya,GHS / outbreak response,Complete initial response actions within 7 days of notification,Outbreak response (7-1-7),2029,7.0,days,Days,Lower is better,GHS,days; standing commitment,,,https://www.citizen.org/wp-content/uploads/2026-0007QN-Kenya-Health-12.4.2025.pdf
Kenya,GHS / outbreak response,Complete initial response actions within 7 days of notification,Outbreak response (7-1-7),2030,7.0,days,Days,Lower is better,GHS,days; standing commitment,,,https://www.citizen.org/wp-content/uploads/2026-0007QN-Kenya-Health-12.4.2025.pdf
Uganda,HIV/AIDS,% People With HIV Who Know Their Status,Outcome,Baseline,94.0,%,Percentage,Higher is better,HIV/AIDS,%; targets '>95%',,,https://www.citizen.org/wp-content/uploads/2026-0012QN-Uganda-Health-12.10.2025.pdf
Uganda,HIV/AIDS,% People With HIV Who Know Their Status,Outcome,2026,95.0,%,Percentage,Higher is better,HIV/AIDS,%; targets '>95%',,,https://www.citizen.org/wp-content/uploads/2026-0012QN-Uganda-Health-12.10.2025.pdf
Uganda,HIV/AIDS,% People With HIV Who Know Their Status,Outcome,2027,95.0,%,Percentage,Higher is better,HIV/AIDS,%; targets '>95%',,,https://www.citizen.org/wp-content/uploads/2026-0012QN-Uganda-Health-12.10.2025.pdf
Uganda,HIV/AIDS,% People With HIV Who Know Their Status,Outcome,2028,95.0,%,Percentage,Higher is better,HIV/AIDS,%; targets '>95%',,,https://www.citizen.org/wp-content/uploads/2026-0012QN-Uganda-Health-12.10.2025.pdf
Uganda,HIV/AIDS,% People With HIV Who Know Their Status,Outcome,2029,95.0,%,Percentage,Higher is better,HIV/AIDS,%; targets '>95%',,,https://www.citizen.org/wp-content/uploads/2026-0012QN-Uganda-Health-12.10.2025.pdf
Uganda,HIV/AIDS,% People With HIV Who Know Their Status,Outcome,2030,95.0,%,Percentage,Higher is better,HIV/AIDS,%; targets '>95%',,,https://www.citizen.org/wp-content/uploads/2026-0012QN-Uganda-Health-12.10.2025.pdf
Uganda,HIV/AIDS,% People Who Know Their HIV Status on Treatment,Outcome,Baseline,90.0,%,Percentage,Higher is better,HIV/AIDS,%; targets '>',,,https://www.citizen.org/wp-content/uploads/2026-0012QN-Uganda-Health-12.10.2025.pdf
Uganda,HIV/AIDS,% People Who Know Their HIV Status on Treatment,Outcome,2026,92.0,%,Percentage,Higher is better,HIV/AIDS,%; targets '>',,,https://www.citizen.org/wp-content/uploads/2026-0012QN-Uganda-Health-12.10.2025.pdf
Uganda,HIV/AIDS,% People Who Know Their HIV Status on Treatment,Outcome,2027,94.0,%,Percentage,Higher is better,HIV/AIDS,%; targets '>',,,https://www.citizen.org/wp-content/uploads/2026-0012QN-Uganda-Health-12.10.2025.pdf
Uganda,HIV/AIDS,% People Who Know Their HIV Status on Treatment,Outcome,2028,95.0,%,Percentage,Higher is better,HIV/AIDS,%; targets '>',,,https://www.citizen.org/wp-content/uploads/2026-0012QN-Uganda-Health-12.10.2025.pdf
Uganda,HIV/AIDS,% People Who Know Their HIV Status on Treatment,Outcome,2029,95.0,%,Percentage,Higher is better,HIV/AIDS,%; targets '>',,,https://www.citizen.org/wp-content/uploads/2026-0012QN-Uganda-Health-12.10.2025.pdf
Uganda,HIV/AIDS,% People Who Know Their HIV Status on Treatment,Outcome,2030,95.0,%,Percentage,Higher is better,HIV/AIDS,%; targets '>',,,https://www.citizen.org/wp-content/uploads/2026-0012QN-Uganda-Health-12.10.2025.pdf
Uganda,HIV/AIDS,% People on ART Virally Suppressed,Outcome,Baseline,96.0,%,Percentage,Higher is better,HIV/AIDS,%; targets '>95%',,,https://www.citizen.org/wp-content/uploads/2026-0012QN-Uganda-Health-12.10.2025.pdf
Uganda,HIV/AIDS,% People on ART Virally Suppressed,Outcome,2026,95.0,%,Percentage,Higher is better,HIV/AIDS,%; targets '>95%',,,https://www.citizen.org/wp-content/uploads/2026-0012QN-Uganda-Health-12.10.2025.pdf
Uganda,HIV/AIDS,% People on ART Virally Suppressed,Outcome,2027,95.0,%,Percentage,Higher is better,HIV/AIDS,%; targets '>95%',,,https://www.citizen.org/wp-content/uploads/2026-0012QN-Uganda-Health-12.10.2025.pdf
Uganda,HIV/AIDS,% People on ART Virally Suppressed,Outcome,2028,95.0,%,Percentage,Higher is better,HIV/AIDS,%; targets '>95%',,,https://www.citizen.org/wp-content/uploads/2026-0012QN-Uganda-Health-12.10.2025.pdf
Uganda,HIV/AIDS,% People on ART Virally Suppressed,Outcome,2029,95.0,%,Percentage,Higher is better,HIV/AIDS,%; targets '>95%',,,https://www.citizen.org/wp-content/uploads/2026-0012QN-Uganda-Health-12.10.2025.pdf
Uganda,HIV/AIDS,% People on ART Virally Suppressed,Outcome,2030,95.0,%,Percentage,Higher is better,HIV/AIDS,%; targets '>95%',,,https://www.citizen.org/wp-content/uploads/2026-0012QN-Uganda-Health-12.10.2025.pdf
Uganda,Malaria,# Malaria Deaths in Children Under 5,Outcome,Baseline,9567.0,count,Absolute number,Lower is better,Malaria,count,,,https://www.citizen.org/wp-content/uploads/2026-0012QN-Uganda-Health-12.10.2025.pdf
Uganda,Malaria,# Malaria Deaths in Children Under 5,Outcome,2026,6912.0,count,Absolute number,Lower is better,Malaria,count,,,https://www.citizen.org/wp-content/uploads/2026-0012QN-Uganda-Health-12.10.2025.pdf
Uganda,Malaria,# Malaria Deaths in Children Under 5,Outcome,2027,5875.0,count,Absolute number,Lower is better,Malaria,count,,,https://www.citizen.org/wp-content/uploads/2026-0012QN-Uganda-Health-12.10.2025.pdf
Uganda,Malaria,# Malaria Deaths in Children Under 5,Outcome,2028,4994.0,count,Absolute number,Lower is better,Malaria,count,,,https://www.citizen.org/wp-content/uploads/2026-0012QN-Uganda-Health-12.10.2025.pdf
Uganda,Malaria,# Malaria Deaths in Children Under 5,Outcome,2029,4245.0,count,Absolute number,Lower is better,Malaria,count,,,https://www.citizen.org/wp-content/uploads/2026-0012QN-Uganda-Health-12.10.2025.pdf
Uganda,Malaria,# Malaria Deaths in Children Under 5,Outcome,2030,3608.0,count,Absolute number,Lower is better,Malaria,count,,,https://www.citizen.org/wp-content/uploads/2026-0012QN-Uganda-Health-12.10.2025.pdf
Uganda,Malaria,# Malaria Deaths (all ages),Outcome,Baseline,15945.0,count,Absolute number,Lower is better,Malaria,count,,,https://www.citizen.org/wp-content/uploads/2026-0012QN-Uganda-Health-12.10.2025.pdf
Uganda,Malaria,# Malaria Deaths (all ages),Outcome,2026,11520.0,count,Absolute number,Lower is better,Malaria,count,,,https://www.citizen.org/wp-content/uploads/2026-0012QN-Uganda-Health-12.10.2025.pdf
Uganda,Malaria,# Malaria Deaths (all ages),Outcome,2027,9792.0,count,Absolute number,Lower is better,Malaria,count,,,https://www.citizen.org/wp-content/uploads/2026-0012QN-Uganda-Health-12.10.2025.pdf
Uganda,Malaria,# Malaria Deaths (all ages),Outcome,2028,8323.0,count,Absolute number,Lower is better,Malaria,count,,,https://www.citizen.org/wp-content/uploads/2026-0012QN-Uganda-Health-12.10.2025.pdf
Uganda,Malaria,# Malaria Deaths (all ages),Outcome,2029,7075.0,count,Absolute number,Lower is better,Malaria,count,,,https://www.citizen.org/wp-content/uploads/2026-0012QN-Uganda-Health-12.10.2025.pdf
Uganda,Malaria,# Malaria Deaths (all ages),Outcome,2030,6014.0,count,Absolute number,Lower is better,Malaria,count,,,https://www.citizen.org/wp-content/uploads/2026-0012QN-Uganda-Health-12.10.2025.pdf
Uganda,TB,# TB Deaths,Outcome,Baseline,9900.0,count,Absolute number,Lower is better,TB,count,,,https://www.citizen.org/wp-content/uploads/2026-0012QN-Uganda-Health-12.10.2025.pdf
Uganda,TB,# TB Deaths,Outcome,2026,8910.0,count,Absolute number,Lower is better,TB,count,,,https://www.citizen.org/wp-content/uploads/2026-0012QN-Uganda-Health-12.10.2025.pdf
Uganda,TB,# TB Deaths,Outcome,2027,7920.0,count,Absolute number,Lower is better,TB,count,,,https://www.citizen.org/wp-content/uploads/2026-0012QN-Uganda-Health-12.10.2025.pdf
Uganda,TB,# TB Deaths,Outcome,2028,6930.0,count,Absolute number,Lower is better,TB,count,,,https://www.citizen.org/wp-content/uploads/2026-0012QN-Uganda-Health-12.10.2025.pdf
Uganda,TB,# TB Deaths,Outcome,2029,5940.0,count,Absolute number,Lower is better,TB,count,,,https://www.citizen.org/wp-content/uploads/2026-0012QN-Uganda-Health-12.10.2025.pdf
Uganda,TB,# TB Deaths,Outcome,2030,4950.0,count,Absolute number,Lower is better,TB,count,,,https://www.citizen.org/wp-content/uploads/2026-0012QN-Uganda-Health-12.10.2025.pdf
Uganda,Polio,# Polio/AFP Cases,Outcome,Baseline,0.0,count,Absolute number,Lower is better,Polio,count; maintain zero,,,https://www.citizen.org/wp-content/uploads/2026-0012QN-Uganda-Health-12.10.2025.pdf
Uganda,Polio,# Polio/AFP Cases,Outcome,2026,0.0,count,Absolute number,Lower is better,Polio,count; maintain zero,,,https://www.citizen.org/wp-content/uploads/2026-0012QN-Uganda-Health-12.10.2025.pdf
Uganda,Polio,# Polio/AFP Cases,Outcome,2027,0.0,count,Absolute number,Lower is better,Polio,count; maintain zero,,,https://www.citizen.org/wp-content/uploads/2026-0012QN-Uganda-Health-12.10.2025.pdf
Uganda,Polio,# Polio/AFP Cases,Outcome,2028,0.0,count,Absolute number,Lower is better,Polio,count; maintain zero,,,https://www.citizen.org/wp-content/uploads/2026-0012QN-Uganda-Health-12.10.2025.pdf
Uganda,Polio,# Polio/AFP Cases,Outcome,2029,0.0,count,Absolute number,Lower is better,Polio,count; maintain zero,,,https://www.citizen.org/wp-content/uploads/2026-0012QN-Uganda-Health-12.10.2025.pdf
Uganda,Polio,# Polio/AFP Cases,Outcome,2030,0.0,count,Absolute number,Lower is better,Polio,count; maintain zero,,,https://www.citizen.org/wp-content/uploads/2026-0012QN-Uganda-Health-12.10.2025.pdf
Uganda,Polio,"Non-Polio AFP Rate per 100,000 <15 population",Outcome,Baseline,2.9,rate,Rate,Higher is better,Polio,rate; rising = better surveillance sensitivity,,,https://www.citizen.org/wp-content/uploads/2026-0012QN-Uganda-Health-12.10.2025.pdf
Uganda,Polio,"Non-Polio AFP Rate per 100,000 <15 population",Outcome,2026,3.0,rate,Rate,Higher is better,Polio,rate; rising = better surveillance sensitivity,,,https://www.citizen.org/wp-content/uploads/2026-0012QN-Uganda-Health-12.10.2025.pdf
Uganda,Polio,"Non-Polio AFP Rate per 100,000 <15 population",Outcome,2027,3.15,rate,Rate,Higher is better,Polio,rate; rising = better surveillance sensitivity,,,https://www.citizen.org/wp-content/uploads/2026-0012QN-Uganda-Health-12.10.2025.pdf
Uganda,Polio,"Non-Polio AFP Rate per 100,000 <15 population",Outcome,2028,3.25,rate,Rate,Higher is better,Polio,rate; rising = better surveillance sensitivity,,,https://www.citizen.org/wp-content/uploads/2026-0012QN-Uganda-Health-12.10.2025.pdf
Uganda,Polio,"Non-Polio AFP Rate per 100,000 <15 population",Outcome,2029,3.5,rate,Rate,Higher is better,Polio,rate; rising = better surveillance sensitivity,,,https://www.citizen.org/wp-content/uploads/2026-0012QN-Uganda-Health-12.10.2025.pdf
Uganda,Polio,"Non-Polio AFP Rate per 100,000 <15 population",Outcome,2030,3.75,rate,Rate,Higher is better,Polio,rate; rising = better surveillance sensitivity,,,https://www.citizen.org/wp-content/uploads/2026-0012QN-Uganda-Health-12.10.2025.pdf
Uganda,Immunisation (measles),# confirmed Measles cases,Outcome,Baseline,803.0,count,Absolute number,Lower is better,Measles,count,,,https://www.citizen.org/wp-content/uploads/2026-0012QN-Uganda-Health-12.10.2025.pdf
Uganda,Immunisation (measles),# confirmed Measles cases,Outcome,2026,700.0,count,Absolute number,Lower is better,Measles,count,,,https://www.citizen.org/wp-content/uploads/2026-0012QN-Uganda-Health-12.10.2025.pdf
Uganda,Immunisation (measles),# confirmed Measles cases,Outcome,2027,500.0,count,Absolute number,Lower is better,Measles,count,,,https://www.citizen.org/wp-content/uploads/2026-0012QN-Uganda-Health-12.10.2025.pdf
Uganda,Immunisation (measles),# confirmed Measles cases,Outcome,2028,300.0,count,Absolute number,Lower is better,Measles,count,,,https://www.citizen.org/wp-content/uploads/2026-0012QN-Uganda-Health-12.10.2025.pdf
Uganda,Immunisation (measles),# confirmed Measles cases,Outcome,2029,200.0,count,Absolute number,Lower is better,Measles,count,,,https://www.citizen.org/wp-content/uploads/2026-0012QN-Uganda-Health-12.10.2025.pdf
Uganda,Immunisation (measles),# confirmed Measles cases,Outcome,2030,100.0,count,Absolute number,Lower is better,Measles,count,,,https://www.citizen.org/wp-content/uploads/2026-0012QN-Uganda-Health-12.10.2025.pdf
Uganda,MCH,"Institutional Maternal Mortality per 100,000 deliveries",Outcome,Baseline,70.0,"per 100,000 deliveries",Rate,Lower is better,MCH,"per 100,000 deliveries",,,https://www.citizen.org/wp-content/uploads/2026-0012QN-Uganda-Health-12.10.2025.pdf
Uganda,MCH,"Institutional Maternal Mortality per 100,000 deliveries",Outcome,2026,65.0,"per 100,000 deliveries",Rate,Lower is better,MCH,"per 100,000 deliveries",,,https://www.citizen.org/wp-content/uploads/2026-0012QN-Uganda-Health-12.10.2025.pdf
Uganda,MCH,"Institutional Maternal Mortality per 100,000 deliveries",Outcome,2027,60.0,"per 100,000 deliveries",Rate,Lower is better,MCH,"per 100,000 deliveries",,,https://www.citizen.org/wp-content/uploads/2026-0012QN-Uganda-Health-12.10.2025.pdf
Uganda,MCH,"Institutional Maternal Mortality per 100,000 deliveries",Outcome,2028,55.0,"per 100,000 deliveries",Rate,Lower is better,MCH,"per 100,000 deliveries",,,https://www.citizen.org/wp-content/uploads/2026-0012QN-Uganda-Health-12.10.2025.pdf
Uganda,MCH,"Institutional Maternal Mortality per 100,000 deliveries",Outcome,2029,50.0,"per 100,000 deliveries",Rate,Lower is better,MCH,"per 100,000 deliveries",,,https://www.citizen.org/wp-content/uploads/2026-0012QN-Uganda-Health-12.10.2025.pdf
Uganda,MCH,"Institutional Maternal Mortality per 100,000 deliveries",Outcome,2030,45.0,"per 100,000 deliveries",Rate,Lower is better,MCH,"per 100,000 deliveries",,,https://www.citizen.org/wp-content/uploads/2026-0012QN-Uganda-Health-12.10.2025.pdf
Uganda,MCH,"Under-5 Mortality Rate per 1,000 live births",Outcome,Baseline,46.0,"per 1,000",Rate,Lower is better,MCH,"per 1,000",,,https://www.citizen.org/wp-content/uploads/2026-0012QN-Uganda-Health-12.10.2025.pdf
Uganda,MCH,"Under-5 Mortality Rate per 1,000 live births",Outcome,2026,42.0,"per 1,000",Rate,Lower is better,MCH,"per 1,000",,,https://www.citizen.org/wp-content/uploads/2026-0012QN-Uganda-Health-12.10.2025.pdf
Uganda,MCH,"Under-5 Mortality Rate per 1,000 live births",Outcome,2027,38.0,"per 1,000",Rate,Lower is better,MCH,"per 1,000",,,https://www.citizen.org/wp-content/uploads/2026-0012QN-Uganda-Health-12.10.2025.pdf
Uganda,MCH,"Under-5 Mortality Rate per 1,000 live births",Outcome,2028,34.0,"per 1,000",Rate,Lower is better,MCH,"per 1,000",,,https://www.citizen.org/wp-content/uploads/2026-0012QN-Uganda-Health-12.10.2025.pdf
Uganda,MCH,"Under-5 Mortality Rate per 1,000 live births",Outcome,2029,30.0,"per 1,000",Rate,Lower is better,MCH,"per 1,000",,,https://www.citizen.org/wp-content/uploads/2026-0012QN-Uganda-Health-12.10.2025.pdf
Uganda,MCH,"Under-5 Mortality Rate per 1,000 live births",Outcome,2030,26.0,"per 1,000",Rate,Lower is better,MCH,"per 1,000",,,https://www.citizen.org/wp-content/uploads/2026-0012QN-Uganda-Health-12.10.2025.pdf
Uganda,HIV/AIDS,# people on ART,Process,Baseline,1341908.0,count,Absolute number,Higher is better,HIV/AIDS,count,,,https://www.citizen.org/wp-content/uploads/2026-0012QN-Uganda-Health-12.10.2025.pdf
Uganda,HIV/AIDS,# people on ART,Process,2026,1377214.0,count,Absolute number,Higher is better,HIV/AIDS,count,,,https://www.citizen.org/wp-content/uploads/2026-0012QN-Uganda-Health-12.10.2025.pdf
Uganda,HIV/AIDS,# people on ART,Process,2027,1408691.0,count,Absolute number,Higher is better,HIV/AIDS,count,,,https://www.citizen.org/wp-content/uploads/2026-0012QN-Uganda-Health-12.10.2025.pdf
Uganda,HIV/AIDS,# people on ART,Process,2028,1430712.0,count,Absolute number,Higher is better,HIV/AIDS,count,,,https://www.citizen.org/wp-content/uploads/2026-0012QN-Uganda-Health-12.10.2025.pdf
Uganda,HIV/AIDS,# people on ART,Process,2029,1443708.0,count,Absolute number,Higher is better,HIV/AIDS,count,,,https://www.citizen.org/wp-content/uploads/2026-0012QN-Uganda-Health-12.10.2025.pdf
Uganda,HIV/AIDS,# people on ART,Process,2030,1451189.0,count,Absolute number,Higher is better,HIV/AIDS,count,,,https://www.citizen.org/wp-content/uploads/2026-0012QN-Uganda-Health-12.10.2025.pdf
Uganda,HIV/AIDS,# new HIV diagnoses among infants (0-12mo),Process,Baseline,3277.0,count,Absolute number,Lower is better,HIV/AIDS,count,,,https://www.citizen.org/wp-content/uploads/2026-0012QN-Uganda-Health-12.10.2025.pdf
Uganda,HIV/AIDS,# new HIV diagnoses among infants (0-12mo),Process,2026,2913.0,count,Absolute number,Lower is better,HIV/AIDS,count,,,https://www.citizen.org/wp-content/uploads/2026-0012QN-Uganda-Health-12.10.2025.pdf
Uganda,HIV/AIDS,# new HIV diagnoses among infants (0-12mo),Process,2027,2792.0,count,Absolute number,Lower is better,HIV/AIDS,count,,,https://www.citizen.org/wp-content/uploads/2026-0012QN-Uganda-Health-12.10.2025.pdf
Uganda,HIV/AIDS,# new HIV diagnoses among infants (0-12mo),Process,2028,2670.0,count,Absolute number,Lower is better,HIV/AIDS,count,,,https://www.citizen.org/wp-content/uploads/2026-0012QN-Uganda-Health-12.10.2025.pdf
Uganda,HIV/AIDS,# new HIV diagnoses among infants (0-12mo),Process,2029,2586.0,count,Absolute number,Lower is better,HIV/AIDS,count,,,https://www.citizen.org/wp-content/uploads/2026-0012QN-Uganda-Health-12.10.2025.pdf
Uganda,HIV/AIDS,# new HIV diagnoses among infants (0-12mo),Process,2030,2482.0,count,Absolute number,Lower is better,HIV/AIDS,count,,,https://www.citizen.org/wp-content/uploads/2026-0012QN-Uganda-Health-12.10.2025.pdf
Uganda,HIV/AIDS,# new HIV diagnoses among children (0-14y),Process,Baseline,6173.0,count,Absolute number,Lower is better,HIV/AIDS,count; SPECTRUM 2024,*SOURCE: SPECTRUM 2024 DATA,"§1.2 Process Metrics table, p.4 (markers on row labels, p.3)",https://www.citizen.org/wp-content/uploads/2026-0012QN-Uganda-Health-12.10.2025.pdf
Uganda,HIV/AIDS,# new HIV diagnoses among children (0-14y),Process,2026,4638.0,count,Absolute number,Lower is better,HIV/AIDS,count; SPECTRUM 2024,*SOURCE: SPECTRUM 2024 DATA,"§1.2 Process Metrics table, p.4 (markers on row labels, p.3)",https://www.citizen.org/wp-content/uploads/2026-0012QN-Uganda-Health-12.10.2025.pdf
Uganda,HIV/AIDS,# new HIV diagnoses among children (0-14y),Process,2027,3843.0,count,Absolute number,Lower is better,HIV/AIDS,count; SPECTRUM 2024,*SOURCE: SPECTRUM 2024 DATA,"§1.2 Process Metrics table, p.4 (markers on row labels, p.3)",https://www.citizen.org/wp-content/uploads/2026-0012QN-Uganda-Health-12.10.2025.pdf
Uganda,HIV/AIDS,# new HIV diagnoses among children (0-14y),Process,2028,3622.0,count,Absolute number,Lower is better,HIV/AIDS,count; SPECTRUM 2024,*SOURCE: SPECTRUM 2024 DATA,"§1.2 Process Metrics table, p.4 (markers on row labels, p.3)",https://www.citizen.org/wp-content/uploads/2026-0012QN-Uganda-Health-12.10.2025.pdf
Uganda,HIV/AIDS,# new HIV diagnoses among children (0-14y),Process,2029,3271.0,count,Absolute number,Lower is better,HIV/AIDS,count; SPECTRUM 2024,*SOURCE: SPECTRUM 2024 DATA,"§1.2 Process Metrics table, p.4 (markers on row labels, p.3)",https://www.citizen.org/wp-content/uploads/2026-0012QN-Uganda-Health-12.10.2025.pdf
Uganda,HIV/AIDS,# new HIV diagnoses among children (0-14y),Process,2030,2939.0,count,Absolute number,Lower is better,HIV/AIDS,count; SPECTRUM 2024,*SOURCE: SPECTRUM 2024 DATA,"§1.2 Process Metrics table, p.4 (markers on row labels, p.3)",https://www.citizen.org/wp-content/uploads/2026-0012QN-Uganda-Health-12.10.2025.pdf
Uganda,HIV/AIDS,# new HIV diagnoses among adults (15y+),Process,Baseline,121380.0,count,Absolute number,Lower is better,HIV/AIDS,count; SPECTRUM 2024,*SOURCE: SPECTRUM 2024 DATA,"§1.2 Process Metrics table, p.4 (markers on row labels, p.3)",https://www.citizen.org/wp-content/uploads/2026-0012QN-Uganda-Health-12.10.2025.pdf
Uganda,HIV/AIDS,# new HIV diagnoses among adults (15y+),Process,2026,111549.0,count,Absolute number,Lower is better,HIV/AIDS,count; SPECTRUM 2024,*SOURCE: SPECTRUM 2024 DATA,"§1.2 Process Metrics table, p.4 (markers on row labels, p.3)",https://www.citizen.org/wp-content/uploads/2026-0012QN-Uganda-Health-12.10.2025.pdf
Uganda,HIV/AIDS,# new HIV diagnoses among adults (15y+),Process,2027,108709.0,count,Absolute number,Lower is better,HIV/AIDS,count; SPECTRUM 2024,*SOURCE: SPECTRUM 2024 DATA,"§1.2 Process Metrics table, p.4 (markers on row labels, p.3)",https://www.citizen.org/wp-content/uploads/2026-0012QN-Uganda-Health-12.10.2025.pdf
Uganda,HIV/AIDS,# new HIV diagnoses among adults (15y+),Process,2028,100809.0,count,Absolute number,Lower is better,HIV/AIDS,count; SPECTRUM 2024,*SOURCE: SPECTRUM 2024 DATA,"§1.2 Process Metrics table, p.4 (markers on row labels, p.3)",https://www.citizen.org/wp-content/uploads/2026-0012QN-Uganda-Health-12.10.2025.pdf
Uganda,HIV/AIDS,# new HIV diagnoses among adults (15y+),Process,2029,92350.0,count,Absolute number,Lower is better,HIV/AIDS,count; SPECTRUM 2024,*SOURCE: SPECTRUM 2024 DATA,"§1.2 Process Metrics table, p.4 (markers on row labels, p.3)",https://www.citizen.org/wp-content/uploads/2026-0012QN-Uganda-Health-12.10.2025.pdf
Uganda,HIV/AIDS,# new HIV diagnoses among adults (15y+),Process,2030,87231.0,count,Absolute number,Lower is better,HIV/AIDS,count; SPECTRUM 2024,*SOURCE: SPECTRUM 2024 DATA,"§1.2 Process Metrics table, p.4 (markers on row labels, p.3)",https://www.citizen.org/wp-content/uploads/2026-0012QN-Uganda-Health-12.10.2025.pdf
Uganda,HIV/AIDS,% pregnant & breastfeeding women with HIV on ART,Process,Baseline,98.0,%,Percentage,Higher is better,HIV/AIDS,%,*SOURCE: SPECTRUM 2024 DATA,"§1.2 Process Metrics table, p.4 (markers on row labels, p.3)",https://www.citizen.org/wp-content/uploads/2026-0012QN-Uganda-Health-12.10.2025.pdf
Uganda,HIV/AIDS,% pregnant & breastfeeding women with HIV on ART,Process,2026,98.0,%,Percentage,Higher is better,HIV/AIDS,%,*SOURCE: SPECTRUM 2024 DATA,"§1.2 Process Metrics table, p.4 (markers on row labels, p.3)",https://www.citizen.org/wp-content/uploads/2026-0012QN-Uganda-Health-12.10.2025.pdf
Uganda,HIV/AIDS,% pregnant & breastfeeding women with HIV on ART,Process,2027,98.0,%,Percentage,Higher is better,HIV/AIDS,%,*SOURCE: SPECTRUM 2024 DATA,"§1.2 Process Metrics table, p.4 (markers on row labels, p.3)",https://www.citizen.org/wp-content/uploads/2026-0012QN-Uganda-Health-12.10.2025.pdf
Uganda,HIV/AIDS,% pregnant & breastfeeding women with HIV on ART,Process,2028,98.0,%,Percentage,Higher is better,HIV/AIDS,%,*SOURCE: SPECTRUM 2024 DATA,"§1.2 Process Metrics table, p.4 (markers on row labels, p.3)",https://www.citizen.org/wp-content/uploads/2026-0012QN-Uganda-Health-12.10.2025.pdf
Uganda,HIV/AIDS,% pregnant & breastfeeding women with HIV on ART,Process,2029,98.0,%,Percentage,Higher is better,HIV/AIDS,%,*SOURCE: SPECTRUM 2024 DATA,"§1.2 Process Metrics table, p.4 (markers on row labels, p.3)",https://www.citizen.org/wp-content/uploads/2026-0012QN-Uganda-Health-12.10.2025.pdf
Uganda,HIV/AIDS,% pregnant & breastfeeding women with HIV on ART,Process,2030,98.0,%,Percentage,Higher is better,HIV/AIDS,%,*SOURCE: SPECTRUM 2024 DATA,"§1.2 Process Metrics table, p.4 (markers on row labels, p.3)",https://www.citizen.org/wp-content/uploads/2026-0012QN-Uganda-Health-12.10.2025.pdf
Uganda,Malaria,% confirmed malaria cases receiving first-line treatment,Process,Baseline,95.0,%,Percentage,Higher is better,Malaria,%,,,https://www.citizen.org/wp-content/uploads/2026-0012QN-Uganda-Health-12.10.2025.pdf
Uganda,Malaria,% confirmed malaria cases receiving first-line treatment,Process,2026,95.0,%,Percentage,Higher is better,Malaria,%,,,https://www.citizen.org/wp-content/uploads/2026-0012QN-Uganda-Health-12.10.2025.pdf
Uganda,Malaria,% confirmed malaria cases receiving first-line treatment,Process,2027,96.0,%,Percentage,Higher is better,Malaria,%,,,https://www.citizen.org/wp-content/uploads/2026-0012QN-Uganda-Health-12.10.2025.pdf
Uganda,Malaria,% confirmed malaria cases receiving first-line treatment,Process,2028,97.0,%,Percentage,Higher is better,Malaria,%,,,https://www.citizen.org/wp-content/uploads/2026-0012QN-Uganda-Health-12.10.2025.pdf
Uganda,Malaria,% confirmed malaria cases receiving first-line treatment,Process,2029,98.0,%,Percentage,Higher is better,Malaria,%,,,https://www.citizen.org/wp-content/uploads/2026-0012QN-Uganda-Health-12.10.2025.pdf
Uganda,Malaria,% confirmed malaria cases receiving first-line treatment,Process,2030,99.0,%,Percentage,Higher is better,Malaria,%,,,https://www.citizen.org/wp-content/uploads/2026-0012QN-Uganda-Health-12.10.2025.pdf
Uganda,Malaria,"# ITNs distributed (routine, women & children)",Process,Baseline,2685280.0,count,Absolute number,Higher is better,Malaria,count,,,https://www.citizen.org/wp-content/uploads/2026-0012QN-Uganda-Health-12.10.2025.pdf
Uganda,Malaria,"# ITNs distributed (routine, women & children)",Process,2026,2772361.0,count,Absolute number,Higher is better,Malaria,count,,,https://www.citizen.org/wp-content/uploads/2026-0012QN-Uganda-Health-12.10.2025.pdf
Uganda,Malaria,"# ITNs distributed (routine, women & children)",Process,2027,2852759.0,count,Absolute number,Higher is better,Malaria,count,,,https://www.citizen.org/wp-content/uploads/2026-0012QN-Uganda-Health-12.10.2025.pdf
Uganda,Malaria,"# ITNs distributed (routine, women & children)",Process,2028,2935489.0,count,Absolute number,Higher is better,Malaria,count,,,https://www.citizen.org/wp-content/uploads/2026-0012QN-Uganda-Health-12.10.2025.pdf
Uganda,Malaria,"# ITNs distributed (routine, women & children)",Process,2029,3221993.0,count,Absolute number,Higher is better,Malaria,count,,,https://www.citizen.org/wp-content/uploads/2026-0012QN-Uganda-Health-12.10.2025.pdf
Uganda,Malaria,"# ITNs distributed (routine, women & children)",Process,2030,3315431.0,count,Absolute number,Higher is better,Malaria,count,,,https://www.citizen.org/wp-content/uploads/2026-0012QN-Uganda-Health-12.10.2025.pdf
Uganda,TB,# patients with TB notified,Process,Baseline,82925.0,count,Absolute number,Higher is better,TB,count,,,https://www.citizen.org/wp-content/uploads/2026-0012QN-Uganda-Health-12.10.2025.pdf
Uganda,TB,# patients with TB notified,Process,2026,84681.0,count,Absolute number,Higher is better,TB,count,,,https://www.citizen.org/wp-content/uploads/2026-0012QN-Uganda-Health-12.10.2025.pdf
Uganda,TB,# patients with TB notified,Process,2027,85859.0,count,Absolute number,Higher is better,TB,count,,,https://www.citizen.org/wp-content/uploads/2026-0012QN-Uganda-Health-12.10.2025.pdf
Uganda,TB,# patients with TB notified,Process,2028,86983.0,count,Absolute number,Higher is better,TB,count,,,https://www.citizen.org/wp-content/uploads/2026-0012QN-Uganda-Health-12.10.2025.pdf
Uganda,TB,# patients with TB notified,Process,2029,89037.0,count,Absolute number,Higher is better,TB,count,,,https://www.citizen.org/wp-content/uploads/2026-0012QN-Uganda-Health-12.10.2025.pdf
Uganda,TB,# patients with TB notified,Process,2030,91090.0,count,Absolute number,Higher is better,TB,count,,,https://www.citizen.org/wp-content/uploads/2026-0012QN-Uganda-Health-12.10.2025.pdf
Uganda,TB,% TB treatment completion - DSTB,Process,Baseline,91.0,%,Percentage,Higher is better,TB,%; 2030 '>95%',,,https://www.citizen.org/wp-content/uploads/2026-0012QN-Uganda-Health-12.10.2025.pdf
Uganda,TB,% TB treatment completion - DSTB,Process,2026,92.0,%,Percentage,Higher is better,TB,%; 2030 '>95%',,,https://www.citizen.org/wp-content/uploads/2026-0012QN-Uganda-Health-12.10.2025.pdf
Uganda,TB,% TB treatment completion - DSTB,Process,2027,93.0,%,Percentage,Higher is better,TB,%; 2030 '>95%',,,https://www.citizen.org/wp-content/uploads/2026-0012QN-Uganda-Health-12.10.2025.pdf
Uganda,TB,% TB treatment completion - DSTB,Process,2028,93.0,%,Percentage,Higher is better,TB,%; 2030 '>95%',,,https://www.citizen.org/wp-content/uploads/2026-0012QN-Uganda-Health-12.10.2025.pdf
Uganda,TB,% TB treatment completion - DSTB,Process,2029,94.0,%,Percentage,Higher is better,TB,%; 2030 '>95%',,,https://www.citizen.org/wp-content/uploads/2026-0012QN-Uganda-Health-12.10.2025.pdf
Uganda,TB,% TB treatment completion - DSTB,Process,2030,95.0,%,Percentage,Higher is better,TB,%; 2030 '>95%',,,https://www.citizen.org/wp-content/uploads/2026-0012QN-Uganda-Health-12.10.2025.pdf
Uganda,TB,% TB treatment completion - MDR-TB,Process,Baseline,88.3,%,Percentage,Higher is better,TB,%; 2030 '>92%',,,https://www.citizen.org/wp-content/uploads/2026-0012QN-Uganda-Health-12.10.2025.pdf
Uganda,TB,% TB treatment completion - MDR-TB,Process,2026,90.0,%,Percentage,Higher is better,TB,%; 2030 '>92%',,,https://www.citizen.org/wp-content/uploads/2026-0012QN-Uganda-Health-12.10.2025.pdf
Uganda,TB,% TB treatment completion - MDR-TB,Process,2027,91.0,%,Percentage,Higher is better,TB,%; 2030 '>92%',,,https://www.citizen.org/wp-content/uploads/2026-0012QN-Uganda-Health-12.10.2025.pdf
Uganda,TB,% TB treatment completion - MDR-TB,Process,2028,91.0,%,Percentage,Higher is better,TB,%; 2030 '>92%',,,https://www.citizen.org/wp-content/uploads/2026-0012QN-Uganda-Health-12.10.2025.pdf
Uganda,TB,% TB treatment completion - MDR-TB,Process,2029,92.0,%,Percentage,Higher is better,TB,%; 2030 '>92%',,,https://www.citizen.org/wp-content/uploads/2026-0012QN-Uganda-Health-12.10.2025.pdf
Uganda,TB,% TB treatment completion - MDR-TB,Process,2030,92.0,%,Percentage,Higher is better,TB,%; 2030 '>92%',,,https://www.citizen.org/wp-content/uploads/2026-0012QN-Uganda-Health-12.10.2025.pdf
Uganda,Polio,% surviving infants with >=1 dose IPV,Process,Baseline,95.0,%,Percentage,Higher is better,Polio,%,,,https://www.citizen.org/wp-content/uploads/2026-0012QN-Uganda-Health-12.10.2025.pdf
Uganda,Polio,% surviving infants with >=1 dose IPV,Process,2026,96.0,%,Percentage,Higher is better,Polio,%,,,https://www.citizen.org/wp-content/uploads/2026-0012QN-Uganda-Health-12.10.2025.pdf
Uganda,Polio,% surviving infants with >=1 dose IPV,Process,2027,96.0,%,Percentage,Higher is better,Polio,%,,,https://www.citizen.org/wp-content/uploads/2026-0012QN-Uganda-Health-12.10.2025.pdf
Uganda,Polio,% surviving infants with >=1 dose IPV,Process,2028,97.0,%,Percentage,Higher is better,Polio,%,,,https://www.citizen.org/wp-content/uploads/2026-0012QN-Uganda-Health-12.10.2025.pdf
Uganda,Polio,% surviving infants with >=1 dose IPV,Process,2029,97.0,%,Percentage,Higher is better,Polio,%,,,https://www.citizen.org/wp-content/uploads/2026-0012QN-Uganda-Health-12.10.2025.pdf
Uganda,Polio,% surviving infants with >=1 dose IPV,Process,2030,98.0,%,Percentage,Higher is better,Polio,%,,,https://www.citizen.org/wp-content/uploads/2026-0012QN-Uganda-Health-12.10.2025.pdf
Uganda,Immunisation (measles),% children 12-23mo with measles vaccine,Process,Baseline,90.0,%,Percentage,Higher is better,Measles,%,,,https://www.citizen.org/wp-content/uploads/2026-0012QN-Uganda-Health-12.10.2025.pdf
Uganda,Immunisation (measles),% children 12-23mo with measles vaccine,Process,2026,90.0,%,Percentage,Higher is better,Measles,%,,,https://www.citizen.org/wp-content/uploads/2026-0012QN-Uganda-Health-12.10.2025.pdf
Uganda,Immunisation (measles),% children 12-23mo with measles vaccine,Process,2027,92.0,%,Percentage,Higher is better,Measles,%,,,https://www.citizen.org/wp-content/uploads/2026-0012QN-Uganda-Health-12.10.2025.pdf
Uganda,Immunisation (measles),% children 12-23mo with measles vaccine,Process,2028,94.0,%,Percentage,Higher is better,Measles,%,,,https://www.citizen.org/wp-content/uploads/2026-0012QN-Uganda-Health-12.10.2025.pdf
Uganda,Immunisation (measles),% children 12-23mo with measles vaccine,Process,2029,95.0,%,Percentage,Higher is better,Measles,%,,,https://www.citizen.org/wp-content/uploads/2026-0012QN-Uganda-Health-12.10.2025.pdf
Uganda,Immunisation (measles),% children 12-23mo with measles vaccine,Process,2030,96.0,%,Percentage,Higher is better,Measles,%,,,https://www.citizen.org/wp-content/uploads/2026-0012QN-Uganda-Health-12.10.2025.pdf
Uganda,MCH,Average number of ANC visits,Process,Baseline,3.7,visits,Count (visits),Higher is better,MCH,visits,,,https://www.citizen.org/wp-content/uploads/2026-0012QN-Uganda-Health-12.10.2025.pdf
Uganda,MCH,Average number of ANC visits,Process,2026,4.0,visits,Count (visits),Higher is better,MCH,visits,,,https://www.citizen.org/wp-content/uploads/2026-0012QN-Uganda-Health-12.10.2025.pdf
Uganda,MCH,Average number of ANC visits,Process,2027,4.4,visits,Count (visits),Higher is better,MCH,visits,,,https://www.citizen.org/wp-content/uploads/2026-0012QN-Uganda-Health-12.10.2025.pdf
Uganda,MCH,Average number of ANC visits,Process,2028,4.8,visits,Count (visits),Higher is better,MCH,visits,,,https://www.citizen.org/wp-content/uploads/2026-0012QN-Uganda-Health-12.10.2025.pdf
Uganda,MCH,Average number of ANC visits,Process,2029,5.2,visits,Count (visits),Higher is better,MCH,visits,,,https://www.citizen.org/wp-content/uploads/2026-0012QN-Uganda-Health-12.10.2025.pdf
Uganda,MCH,Average number of ANC visits,Process,2030,5.6,visits,Count (visits),Higher is better,MCH,visits,,,https://www.citizen.org/wp-content/uploads/2026-0012QN-Uganda-Health-12.10.2025.pdf
Uganda,Data systems & quality,% accuracy of data fields (annual data audit),Process,Baseline,69.0,%,Percentage,Higher is better,Data systems,%,,,https://www.citizen.org/wp-content/uploads/2026-0012QN-Uganda-Health-12.10.2025.pdf
Uganda,Data systems & quality,% accuracy of data fields (annual data audit),Process,2026,75.0,%,Percentage,Higher is better,Data systems,%,,,https://www.citizen.org/wp-content/uploads/2026-0012QN-Uganda-Health-12.10.2025.pdf
Uganda,Data systems & quality,% accuracy of data fields (annual data audit),Process,2027,80.0,%,Percentage,Higher is better,Data systems,%,,,https://www.citizen.org/wp-content/uploads/2026-0012QN-Uganda-Health-12.10.2025.pdf
Uganda,Data systems & quality,% accuracy of data fields (annual data audit),Process,2028,85.0,%,Percentage,Higher is better,Data systems,%,,,https://www.citizen.org/wp-content/uploads/2026-0012QN-Uganda-Health-12.10.2025.pdf
Uganda,Data systems & quality,% accuracy of data fields (annual data audit),Process,2029,90.0,%,Percentage,Higher is better,Data systems,%,,,https://www.citizen.org/wp-content/uploads/2026-0012QN-Uganda-Health-12.10.2025.pdf
Uganda,Data systems & quality,% accuracy of data fields (annual data audit),Process,2030,95.0,%,Percentage,Higher is better,Data systems,%,,,https://www.citizen.org/wp-content/uploads/2026-0012QN-Uganda-Health-12.10.2025.pdf
Uganda,GHS / outbreak response,Detect suspected outbreaks within 7 days,Outbreak response (7-1-7),2026,7.0,days,Days,Lower is better,GHS,days; standing commitment,,,https://www.citizen.org/wp-content/uploads/2026-0012QN-Uganda-Health-12.10.2025.pdf
Uganda,GHS / outbreak response,Detect suspected outbreaks within 7 days,Outbreak response (7-1-7),2027,7.0,days,Days,Lower is better,GHS,days; standing commitment,,,https://www.citizen.org/wp-content/uploads/2026-0012QN-Uganda-Health-12.10.2025.pdf
Uganda,GHS / outbreak response,Detect suspected outbreaks within 7 days,Outbreak response (7-1-7),2028,7.0,days,Days,Lower is better,GHS,days; standing commitment,,,https://www.citizen.org/wp-content/uploads/2026-0012QN-Uganda-Health-12.10.2025.pdf
Uganda,GHS / outbreak response,Detect suspected outbreaks within 7 days,Outbreak response (7-1-7),2029,7.0,days,Days,Lower is better,GHS,days; standing commitment,,,https://www.citizen.org/wp-content/uploads/2026-0012QN-Uganda-Health-12.10.2025.pdf
Uganda,GHS / outbreak response,Detect suspected outbreaks within 7 days,Outbreak response (7-1-7),2030,7.0,days,Days,Lower is better,GHS,days; standing commitment,,,https://www.citizen.org/wp-content/uploads/2026-0012QN-Uganda-Health-12.10.2025.pdf
Uganda,GHS / outbreak response,Notify USG within 1 day of detection,Outbreak response (7-1-7),2026,1.0,days,Days,Lower is better,GHS,days; standing commitment,,,https://www.citizen.org/wp-content/uploads/2026-0012QN-Uganda-Health-12.10.2025.pdf
Uganda,GHS / outbreak response,Notify USG within 1 day of detection,Outbreak response (7-1-7),2027,1.0,days,Days,Lower is better,GHS,days; standing commitment,,,https://www.citizen.org/wp-content/uploads/2026-0012QN-Uganda-Health-12.10.2025.pdf
Uganda,GHS / outbreak response,Notify USG within 1 day of detection,Outbreak response (7-1-7),2028,1.0,days,Days,Lower is better,GHS,days; standing commitment,,,https://www.citizen.org/wp-content/uploads/2026-0012QN-Uganda-Health-12.10.2025.pdf
Uganda,GHS / outbreak response,Notify USG within 1 day of detection,Outbreak response (7-1-7),2029,1.0,days,Days,Lower is better,GHS,days; standing commitment,,,https://www.citizen.org/wp-content/uploads/2026-0012QN-Uganda-Health-12.10.2025.pdf
Uganda,GHS / outbreak response,Notify USG within 1 day of detection,Outbreak response (7-1-7),2030,1.0,days,Days,Lower is better,GHS,days; standing commitment,,,https://www.citizen.org/wp-content/uploads/2026-0012QN-Uganda-Health-12.10.2025.pdf
Uganda,GHS / outbreak response,Complete initial response within 7 days of notification,Outbreak response (7-1-7),2026,7.0,days,Days,Lower is better,GHS,days; standing commitment,,,https://www.citizen.org/wp-content/uploads/2026-0012QN-Uganda-Health-12.10.2025.pdf
Uganda,GHS / outbreak response,Complete initial response within 7 days of notification,Outbreak response (7-1-7),2027,7.0,days,Days,Lower is better,GHS,days; standing commitment,,,https://www.citizen.org/wp-content/uploads/2026-0012QN-Uganda-Health-12.10.2025.pdf
Uganda,GHS / outbreak response,Complete initial response within 7 days of notification,Outbreak response (7-1-7),2028,7.0,days,Days,Lower is better,GHS,days; standing commitment,,,https://www.citizen.org/wp-content/uploads/2026-0012QN-Uganda-Health-12.10.2025.pdf
Uganda,GHS / outbreak response,Complete initial response within 7 days of notification,Outbreak response (7-1-7),2029,7.0,days,Days,Lower is better,GHS,days; standing commitment,,,https://www.citizen.org/wp-content/uploads/2026-0012QN-Uganda-Health-12.10.2025.pdf
Uganda,GHS / outbreak response,Complete initial response within 7 days of notification,Outbreak response (7-1-7),2030,7.0,days,Days,Lower is better,GHS,days; standing commitment,,,https://www.citizen.org/wp-content/uploads/2026-0012QN-Uganda-Health-12.10.2025.pdf
Mozambique,HIV/AIDS,% People With HIV Who Know Their Status,Outcome,Baseline,87.0,%,Percentage,Higher is better,HIV/AIDS,%; Spectrum 2024,,,https://www.citizen.org/wp-content/uploads/2026-0008QN-Mozambique-Health-12.15.2025.pdf
Mozambique,HIV/AIDS,% People With HIV Who Know Their Status,Outcome,2026,89.0,%,Percentage,Higher is better,HIV/AIDS,%; Spectrum 2024,,,https://www.citizen.org/wp-content/uploads/2026-0008QN-Mozambique-Health-12.15.2025.pdf
Mozambique,HIV/AIDS,% People With HIV Who Know Their Status,Outcome,2027,91.0,%,Percentage,Higher is better,HIV/AIDS,%; Spectrum 2024,,,https://www.citizen.org/wp-content/uploads/2026-0008QN-Mozambique-Health-12.15.2025.pdf
Mozambique,HIV/AIDS,% People With HIV Who Know Their Status,Outcome,2028,93.0,%,Percentage,Higher is better,HIV/AIDS,%; Spectrum 2024,,,https://www.citizen.org/wp-content/uploads/2026-0008QN-Mozambique-Health-12.15.2025.pdf
Mozambique,HIV/AIDS,% People With HIV Who Know Their Status,Outcome,2029,94.0,%,Percentage,Higher is better,HIV/AIDS,%; Spectrum 2024,,,https://www.citizen.org/wp-content/uploads/2026-0008QN-Mozambique-Health-12.15.2025.pdf
Mozambique,HIV/AIDS,% People With HIV Who Know Their Status,Outcome,2030,95.0,%,Percentage,Higher is better,HIV/AIDS,%; Spectrum 2024,,,https://www.citizen.org/wp-content/uploads/2026-0008QN-Mozambique-Health-12.15.2025.pdf
Mozambique,HIV/AIDS,% People With HIV on Treatment,Outcome,Baseline,83.0,%,Percentage,Higher is better,HIV/AIDS,%,,,https://www.citizen.org/wp-content/uploads/2026-0008QN-Mozambique-Health-12.15.2025.pdf
Mozambique,HIV/AIDS,% People With HIV on Treatment,Outcome,2026,84.0,%,Percentage,Higher is better,HIV/AIDS,%,,,https://www.citizen.org/wp-content/uploads/2026-0008QN-Mozambique-Health-12.15.2025.pdf
Mozambique,HIV/AIDS,% People With HIV on Treatment,Outcome,2027,86.0,%,Percentage,Higher is better,HIV/AIDS,%,,,https://www.citizen.org/wp-content/uploads/2026-0008QN-Mozambique-Health-12.15.2025.pdf
Mozambique,HIV/AIDS,% People With HIV on Treatment,Outcome,2028,88.0,%,Percentage,Higher is better,HIV/AIDS,%,,,https://www.citizen.org/wp-content/uploads/2026-0008QN-Mozambique-Health-12.15.2025.pdf
Mozambique,HIV/AIDS,% People With HIV on Treatment,Outcome,2029,89.0,%,Percentage,Higher is better,HIV/AIDS,%,,,https://www.citizen.org/wp-content/uploads/2026-0008QN-Mozambique-Health-12.15.2025.pdf
Mozambique,HIV/AIDS,% People With HIV on Treatment,Outcome,2030,90.0,%,Percentage,Higher is better,HIV/AIDS,%,,,https://www.citizen.org/wp-content/uploads/2026-0008QN-Mozambique-Health-12.15.2025.pdf
Mozambique,HIV/AIDS,% People With HIV Virally Suppressed,Outcome,Baseline,75.0,%,Percentage,Higher is better,HIV/AIDS,%,,,https://www.citizen.org/wp-content/uploads/2026-0008QN-Mozambique-Health-12.15.2025.pdf
Mozambique,HIV/AIDS,% People With HIV Virally Suppressed,Outcome,2026,78.0,%,Percentage,Higher is better,HIV/AIDS,%,,,https://www.citizen.org/wp-content/uploads/2026-0008QN-Mozambique-Health-12.15.2025.pdf
Mozambique,HIV/AIDS,% People With HIV Virally Suppressed,Outcome,2027,81.0,%,Percentage,Higher is better,HIV/AIDS,%,,,https://www.citizen.org/wp-content/uploads/2026-0008QN-Mozambique-Health-12.15.2025.pdf
Mozambique,HIV/AIDS,% People With HIV Virally Suppressed,Outcome,2028,84.0,%,Percentage,Higher is better,HIV/AIDS,%,,,https://www.citizen.org/wp-content/uploads/2026-0008QN-Mozambique-Health-12.15.2025.pdf
Mozambique,HIV/AIDS,% People With HIV Virally Suppressed,Outcome,2029,85.0,%,Percentage,Higher is better,HIV/AIDS,%,,,https://www.citizen.org/wp-content/uploads/2026-0008QN-Mozambique-Health-12.15.2025.pdf
Mozambique,HIV/AIDS,% People With HIV Virally Suppressed,Outcome,2030,86.0,%,Percentage,Higher is better,HIV/AIDS,%,,,https://www.citizen.org/wp-content/uploads/2026-0008QN-Mozambique-Health-12.15.2025.pdf
Mozambique,HIV/AIDS,Mother-to-child transmission rate,Outcome,Baseline,12.5,%,Percentage,Lower is better,MCH/HIV,%,,,https://www.citizen.org/wp-content/uploads/2026-0008QN-Mozambique-Health-12.15.2025.pdf
Mozambique,HIV/AIDS,Mother-to-child transmission rate,Outcome,2026,11.0,%,Percentage,Lower is better,MCH/HIV,%,,,https://www.citizen.org/wp-content/uploads/2026-0008QN-Mozambique-Health-12.15.2025.pdf
Mozambique,HIV/AIDS,Mother-to-child transmission rate,Outcome,2027,9.0,%,Percentage,Lower is better,MCH/HIV,%,,,https://www.citizen.org/wp-content/uploads/2026-0008QN-Mozambique-Health-12.15.2025.pdf
Mozambique,HIV/AIDS,Mother-to-child transmission rate,Outcome,2028,7.0,%,Percentage,Lower is better,MCH/HIV,%,,,https://www.citizen.org/wp-content/uploads/2026-0008QN-Mozambique-Health-12.15.2025.pdf
Mozambique,HIV/AIDS,Mother-to-child transmission rate,Outcome,2029,6.0,%,Percentage,Lower is better,MCH/HIV,%,,,https://www.citizen.org/wp-content/uploads/2026-0008QN-Mozambique-Health-12.15.2025.pdf
Mozambique,HIV/AIDS,Mother-to-child transmission rate,Outcome,2030,5.0,%,Percentage,Lower is better,MCH/HIV,%,,,https://www.citizen.org/wp-content/uploads/2026-0008QN-Mozambique-Health-12.15.2025.pdf
Mozambique,Malaria,# Malaria Deaths in Children Under 5,Outcome,Baseline,13460.0,count,Absolute number,Lower is better,Malaria,count; WHO 2024,,,https://www.citizen.org/wp-content/uploads/2026-0008QN-Mozambique-Health-12.15.2025.pdf
Mozambique,Malaria,# Malaria Deaths in Children Under 5,Outcome,2026,12567.0,count,Absolute number,Lower is better,Malaria,count; WHO 2024,,,https://www.citizen.org/wp-content/uploads/2026-0008QN-Mozambique-Health-12.15.2025.pdf
Mozambique,Malaria,# Malaria Deaths in Children Under 5,Outcome,2027,11630.0,count,Absolute number,Lower is better,Malaria,count; WHO 2024,,,https://www.citizen.org/wp-content/uploads/2026-0008QN-Mozambique-Health-12.15.2025.pdf
Mozambique,Malaria,# Malaria Deaths in Children Under 5,Outcome,2028,10650.0,count,Absolute number,Lower is better,Malaria,count; WHO 2024,,,https://www.citizen.org/wp-content/uploads/2026-0008QN-Mozambique-Health-12.15.2025.pdf
Mozambique,Malaria,# Malaria Deaths in Children Under 5,Outcome,2029,9628.0,count,Absolute number,Lower is better,Malaria,count; WHO 2024,,,https://www.citizen.org/wp-content/uploads/2026-0008QN-Mozambique-Health-12.15.2025.pdf
Mozambique,Malaria,# Malaria Deaths in Children Under 5,Outcome,2030,8567.0,count,Absolute number,Lower is better,Malaria,count; WHO 2024,,,https://www.citizen.org/wp-content/uploads/2026-0008QN-Mozambique-Health-12.15.2025.pdf
Mozambique,TB,# TB-related deaths,Outcome,Baseline,14074.0,count,Absolute number,Lower is better,TB,count; WHO 2024,,,https://www.citizen.org/wp-content/uploads/2026-0008QN-Mozambique-Health-12.15.2025.pdf
Mozambique,TB,# TB-related deaths,Outcome,2026,12527.0,count,Absolute number,Lower is better,TB,count; WHO 2024,,,https://www.citizen.org/wp-content/uploads/2026-0008QN-Mozambique-Health-12.15.2025.pdf
Mozambique,TB,# TB-related deaths,Outcome,2027,11730.0,count,Absolute number,Lower is better,TB,count; WHO 2024,,,https://www.citizen.org/wp-content/uploads/2026-0008QN-Mozambique-Health-12.15.2025.pdf
Mozambique,TB,# TB-related deaths,Outcome,2028,10875.0,count,Absolute number,Lower is better,TB,count; WHO 2024,,,https://www.citizen.org/wp-content/uploads/2026-0008QN-Mozambique-Health-12.15.2025.pdf
Mozambique,TB,# TB-related deaths,Outcome,2029,9963.0,count,Absolute number,Lower is better,TB,count; WHO 2024,,,https://www.citizen.org/wp-content/uploads/2026-0008QN-Mozambique-Health-12.15.2025.pdf
Mozambique,TB,# TB-related deaths,Outcome,2030,8991.0,count,Absolute number,Lower is better,TB,count; WHO 2024,,,https://www.citizen.org/wp-content/uploads/2026-0008QN-Mozambique-Health-12.15.2025.pdf
Mozambique,Polio,"# Polio Cases (WPV, cVDPV1, cVDPV2)",Outcome,Baseline,0.0,count,Absolute number,Lower is better,Polio,count,,,https://www.citizen.org/wp-content/uploads/2026-0008QN-Mozambique-Health-12.15.2025.pdf
Mozambique,Polio,"# Polio Cases (WPV, cVDPV1, cVDPV2)",Outcome,2026,0.0,count,Absolute number,Lower is better,Polio,count,,,https://www.citizen.org/wp-content/uploads/2026-0008QN-Mozambique-Health-12.15.2025.pdf
Mozambique,Polio,"# Polio Cases (WPV, cVDPV1, cVDPV2)",Outcome,2027,0.0,count,Absolute number,Lower is better,Polio,count,,,https://www.citizen.org/wp-content/uploads/2026-0008QN-Mozambique-Health-12.15.2025.pdf
Mozambique,Polio,"# Polio Cases (WPV, cVDPV1, cVDPV2)",Outcome,2028,0.0,count,Absolute number,Lower is better,Polio,count,,,https://www.citizen.org/wp-content/uploads/2026-0008QN-Mozambique-Health-12.15.2025.pdf
Mozambique,Polio,"# Polio Cases (WPV, cVDPV1, cVDPV2)",Outcome,2029,0.0,count,Absolute number,Lower is better,Polio,count,,,https://www.citizen.org/wp-content/uploads/2026-0008QN-Mozambique-Health-12.15.2025.pdf
Mozambique,Polio,"# Polio Cases (WPV, cVDPV1, cVDPV2)",Outcome,2030,0.0,count,Absolute number,Lower is better,Polio,count,,,https://www.citizen.org/wp-content/uploads/2026-0008QN-Mozambique-Health-12.15.2025.pdf
Mozambique,Immunisation (measles),# Measles Cases,Outcome,Baseline,1237.0,count,Absolute number,Lower is better,Measles,count; e-IDSR/BES,,,https://www.citizen.org/wp-content/uploads/2026-0008QN-Mozambique-Health-12.15.2025.pdf
Mozambique,Immunisation (measles),# Measles Cases,Outcome,2026,1002.0,count,Absolute number,Lower is better,Measles,count; e-IDSR/BES,,,https://www.citizen.org/wp-content/uploads/2026-0008QN-Mozambique-Health-12.15.2025.pdf
Mozambique,Immunisation (measles),# Measles Cases,Outcome,2027,902.0,count,Absolute number,Lower is better,Measles,count; e-IDSR/BES,,,https://www.citizen.org/wp-content/uploads/2026-0008QN-Mozambique-Health-12.15.2025.pdf
Mozambique,Immunisation (measles),# Measles Cases,Outcome,2028,812.0,count,Absolute number,Lower is better,Measles,count; e-IDSR/BES,,,https://www.citizen.org/wp-content/uploads/2026-0008QN-Mozambique-Health-12.15.2025.pdf
Mozambique,Immunisation (measles),# Measles Cases,Outcome,2029,731.0,count,Absolute number,Lower is better,Measles,count; e-IDSR/BES,,,https://www.citizen.org/wp-content/uploads/2026-0008QN-Mozambique-Health-12.15.2025.pdf
Mozambique,Immunisation (measles),# Measles Cases,Outcome,2030,657.0,count,Absolute number,Lower is better,Measles,count; e-IDSR/BES,,,https://www.citizen.org/wp-content/uploads/2026-0008QN-Mozambique-Health-12.15.2025.pdf
Mozambique,MCH,Maternal Mortality Rate (SIS-COVE),Outcome,Baseline,233.0,"per 100,000 live births",Rate,Lower is better,MCH,"per 100,000 live births; baseline corrected to 233 on verification (first pass read 223)",,,https://www.citizen.org/wp-content/uploads/2026-0008QN-Mozambique-Health-12.15.2025.pdf
Mozambique,MCH,Maternal Mortality Rate (SIS-COVE),Outcome,2026,205.0,"per 100,000 live births",Rate,Lower is better,MCH,"per 100,000 live births; baseline corrected to 233 on verification (first pass read 223)",,,https://www.citizen.org/wp-content/uploads/2026-0008QN-Mozambique-Health-12.15.2025.pdf
Mozambique,MCH,Maternal Mortality Rate (SIS-COVE),Outcome,2027,175.0,"per 100,000 live births",Rate,Lower is better,MCH,"per 100,000 live births; baseline corrected to 233 on verification (first pass read 223)",,,https://www.citizen.org/wp-content/uploads/2026-0008QN-Mozambique-Health-12.15.2025.pdf
Mozambique,MCH,Maternal Mortality Rate (SIS-COVE),Outcome,2028,140.0,"per 100,000 live births",Rate,Lower is better,MCH,"per 100,000 live births; baseline corrected to 233 on verification (first pass read 223)",,,https://www.citizen.org/wp-content/uploads/2026-0008QN-Mozambique-Health-12.15.2025.pdf
Mozambique,MCH,Maternal Mortality Rate (SIS-COVE),Outcome,2029,115.0,"per 100,000 live births",Rate,Lower is better,MCH,"per 100,000 live births; baseline corrected to 233 on verification (first pass read 223)",,,https://www.citizen.org/wp-content/uploads/2026-0008QN-Mozambique-Health-12.15.2025.pdf
Mozambique,MCH,Maternal Mortality Rate (SIS-COVE),Outcome,2030,85.0,"per 100,000 live births",Rate,Lower is better,MCH,"per 100,000 live births; baseline corrected to 233 on verification (first pass read 223)",,,https://www.citizen.org/wp-content/uploads/2026-0008QN-Mozambique-Health-12.15.2025.pdf
Mozambique,MCH,Under-5 Mortality Rate (SIS-COVE),Outcome,Baseline,60.0,"per 1,000 live births",Rate,Lower is better,MCH,"per 1,000 live births",,,https://www.citizen.org/wp-content/uploads/2026-0008QN-Mozambique-Health-12.15.2025.pdf
Mozambique,MCH,Under-5 Mortality Rate (SIS-COVE),Outcome,2026,55.0,"per 1,000 live births",Rate,Lower is better,MCH,"per 1,000 live births",,,https://www.citizen.org/wp-content/uploads/2026-0008QN-Mozambique-Health-12.15.2025.pdf
Mozambique,MCH,Under-5 Mortality Rate (SIS-COVE),Outcome,2027,50.0,"per 1,000 live births",Rate,Lower is better,MCH,"per 1,000 live births",,,https://www.citizen.org/wp-content/uploads/2026-0008QN-Mozambique-Health-12.15.2025.pdf
Mozambique,MCH,Under-5 Mortality Rate (SIS-COVE),Outcome,2028,45.0,"per 1,000 live births",Rate,Lower is better,MCH,"per 1,000 live births",,,https://www.citizen.org/wp-content/uploads/2026-0008QN-Mozambique-Health-12.15.2025.pdf
Mozambique,MCH,Under-5 Mortality Rate (SIS-COVE),Outcome,2029,40.0,"per 1,000 live births",Rate,Lower is better,MCH,"per 1,000 live births",,,https://www.citizen.org/wp-content/uploads/2026-0008QN-Mozambique-Health-12.15.2025.pdf
Mozambique,MCH,Under-5 Mortality Rate (SIS-COVE),Outcome,2030,35.0,"per 1,000 live births",Rate,Lower is better,MCH,"per 1,000 live births",,,https://www.citizen.org/wp-content/uploads/2026-0008QN-Mozambique-Health-12.15.2025.pdf
Mozambique,HIV/AIDS,# people on ART,Process,Baseline,2032370.0,count,Absolute number,Higher is better,HIV/AIDS,"count; linear +53,526/yr",,,https://www.citizen.org/wp-content/uploads/2026-0008QN-Mozambique-Health-12.15.2025.pdf
Mozambique,HIV/AIDS,# people on ART,Process,2026,2085896.0,count,Absolute number,Higher is better,HIV/AIDS,"count; linear +53,526/yr",,,https://www.citizen.org/wp-content/uploads/2026-0008QN-Mozambique-Health-12.15.2025.pdf
Mozambique,HIV/AIDS,# people on ART,Process,2027,2139422.0,count,Absolute number,Higher is better,HIV/AIDS,"count; linear +53,526/yr",,,https://www.citizen.org/wp-content/uploads/2026-0008QN-Mozambique-Health-12.15.2025.pdf
Mozambique,HIV/AIDS,# people on ART,Process,2028,2192948.0,count,Absolute number,Higher is better,HIV/AIDS,"count; linear +53,526/yr",,,https://www.citizen.org/wp-content/uploads/2026-0008QN-Mozambique-Health-12.15.2025.pdf
Mozambique,HIV/AIDS,# people on ART,Process,2029,2246474.0,count,Absolute number,Higher is better,HIV/AIDS,"count; linear +53,526/yr",,,https://www.citizen.org/wp-content/uploads/2026-0008QN-Mozambique-Health-12.15.2025.pdf
Mozambique,HIV/AIDS,# people on ART,Process,2030,2300000.0,count,Absolute number,Higher is better,HIV/AIDS,"count; linear +53,526/yr",,,https://www.citizen.org/wp-content/uploads/2026-0008QN-Mozambique-Health-12.15.2025.pdf
Mozambique,HIV/AIDS,# new HIV diagnoses among infants (0-18mo),Process,Baseline,2507.0,count,Absolute number,Lower is better,HIV/AIDS,count; Spectrum,,,https://www.citizen.org/wp-content/uploads/2026-0008QN-Mozambique-Health-12.15.2025.pdf
Mozambique,HIV/AIDS,# new HIV diagnoses among infants (0-18mo),Process,2026,1890.0,count,Absolute number,Lower is better,HIV/AIDS,count; Spectrum,,,https://www.citizen.org/wp-content/uploads/2026-0008QN-Mozambique-Health-12.15.2025.pdf
Mozambique,HIV/AIDS,# new HIV diagnoses among infants (0-18mo),Process,2027,1651.0,count,Absolute number,Lower is better,HIV/AIDS,count; Spectrum,,,https://www.citizen.org/wp-content/uploads/2026-0008QN-Mozambique-Health-12.15.2025.pdf
Mozambique,HIV/AIDS,# new HIV diagnoses among infants (0-18mo),Process,2028,1437.0,count,Absolute number,Lower is better,HIV/AIDS,count; Spectrum,,,https://www.citizen.org/wp-content/uploads/2026-0008QN-Mozambique-Health-12.15.2025.pdf
Mozambique,HIV/AIDS,# new HIV diagnoses among infants (0-18mo),Process,2029,1236.0,count,Absolute number,Lower is better,HIV/AIDS,count; Spectrum,,,https://www.citizen.org/wp-content/uploads/2026-0008QN-Mozambique-Health-12.15.2025.pdf
Mozambique,HIV/AIDS,# new HIV diagnoses among infants (0-18mo),Process,2030,1038.0,count,Absolute number,Lower is better,HIV/AIDS,count; Spectrum,,,https://www.citizen.org/wp-content/uploads/2026-0008QN-Mozambique-Health-12.15.2025.pdf
Mozambique,HIV/AIDS,# new HIV diagnoses among children & adults,Process,Baseline,317184.0,count,Absolute number,Lower is better,HIV/AIDS,count; SIS-MA,,,https://www.citizen.org/wp-content/uploads/2026-0008QN-Mozambique-Health-12.15.2025.pdf
Mozambique,HIV/AIDS,# new HIV diagnoses among children & adults,Process,2026,301184.0,count,Absolute number,Lower is better,HIV/AIDS,count; SIS-MA,,,https://www.citizen.org/wp-content/uploads/2026-0008QN-Mozambique-Health-12.15.2025.pdf
Mozambique,HIV/AIDS,# new HIV diagnoses among children & adults,Process,2027,285184.0,count,Absolute number,Lower is better,HIV/AIDS,count; SIS-MA,,,https://www.citizen.org/wp-content/uploads/2026-0008QN-Mozambique-Health-12.15.2025.pdf
Mozambique,HIV/AIDS,# new HIV diagnoses among children & adults,Process,2028,269184.0,count,Absolute number,Lower is better,HIV/AIDS,count; SIS-MA,,,https://www.citizen.org/wp-content/uploads/2026-0008QN-Mozambique-Health-12.15.2025.pdf
Mozambique,HIV/AIDS,# new HIV diagnoses among children & adults,Process,2029,253184.0,count,Absolute number,Lower is better,HIV/AIDS,count; SIS-MA,,,https://www.citizen.org/wp-content/uploads/2026-0008QN-Mozambique-Health-12.15.2025.pdf
Mozambique,HIV/AIDS,# new HIV diagnoses among children & adults,Process,2030,237184.0,count,Absolute number,Lower is better,HIV/AIDS,count; SIS-MA,,,https://www.citizen.org/wp-content/uploads/2026-0008QN-Mozambique-Health-12.15.2025.pdf
Mozambique,HIV/AIDS,% pregnant & breastfeeding women with HIV on ART,Process,Baseline,82.0,%,Percentage,Higher is better,HIV/AIDS,%,,,https://www.citizen.org/wp-content/uploads/2026-0008QN-Mozambique-Health-12.15.2025.pdf
Mozambique,HIV/AIDS,% pregnant & breastfeeding women with HIV on ART,Process,2026,83.0,%,Percentage,Higher is better,HIV/AIDS,%,,,https://www.citizen.org/wp-content/uploads/2026-0008QN-Mozambique-Health-12.15.2025.pdf
Mozambique,HIV/AIDS,% pregnant & breastfeeding women with HIV on ART,Process,2027,85.0,%,Percentage,Higher is better,HIV/AIDS,%,,,https://www.citizen.org/wp-content/uploads/2026-0008QN-Mozambique-Health-12.15.2025.pdf
Mozambique,HIV/AIDS,% pregnant & breastfeeding women with HIV on ART,Process,2028,87.0,%,Percentage,Higher is better,HIV/AIDS,%,,,https://www.citizen.org/wp-content/uploads/2026-0008QN-Mozambique-Health-12.15.2025.pdf
Mozambique,HIV/AIDS,% pregnant & breastfeeding women with HIV on ART,Process,2029,89.0,%,Percentage,Higher is better,HIV/AIDS,%,,,https://www.citizen.org/wp-content/uploads/2026-0008QN-Mozambique-Health-12.15.2025.pdf
Mozambique,HIV/AIDS,% pregnant & breastfeeding women with HIV on ART,Process,2030,90.0,%,Percentage,Higher is better,HIV/AIDS,%,,,https://www.citizen.org/wp-content/uploads/2026-0008QN-Mozambique-Health-12.15.2025.pdf
Mozambique,Malaria,% confirmed malaria cases receiving first-line treatment,Process,Baseline,99.2,%,Percentage,Higher is better,Malaria,%,,,https://www.citizen.org/wp-content/uploads/2026-0008QN-Mozambique-Health-12.15.2025.pdf
Mozambique,Malaria,% confirmed malaria cases receiving first-line treatment,Process,2026,99.4,%,Percentage,Higher is better,Malaria,%,,,https://www.citizen.org/wp-content/uploads/2026-0008QN-Mozambique-Health-12.15.2025.pdf
Mozambique,Malaria,% confirmed malaria cases receiving first-line treatment,Process,2027,99.5,%,Percentage,Higher is better,Malaria,%,,,https://www.citizen.org/wp-content/uploads/2026-0008QN-Mozambique-Health-12.15.2025.pdf
Mozambique,Malaria,% confirmed malaria cases receiving first-line treatment,Process,2028,99.7,%,Percentage,Higher is better,Malaria,%,,,https://www.citizen.org/wp-content/uploads/2026-0008QN-Mozambique-Health-12.15.2025.pdf
Mozambique,Malaria,% confirmed malaria cases receiving first-line treatment,Process,2029,99.8,%,Percentage,Higher is better,Malaria,%,,,https://www.citizen.org/wp-content/uploads/2026-0008QN-Mozambique-Health-12.15.2025.pdf
Mozambique,Malaria,% confirmed malaria cases receiving first-line treatment,Process,2030,100.0,%,Percentage,Higher is better,Malaria,%,,,https://www.citizen.org/wp-content/uploads/2026-0008QN-Mozambique-Health-12.15.2025.pdf
Mozambique,Malaria,# ITNs distributed,Process,Baseline,1898500.0,count,Absolute number,Higher is better,Malaria,count; 2026 target below baseline (verified as printed),,,https://www.citizen.org/wp-content/uploads/2026-0008QN-Mozambique-Health-12.15.2025.pdf
Mozambique,Malaria,# ITNs distributed,Process,2026,1747949.0,count,Absolute number,Higher is better,Malaria,count; 2026 target below baseline (verified as printed),,,https://www.citizen.org/wp-content/uploads/2026-0008QN-Mozambique-Health-12.15.2025.pdf
Mozambique,Malaria,# ITNs distributed,Process,2027,1792586.0,count,Absolute number,Higher is better,Malaria,count; 2026 target below baseline (verified as printed),,,https://www.citizen.org/wp-content/uploads/2026-0008QN-Mozambique-Health-12.15.2025.pdf
Mozambique,Malaria,# ITNs distributed,Process,2028,1838539.0,count,Absolute number,Higher is better,Malaria,count; 2026 target below baseline (verified as printed),,,https://www.citizen.org/wp-content/uploads/2026-0008QN-Mozambique-Health-12.15.2025.pdf
Mozambique,Malaria,# ITNs distributed,Process,2029,1885853.0,count,Absolute number,Higher is better,Malaria,count; 2026 target below baseline (verified as printed),,,https://www.citizen.org/wp-content/uploads/2026-0008QN-Mozambique-Health-12.15.2025.pdf
Mozambique,Malaria,# ITNs distributed,Process,2030,1934455.0,count,Absolute number,Higher is better,Malaria,count; 2026 target below baseline (verified as printed),,,https://www.citizen.org/wp-content/uploads/2026-0008QN-Mozambique-Health-12.15.2025.pdf
Mozambique,TB,# patients with TB notified,Process,Baseline,107325.0,count,Absolute number,Higher is better,TB,count,,,https://www.citizen.org/wp-content/uploads/2026-0008QN-Mozambique-Health-12.15.2025.pdf
Mozambique,TB,# patients with TB notified,Process,2026,117386.0,count,Absolute number,Higher is better,TB,count,,,https://www.citizen.org/wp-content/uploads/2026-0008QN-Mozambique-Health-12.15.2025.pdf
Mozambique,TB,# patients with TB notified,Process,2027,116973.0,count,Absolute number,Higher is better,TB,count,,,https://www.citizen.org/wp-content/uploads/2026-0008QN-Mozambique-Health-12.15.2025.pdf
Mozambique,TB,# patients with TB notified,Process,2028,115422.0,count,Absolute number,Higher is better,TB,count,,,https://www.citizen.org/wp-content/uploads/2026-0008QN-Mozambique-Health-12.15.2025.pdf
Mozambique,TB,# patients with TB notified,Process,2029,114978.0,count,Absolute number,Higher is better,TB,count,,,https://www.citizen.org/wp-content/uploads/2026-0008QN-Mozambique-Health-12.15.2025.pdf
Mozambique,TB,# patients with TB notified,Process,2030,114300.0,count,Absolute number,Higher is better,TB,count,,,https://www.citizen.org/wp-content/uploads/2026-0008QN-Mozambique-Health-12.15.2025.pdf
Mozambique,TB,% TB notified who completed treatment,Process,Baseline,92.0,%,Percentage,Higher is better,TB,%; '>=92%' each year,,,https://www.citizen.org/wp-content/uploads/2026-0008QN-Mozambique-Health-12.15.2025.pdf
Mozambique,TB,% TB notified who completed treatment,Process,2026,92.0,%,Percentage,Higher is better,TB,%; '>=92%' each year,,,https://www.citizen.org/wp-content/uploads/2026-0008QN-Mozambique-Health-12.15.2025.pdf
Mozambique,TB,% TB notified who completed treatment,Process,2027,92.0,%,Percentage,Higher is better,TB,%; '>=92%' each year,,,https://www.citizen.org/wp-content/uploads/2026-0008QN-Mozambique-Health-12.15.2025.pdf
Mozambique,TB,% TB notified who completed treatment,Process,2028,92.0,%,Percentage,Higher is better,TB,%; '>=92%' each year,,,https://www.citizen.org/wp-content/uploads/2026-0008QN-Mozambique-Health-12.15.2025.pdf
Mozambique,TB,% TB notified who completed treatment,Process,2029,92.0,%,Percentage,Higher is better,TB,%; '>=92%' each year,,,https://www.citizen.org/wp-content/uploads/2026-0008QN-Mozambique-Health-12.15.2025.pdf
Mozambique,TB,% TB notified who completed treatment,Process,2030,92.0,%,Percentage,Higher is better,TB,%; '>=92%' each year,,,https://www.citizen.org/wp-content/uploads/2026-0008QN-Mozambique-Health-12.15.2025.pdf
Mozambique,Polio,% surviving infants with >=1 dose IPV,Process,Baseline,86.0,%,Percentage,Higher is better,Polio,%; WUENIC,,,https://www.citizen.org/wp-content/uploads/2026-0008QN-Mozambique-Health-12.15.2025.pdf
Mozambique,Polio,% surviving infants with >=1 dose IPV,Process,2026,87.0,%,Percentage,Higher is better,Polio,%; WUENIC,,,https://www.citizen.org/wp-content/uploads/2026-0008QN-Mozambique-Health-12.15.2025.pdf
Mozambique,Polio,% surviving infants with >=1 dose IPV,Process,2027,88.0,%,Percentage,Higher is better,Polio,%; WUENIC,,,https://www.citizen.org/wp-content/uploads/2026-0008QN-Mozambique-Health-12.15.2025.pdf
Mozambique,Polio,% surviving infants with >=1 dose IPV,Process,2028,88.0,%,Percentage,Higher is better,Polio,%; WUENIC,,,https://www.citizen.org/wp-content/uploads/2026-0008QN-Mozambique-Health-12.15.2025.pdf
Mozambique,Polio,% surviving infants with >=1 dose IPV,Process,2029,88.0,%,Percentage,Higher is better,Polio,%; WUENIC,,,https://www.citizen.org/wp-content/uploads/2026-0008QN-Mozambique-Health-12.15.2025.pdf
Mozambique,Polio,% surviving infants with >=1 dose IPV,Process,2030,88.0,%,Percentage,Higher is better,Polio,%; WUENIC,,,https://www.citizen.org/wp-content/uploads/2026-0008QN-Mozambique-Health-12.15.2025.pdf
Mozambique,Immunisation (measles),% children 12-23mo with measles vaccine,Process,Baseline,65.0,%,Percentage,Higher is better,Measles,%; WUENIC/NIHS,,,https://www.citizen.org/wp-content/uploads/2026-0008QN-Mozambique-Health-12.15.2025.pdf
Mozambique,Immunisation (measles),% children 12-23mo with measles vaccine,Process,2026,66.0,%,Percentage,Higher is better,Measles,%; WUENIC/NIHS,,,https://www.citizen.org/wp-content/uploads/2026-0008QN-Mozambique-Health-12.15.2025.pdf
Mozambique,Immunisation (measles),% children 12-23mo with measles vaccine,Process,2027,67.0,%,Percentage,Higher is better,Measles,%; WUENIC/NIHS,,,https://www.citizen.org/wp-content/uploads/2026-0008QN-Mozambique-Health-12.15.2025.pdf
Mozambique,Immunisation (measles),% children 12-23mo with measles vaccine,Process,2028,67.0,%,Percentage,Higher is better,Measles,%; WUENIC/NIHS,,,https://www.citizen.org/wp-content/uploads/2026-0008QN-Mozambique-Health-12.15.2025.pdf
Mozambique,Immunisation (measles),% children 12-23mo with measles vaccine,Process,2029,67.0,%,Percentage,Higher is better,Measles,%; WUENIC/NIHS,,,https://www.citizen.org/wp-content/uploads/2026-0008QN-Mozambique-Health-12.15.2025.pdf
Mozambique,Immunisation (measles),% children 12-23mo with measles vaccine,Process,2030,67.0,%,Percentage,Higher is better,Measles,%; WUENIC/NIHS,,,https://www.citizen.org/wp-content/uploads/2026-0008QN-Mozambique-Health-12.15.2025.pdf
Mozambique,MCH,% pregnant women with 4+ ANC visits,Process,Baseline,76.0,%,Percentage,Higher is better,MCH,%,,,https://www.citizen.org/wp-content/uploads/2026-0008QN-Mozambique-Health-12.15.2025.pdf
Mozambique,MCH,% pregnant women with 4+ ANC visits,Process,2026,77.0,%,Percentage,Higher is better,MCH,%,,,https://www.citizen.org/wp-content/uploads/2026-0008QN-Mozambique-Health-12.15.2025.pdf
Mozambique,MCH,% pregnant women with 4+ ANC visits,Process,2027,78.0,%,Percentage,Higher is better,MCH,%,,,https://www.citizen.org/wp-content/uploads/2026-0008QN-Mozambique-Health-12.15.2025.pdf
Mozambique,MCH,% pregnant women with 4+ ANC visits,Process,2028,79.0,%,Percentage,Higher is better,MCH,%,,,https://www.citizen.org/wp-content/uploads/2026-0008QN-Mozambique-Health-12.15.2025.pdf
Mozambique,MCH,% pregnant women with 4+ ANC visits,Process,2029,80.0,%,Percentage,Higher is better,MCH,%,,,https://www.citizen.org/wp-content/uploads/2026-0008QN-Mozambique-Health-12.15.2025.pdf
Mozambique,MCH,% pregnant women with 4+ ANC visits,Process,2030,80.0,%,Percentage,Higher is better,MCH,%,,,https://www.citizen.org/wp-content/uploads/2026-0008QN-Mozambique-Health-12.15.2025.pdf
Mozambique,Data systems & quality,% accuracy of data fields (annual data audit),Process,Baseline,70.0,%,Percentage,Higher is better,Data systems,%,,,https://www.citizen.org/wp-content/uploads/2026-0008QN-Mozambique-Health-12.15.2025.pdf
Mozambique,Data systems & quality,% accuracy of data fields (annual data audit),Process,2026,72.0,%,Percentage,Higher is better,Data systems,%,,,https://www.citizen.org/wp-content/uploads/2026-0008QN-Mozambique-Health-12.15.2025.pdf
Mozambique,Data systems & quality,% accuracy of data fields (annual data audit),Process,2027,74.0,%,Percentage,Higher is better,Data systems,%,,,https://www.citizen.org/wp-content/uploads/2026-0008QN-Mozambique-Health-12.15.2025.pdf
Mozambique,Data systems & quality,% accuracy of data fields (annual data audit),Process,2028,77.0,%,Percentage,Higher is better,Data systems,%,,,https://www.citizen.org/wp-content/uploads/2026-0008QN-Mozambique-Health-12.15.2025.pdf
Mozambique,Data systems & quality,% accuracy of data fields (annual data audit),Process,2029,80.0,%,Percentage,Higher is better,Data systems,%,,,https://www.citizen.org/wp-content/uploads/2026-0008QN-Mozambique-Health-12.15.2025.pdf
Mozambique,Data systems & quality,% accuracy of data fields (annual data audit),Process,2030,82.0,%,Percentage,Higher is better,Data systems,%,,,https://www.citizen.org/wp-content/uploads/2026-0008QN-Mozambique-Health-12.15.2025.pdf
Mozambique,GHS / outbreak response,Detect suspected outbreaks within 7 days,Outbreak response (7-1-7),2026,7.0,days,Days,Lower is better,GHS,days,,,https://www.citizen.org/wp-content/uploads/2026-0008QN-Mozambique-Health-12.15.2025.pdf
Mozambique,GHS / outbreak response,Detect suspected outbreaks within 7 days,Outbreak response (7-1-7),2027,7.0,days,Days,Lower is better,GHS,days,,,https://www.citizen.org/wp-content/uploads/2026-0008QN-Mozambique-Health-12.15.2025.pdf
Mozambique,GHS / outbreak response,Detect suspected outbreaks within 7 days,Outbreak response (7-1-7),2028,7.0,days,Days,Lower is better,GHS,days,,,https://www.citizen.org/wp-content/uploads/2026-0008QN-Mozambique-Health-12.15.2025.pdf
Mozambique,GHS / outbreak response,Detect suspected outbreaks within 7 days,Outbreak response (7-1-7),2029,7.0,days,Days,Lower is better,GHS,days,,,https://www.citizen.org/wp-content/uploads/2026-0008QN-Mozambique-Health-12.15.2025.pdf
Mozambique,GHS / outbreak response,Detect suspected outbreaks within 7 days,Outbreak response (7-1-7),2030,7.0,days,Days,Lower is better,GHS,days,,,https://www.citizen.org/wp-content/uploads/2026-0008QN-Mozambique-Health-12.15.2025.pdf
Mozambique,GHS / outbreak response,"Notify USG within 1 day (currently at 3 days, striving for 1)",Outbreak response (7-1-7),Baseline,3.0,days,Days,Lower is better,GHS,days; verbatim caveat in Sec 1.3.II,,,https://www.citizen.org/wp-content/uploads/2026-0008QN-Mozambique-Health-12.15.2025.pdf
Mozambique,GHS / outbreak response,"Notify USG within 1 day (currently at 3 days, striving for 1)",Outbreak response (7-1-7),2026,1.0,days,Days,Lower is better,GHS,days; verbatim caveat in Sec 1.3.II,,,https://www.citizen.org/wp-content/uploads/2026-0008QN-Mozambique-Health-12.15.2025.pdf
Mozambique,GHS / outbreak response,"Notify USG within 1 day (currently at 3 days, striving for 1)",Outbreak response (7-1-7),2027,1.0,days,Days,Lower is better,GHS,days; verbatim caveat in Sec 1.3.II,,,https://www.citizen.org/wp-content/uploads/2026-0008QN-Mozambique-Health-12.15.2025.pdf
Mozambique,GHS / outbreak response,"Notify USG within 1 day (currently at 3 days, striving for 1)",Outbreak response (7-1-7),2028,1.0,days,Days,Lower is better,GHS,days; verbatim caveat in Sec 1.3.II,,,https://www.citizen.org/wp-content/uploads/2026-0008QN-Mozambique-Health-12.15.2025.pdf
Mozambique,GHS / outbreak response,"Notify USG within 1 day (currently at 3 days, striving for 1)",Outbreak response (7-1-7),2029,1.0,days,Days,Lower is better,GHS,days; verbatim caveat in Sec 1.3.II,,,https://www.citizen.org/wp-content/uploads/2026-0008QN-Mozambique-Health-12.15.2025.pdf
Mozambique,GHS / outbreak response,"Notify USG within 1 day (currently at 3 days, striving for 1)",Outbreak response (7-1-7),2030,1.0,days,Days,Lower is better,GHS,days; verbatim caveat in Sec 1.3.II,,,https://www.citizen.org/wp-content/uploads/2026-0008QN-Mozambique-Health-12.15.2025.pdf
Mozambique,GHS / outbreak response,Complete initial response within 7 days of notification,Outbreak response (7-1-7),2026,7.0,days,Days,Lower is better,GHS,days,,,https://www.citizen.org/wp-content/uploads/2026-0008QN-Mozambique-Health-12.15.2025.pdf
Mozambique,GHS / outbreak response,Complete initial response within 7 days of notification,Outbreak response (7-1-7),2027,7.0,days,Days,Lower is better,GHS,days,,,https://www.citizen.org/wp-content/uploads/2026-0008QN-Mozambique-Health-12.15.2025.pdf
Mozambique,GHS / outbreak response,Complete initial response within 7 days of notification,Outbreak response (7-1-7),2028,7.0,days,Days,Lower is better,GHS,days,,,https://www.citizen.org/wp-content/uploads/2026-0008QN-Mozambique-Health-12.15.2025.pdf
Mozambique,GHS / outbreak response,Complete initial response within 7 days of notification,Outbreak response (7-1-7),2029,7.0,days,Days,Lower is better,GHS,days,,,https://www.citizen.org/wp-content/uploads/2026-0008QN-Mozambique-Health-12.15.2025.pdf
Mozambique,GHS / outbreak response,Complete initial response within 7 days of notification,Outbreak response (7-1-7),2030,7.0,days,Days,Lower is better,GHS,days,,,https://www.citizen.org/wp-content/uploads/2026-0008QN-Mozambique-Health-12.15.2025.pdf
Nigeria,HIV/AIDS,% People With HIV Who Know Their Status,Outcome,Baseline,87.0,%,Percentage,Higher is better,HIV/AIDS,%; NASCP 2025; growth 0.75%/yr,,,https://www.citizen.org/wp-content/uploads/2026-0009QN-Nigeria-Health-12.19.2025.pdf
Nigeria,HIV/AIDS,% People With HIV Who Know Their Status,Outcome,2026,88.0,%,Percentage,Higher is better,HIV/AIDS,%; NASCP 2025; growth 0.75%/yr,,,https://www.citizen.org/wp-content/uploads/2026-0009QN-Nigeria-Health-12.19.2025.pdf
Nigeria,HIV/AIDS,% People With HIV Who Know Their Status,Outcome,2027,90.0,%,Percentage,Higher is better,HIV/AIDS,%; NASCP 2025; growth 0.75%/yr,,,https://www.citizen.org/wp-content/uploads/2026-0009QN-Nigeria-Health-12.19.2025.pdf
Nigeria,HIV/AIDS,% People With HIV Who Know Their Status,Outcome,2028,92.0,%,Percentage,Higher is better,HIV/AIDS,%; NASCP 2025; growth 0.75%/yr,,,https://www.citizen.org/wp-content/uploads/2026-0009QN-Nigeria-Health-12.19.2025.pdf
Nigeria,HIV/AIDS,% People With HIV Who Know Their Status,Outcome,2029,93.0,%,Percentage,Higher is better,HIV/AIDS,%; NASCP 2025; growth 0.75%/yr,,,https://www.citizen.org/wp-content/uploads/2026-0009QN-Nigeria-Health-12.19.2025.pdf
Nigeria,HIV/AIDS,% People With HIV Who Know Their Status,Outcome,2030,95.0,%,Percentage,Higher is better,HIV/AIDS,%; NASCP 2025; growth 0.75%/yr,,,https://www.citizen.org/wp-content/uploads/2026-0009QN-Nigeria-Health-12.19.2025.pdf
Nigeria,HIV/AIDS,% People Who Know Their HIV Status on Treatment,Outcome,Baseline,98.0,%,Percentage,Higher is better,HIV/AIDS,%; NASCP 2025,,,https://www.citizen.org/wp-content/uploads/2026-0009QN-Nigeria-Health-12.19.2025.pdf
Nigeria,HIV/AIDS,% People Who Know Their HIV Status on Treatment,Outcome,2026,98.0,%,Percentage,Higher is better,HIV/AIDS,%; NASCP 2025,,,https://www.citizen.org/wp-content/uploads/2026-0009QN-Nigeria-Health-12.19.2025.pdf
Nigeria,HIV/AIDS,% People Who Know Their HIV Status on Treatment,Outcome,2027,98.0,%,Percentage,Higher is better,HIV/AIDS,%; NASCP 2025,,,https://www.citizen.org/wp-content/uploads/2026-0009QN-Nigeria-Health-12.19.2025.pdf
Nigeria,HIV/AIDS,% People Who Know Their HIV Status on Treatment,Outcome,2028,98.0,%,Percentage,Higher is better,HIV/AIDS,%; NASCP 2025,,,https://www.citizen.org/wp-content/uploads/2026-0009QN-Nigeria-Health-12.19.2025.pdf
Nigeria,HIV/AIDS,% People Who Know Their HIV Status on Treatment,Outcome,2029,98.0,%,Percentage,Higher is better,HIV/AIDS,%; NASCP 2025,,,https://www.citizen.org/wp-content/uploads/2026-0009QN-Nigeria-Health-12.19.2025.pdf
Nigeria,HIV/AIDS,% People Who Know Their HIV Status on Treatment,Outcome,2030,98.0,%,Percentage,Higher is better,HIV/AIDS,%; NASCP 2025,,,https://www.citizen.org/wp-content/uploads/2026-0009QN-Nigeria-Health-12.19.2025.pdf
Nigeria,HIV/AIDS,% People on ART Virally Suppressed,Outcome,Baseline,95.0,%,Percentage,Higher is better,HIV/AIDS,%; NASCP 2025,,,https://www.citizen.org/wp-content/uploads/2026-0009QN-Nigeria-Health-12.19.2025.pdf
Nigeria,HIV/AIDS,% People on ART Virally Suppressed,Outcome,2026,95.0,%,Percentage,Higher is better,HIV/AIDS,%; NASCP 2025,,,https://www.citizen.org/wp-content/uploads/2026-0009QN-Nigeria-Health-12.19.2025.pdf
Nigeria,HIV/AIDS,% People on ART Virally Suppressed,Outcome,2027,95.0,%,Percentage,Higher is better,HIV/AIDS,%; NASCP 2025,,,https://www.citizen.org/wp-content/uploads/2026-0009QN-Nigeria-Health-12.19.2025.pdf
Nigeria,HIV/AIDS,% People on ART Virally Suppressed,Outcome,2028,95.0,%,Percentage,Higher is better,HIV/AIDS,%; NASCP 2025,,,https://www.citizen.org/wp-content/uploads/2026-0009QN-Nigeria-Health-12.19.2025.pdf
Nigeria,HIV/AIDS,% People on ART Virally Suppressed,Outcome,2029,95.0,%,Percentage,Higher is better,HIV/AIDS,%; NASCP 2025,,,https://www.citizen.org/wp-content/uploads/2026-0009QN-Nigeria-Health-12.19.2025.pdf
Nigeria,HIV/AIDS,% People on ART Virally Suppressed,Outcome,2030,95.0,%,Percentage,Higher is better,HIV/AIDS,%; NASCP 2025,,,https://www.citizen.org/wp-content/uploads/2026-0009QN-Nigeria-Health-12.19.2025.pdf
Nigeria,Malaria,# Malaria Deaths in Children Under 5,Outcome,Baseline,2340.0,count,Absolute number,Lower is better,Malaria,count; DHIS2 2024; -5%/yr,,,https://www.citizen.org/wp-content/uploads/2026-0009QN-Nigeria-Health-12.19.2025.pdf
Nigeria,Malaria,# Malaria Deaths in Children Under 5,Outcome,2026,2223.0,count,Absolute number,Lower is better,Malaria,count; DHIS2 2024; -5%/yr,,,https://www.citizen.org/wp-content/uploads/2026-0009QN-Nigeria-Health-12.19.2025.pdf
Nigeria,Malaria,# Malaria Deaths in Children Under 5,Outcome,2027,2112.0,count,Absolute number,Lower is better,Malaria,count; DHIS2 2024; -5%/yr,,,https://www.citizen.org/wp-content/uploads/2026-0009QN-Nigeria-Health-12.19.2025.pdf
Nigeria,Malaria,# Malaria Deaths in Children Under 5,Outcome,2028,2006.0,count,Absolute number,Lower is better,Malaria,count; DHIS2 2024; -5%/yr,,,https://www.citizen.org/wp-content/uploads/2026-0009QN-Nigeria-Health-12.19.2025.pdf
Nigeria,Malaria,# Malaria Deaths in Children Under 5,Outcome,2029,1906.0,count,Absolute number,Lower is better,Malaria,count; DHIS2 2024; -5%/yr,,,https://www.citizen.org/wp-content/uploads/2026-0009QN-Nigeria-Health-12.19.2025.pdf
Nigeria,Malaria,# Malaria Deaths in Children Under 5,Outcome,2030,1811.0,count,Absolute number,Lower is better,Malaria,count; DHIS2 2024; -5%/yr,,,https://www.citizen.org/wp-content/uploads/2026-0009QN-Nigeria-Health-12.19.2025.pdf
Nigeria,TB,# TB Deaths,Outcome,Baseline,61800.0,count,Absolute number,Lower is better,TB,count; Global TB Report 2025; -5.19%/yr,,,https://www.citizen.org/wp-content/uploads/2026-0009QN-Nigeria-Health-12.19.2025.pdf
Nigeria,TB,# TB Deaths,Outcome,2026,58594.0,count,Absolute number,Lower is better,TB,count; Global TB Report 2025; -5.19%/yr,,,https://www.citizen.org/wp-content/uploads/2026-0009QN-Nigeria-Health-12.19.2025.pdf
Nigeria,TB,# TB Deaths,Outcome,2027,55554.0,count,Absolute number,Lower is better,TB,count; Global TB Report 2025; -5.19%/yr,,,https://www.citizen.org/wp-content/uploads/2026-0009QN-Nigeria-Health-12.19.2025.pdf
Nigeria,TB,# TB Deaths,Outcome,2028,52672.0,count,Absolute number,Lower is better,TB,count; Global TB Report 2025; -5.19%/yr,,,https://www.citizen.org/wp-content/uploads/2026-0009QN-Nigeria-Health-12.19.2025.pdf
Nigeria,TB,# TB Deaths,Outcome,2029,49940.0,count,Absolute number,Lower is better,TB,count; Global TB Report 2025; -5.19%/yr,,,https://www.citizen.org/wp-content/uploads/2026-0009QN-Nigeria-Health-12.19.2025.pdf
Nigeria,TB,# TB Deaths,Outcome,2030,47349.0,count,Absolute number,Lower is better,TB,count; Global TB Report 2025; -5.19%/yr,,,https://www.citizen.org/wp-content/uploads/2026-0009QN-Nigeria-Health-12.19.2025.pdf
Nigeria,Polio,# Polio Cases (cVPV2),Outcome,Baseline,67.0,count,Absolute number,Lower is better,Polio,count; surveillance 2025,,,https://www.citizen.org/wp-content/uploads/2026-0009QN-Nigeria-Health-12.19.2025.pdf
Nigeria,Polio,# Polio Cases (cVPV2),Outcome,2026,55.0,count,Absolute number,Lower is better,Polio,count; surveillance 2025,,,https://www.citizen.org/wp-content/uploads/2026-0009QN-Nigeria-Health-12.19.2025.pdf
Nigeria,Polio,# Polio Cases (cVPV2),Outcome,2027,27.0,count,Absolute number,Lower is better,Polio,count; surveillance 2025,,,https://www.citizen.org/wp-content/uploads/2026-0009QN-Nigeria-Health-12.19.2025.pdf
Nigeria,Polio,# Polio Cases (cVPV2),Outcome,2028,0.0,count,Absolute number,Lower is better,Polio,count; surveillance 2025,,,https://www.citizen.org/wp-content/uploads/2026-0009QN-Nigeria-Health-12.19.2025.pdf
Nigeria,Polio,# Polio Cases (cVPV2),Outcome,2029,0.0,count,Absolute number,Lower is better,Polio,count; surveillance 2025,,,https://www.citizen.org/wp-content/uploads/2026-0009QN-Nigeria-Health-12.19.2025.pdf
Nigeria,Polio,# Polio Cases (cVPV2),Outcome,2030,0.0,count,Absolute number,Lower is better,Polio,count; surveillance 2025,,,https://www.citizen.org/wp-content/uploads/2026-0009QN-Nigeria-Health-12.19.2025.pdf
Nigeria,MCH,Maternal Mortality Rate,Outcome,Baseline,993.0,"per 100,000",Rate,Lower is better,MCH,"per 100,000; WHO 2023",,,https://www.citizen.org/wp-content/uploads/2026-0009QN-Nigeria-Health-12.19.2025.pdf
Nigeria,MCH,Maternal Mortality Rate,Outcome,2026,946.0,"per 100,000",Rate,Lower is better,MCH,"per 100,000; WHO 2023",,,https://www.citizen.org/wp-content/uploads/2026-0009QN-Nigeria-Health-12.19.2025.pdf
Nigeria,MCH,Maternal Mortality Rate,Outcome,2027,901.0,"per 100,000",Rate,Lower is better,MCH,"per 100,000; WHO 2023",,,https://www.citizen.org/wp-content/uploads/2026-0009QN-Nigeria-Health-12.19.2025.pdf
Nigeria,MCH,Maternal Mortality Rate,Outcome,2028,858.0,"per 100,000",Rate,Lower is better,MCH,"per 100,000; WHO 2023",,,https://www.citizen.org/wp-content/uploads/2026-0009QN-Nigeria-Health-12.19.2025.pdf
Nigeria,MCH,Maternal Mortality Rate,Outcome,2029,817.0,"per 100,000",Rate,Lower is better,MCH,"per 100,000; WHO 2023",,,https://www.citizen.org/wp-content/uploads/2026-0009QN-Nigeria-Health-12.19.2025.pdf
Nigeria,MCH,Maternal Mortality Rate,Outcome,2030,778.0,"per 100,000",Rate,Lower is better,MCH,"per 100,000; WHO 2023",,,https://www.citizen.org/wp-content/uploads/2026-0009QN-Nigeria-Health-12.19.2025.pdf
Nigeria,MCH,Under-5 Mortality Rate,Outcome,Baseline,110.0,"per 1,000",Rate,Lower is better,MCH,"per 1,000; NDHS 2024",,,https://www.citizen.org/wp-content/uploads/2026-0009QN-Nigeria-Health-12.19.2025.pdf
Nigeria,MCH,Under-5 Mortality Rate,Outcome,2026,107.0,"per 1,000",Rate,Lower is better,MCH,"per 1,000; NDHS 2024",,,https://www.citizen.org/wp-content/uploads/2026-0009QN-Nigeria-Health-12.19.2025.pdf
Nigeria,MCH,Under-5 Mortality Rate,Outcome,2027,103.0,"per 1,000",Rate,Lower is better,MCH,"per 1,000; NDHS 2024",,,https://www.citizen.org/wp-content/uploads/2026-0009QN-Nigeria-Health-12.19.2025.pdf
Nigeria,MCH,Under-5 Mortality Rate,Outcome,2028,100.0,"per 1,000",Rate,Lower is better,MCH,"per 1,000; NDHS 2024",,,https://www.citizen.org/wp-content/uploads/2026-0009QN-Nigeria-Health-12.19.2025.pdf
Nigeria,MCH,Under-5 Mortality Rate,Outcome,2029,97.0,"per 1,000",Rate,Lower is better,MCH,"per 1,000; NDHS 2024",,,https://www.citizen.org/wp-content/uploads/2026-0009QN-Nigeria-Health-12.19.2025.pdf
Nigeria,MCH,Under-5 Mortality Rate,Outcome,2030,94.0,"per 1,000",Rate,Lower is better,MCH,"per 1,000; NDHS 2024",,,https://www.citizen.org/wp-content/uploads/2026-0009QN-Nigeria-Health-12.19.2025.pdf
Nigeria,HIV/AIDS,# people on ARV,Process,Baseline,1707093.0,count,Absolute number,Higher is better,HIV/AIDS,count; NDARS Sept 2025; +1.95%/yr,,,https://www.citizen.org/wp-content/uploads/2026-0009QN-Nigeria-Health-12.19.2025.pdf
Nigeria,HIV/AIDS,# people on ARV,Process,2026,1740381.0,count,Absolute number,Higher is better,HIV/AIDS,count; NDARS Sept 2025; +1.95%/yr,,,https://www.citizen.org/wp-content/uploads/2026-0009QN-Nigeria-Health-12.19.2025.pdf
Nigeria,HIV/AIDS,# people on ARV,Process,2027,1774318.0,count,Absolute number,Higher is better,HIV/AIDS,count; NDARS Sept 2025; +1.95%/yr,,,https://www.citizen.org/wp-content/uploads/2026-0009QN-Nigeria-Health-12.19.2025.pdf
Nigeria,HIV/AIDS,# people on ARV,Process,2028,1808917.0,count,Absolute number,Higher is better,HIV/AIDS,count; NDARS Sept 2025; +1.95%/yr,,,https://www.citizen.org/wp-content/uploads/2026-0009QN-Nigeria-Health-12.19.2025.pdf
Nigeria,HIV/AIDS,# people on ARV,Process,2029,1844191.0,count,Absolute number,Higher is better,HIV/AIDS,count; NDARS Sept 2025; +1.95%/yr,,,https://www.citizen.org/wp-content/uploads/2026-0009QN-Nigeria-Health-12.19.2025.pdf
Nigeria,HIV/AIDS,# people on ARV,Process,2030,1880153.0,count,Absolute number,Higher is better,HIV/AIDS,count; NDARS Sept 2025; +1.95%/yr,,,https://www.citizen.org/wp-content/uploads/2026-0009QN-Nigeria-Health-12.19.2025.pdf
Nigeria,HIV/AIDS,# new HIV diagnoses among infants (0-18mo),Process,Baseline,1617.0,count,Absolute number,Lower is better,HIV/AIDS,count; -2%/yr,,,https://www.citizen.org/wp-content/uploads/2026-0009QN-Nigeria-Health-12.19.2025.pdf
Nigeria,HIV/AIDS,# new HIV diagnoses among infants (0-18mo),Process,2026,1585.0,count,Absolute number,Lower is better,HIV/AIDS,count; -2%/yr,,,https://www.citizen.org/wp-content/uploads/2026-0009QN-Nigeria-Health-12.19.2025.pdf
Nigeria,HIV/AIDS,# new HIV diagnoses among infants (0-18mo),Process,2027,1553.0,count,Absolute number,Lower is better,HIV/AIDS,count; -2%/yr,,,https://www.citizen.org/wp-content/uploads/2026-0009QN-Nigeria-Health-12.19.2025.pdf
Nigeria,HIV/AIDS,# new HIV diagnoses among infants (0-18mo),Process,2028,1522.0,count,Absolute number,Lower is better,HIV/AIDS,count; -2%/yr,,,https://www.citizen.org/wp-content/uploads/2026-0009QN-Nigeria-Health-12.19.2025.pdf
Nigeria,HIV/AIDS,# new HIV diagnoses among infants (0-18mo),Process,2029,1491.0,count,Absolute number,Lower is better,HIV/AIDS,count; -2%/yr,,,https://www.citizen.org/wp-content/uploads/2026-0009QN-Nigeria-Health-12.19.2025.pdf
Nigeria,HIV/AIDS,# new HIV diagnoses among infants (0-18mo),Process,2030,1462.0,count,Absolute number,Lower is better,HIV/AIDS,count; -2%/yr,,,https://www.citizen.org/wp-content/uploads/2026-0009QN-Nigeria-Health-12.19.2025.pdf
Nigeria,HIV/AIDS,# new HIV diagnoses children & adults (18mo+),Process,Baseline,83552.0,count,Absolute number,Lower is better,HIV/AIDS,count; -6%/yr,,,https://www.citizen.org/wp-content/uploads/2026-0009QN-Nigeria-Health-12.19.2025.pdf
Nigeria,HIV/AIDS,# new HIV diagnoses children & adults (18mo+),Process,2026,78559.0,count,Absolute number,Lower is better,HIV/AIDS,count; -6%/yr,,,https://www.citizen.org/wp-content/uploads/2026-0009QN-Nigeria-Health-12.19.2025.pdf
Nigeria,HIV/AIDS,# new HIV diagnoses children & adults (18mo+),Process,2027,73865.0,count,Absolute number,Lower is better,HIV/AIDS,count; -6%/yr,,,https://www.citizen.org/wp-content/uploads/2026-0009QN-Nigeria-Health-12.19.2025.pdf
Nigeria,HIV/AIDS,# new HIV diagnoses children & adults (18mo+),Process,2028,69451.0,count,Absolute number,Lower is better,HIV/AIDS,count; -6%/yr,,,https://www.citizen.org/wp-content/uploads/2026-0009QN-Nigeria-Health-12.19.2025.pdf
Nigeria,HIV/AIDS,# new HIV diagnoses children & adults (18mo+),Process,2029,65300.0,count,Absolute number,Lower is better,HIV/AIDS,count; -6%/yr,,,https://www.citizen.org/wp-content/uploads/2026-0009QN-Nigeria-Health-12.19.2025.pdf
Nigeria,HIV/AIDS,# new HIV diagnoses children & adults (18mo+),Process,2030,61398.0,count,Absolute number,Lower is better,HIV/AIDS,count; -6%/yr,,,https://www.citizen.org/wp-content/uploads/2026-0009QN-Nigeria-Health-12.19.2025.pdf
Nigeria,HIV/AIDS,% pregnant & breastfeeding women with HIV on ART,Process,Baseline,66.0,%,Percentage,Higher is better,HIV/AIDS,%; +2%/yr,,,https://www.citizen.org/wp-content/uploads/2026-0009QN-Nigeria-Health-12.19.2025.pdf
Nigeria,HIV/AIDS,% pregnant & breastfeeding women with HIV on ART,Process,2026,68.0,%,Percentage,Higher is better,HIV/AIDS,%; +2%/yr,,,https://www.citizen.org/wp-content/uploads/2026-0009QN-Nigeria-Health-12.19.2025.pdf
Nigeria,HIV/AIDS,% pregnant & breastfeeding women with HIV on ART,Process,2027,70.0,%,Percentage,Higher is better,HIV/AIDS,%; +2%/yr,,,https://www.citizen.org/wp-content/uploads/2026-0009QN-Nigeria-Health-12.19.2025.pdf
Nigeria,HIV/AIDS,% pregnant & breastfeeding women with HIV on ART,Process,2028,72.0,%,Percentage,Higher is better,HIV/AIDS,%; +2%/yr,,,https://www.citizen.org/wp-content/uploads/2026-0009QN-Nigeria-Health-12.19.2025.pdf
Nigeria,HIV/AIDS,% pregnant & breastfeeding women with HIV on ART,Process,2029,74.0,%,Percentage,Higher is better,HIV/AIDS,%; +2%/yr,,,https://www.citizen.org/wp-content/uploads/2026-0009QN-Nigeria-Health-12.19.2025.pdf
Nigeria,HIV/AIDS,% pregnant & breastfeeding women with HIV on ART,Process,2030,76.0,%,Percentage,Higher is better,HIV/AIDS,%; +2%/yr,,,https://www.citizen.org/wp-content/uploads/2026-0009QN-Nigeria-Health-12.19.2025.pdf
Nigeria,HIV/AIDS,# people with HIV enrolled into health insurance,Process,Baseline,22399.0,count,Absolute number,Higher is better,HIV/Financing,count; NHIA; printed 0.70% growth inconsistent with 2026 jump,,,https://www.citizen.org/wp-content/uploads/2026-0009QN-Nigeria-Health-12.19.2025.pdf
Nigeria,HIV/AIDS,# people with HIV enrolled into health insurance,Process,2026,1200000.0,count,Absolute number,Higher is better,HIV/Financing,count; NHIA; printed 0.70% growth inconsistent with 2026 jump,,,https://www.citizen.org/wp-content/uploads/2026-0009QN-Nigeria-Health-12.19.2025.pdf
Nigeria,HIV/AIDS,# people with HIV enrolled into health insurance,Process,2027,1252792.0,count,Absolute number,Higher is better,HIV/Financing,count; NHIA; printed 0.70% growth inconsistent with 2026 jump,,,https://www.citizen.org/wp-content/uploads/2026-0009QN-Nigeria-Health-12.19.2025.pdf
Nigeria,HIV/AIDS,# people with HIV enrolled into health insurance,Process,2028,1302473.0,count,Absolute number,Higher is better,HIV/Financing,count; NHIA; printed 0.70% growth inconsistent with 2026 jump,,,https://www.citizen.org/wp-content/uploads/2026-0009QN-Nigeria-Health-12.19.2025.pdf
Nigeria,HIV/AIDS,# people with HIV enrolled into health insurance,Process,2029,1349228.0,count,Absolute number,Higher is better,HIV/Financing,count; NHIA; printed 0.70% growth inconsistent with 2026 jump,,,https://www.citizen.org/wp-content/uploads/2026-0009QN-Nigeria-Health-12.19.2025.pdf
Nigeria,HIV/AIDS,# people with HIV enrolled into health insurance,Process,2030,1393229.0,count,Absolute number,Higher is better,HIV/Financing,count; NHIA; printed 0.70% growth inconsistent with 2026 jump,,,https://www.citizen.org/wp-content/uploads/2026-0009QN-Nigeria-Health-12.19.2025.pdf
Nigeria,TB,# people with TB enrolled into health insurance,Process,Baseline,3416.0,count,Rate,Higher is better,TB/Financing,"count; NHIA; growth cell contains '250,000' (absolute, not a rate)",,,https://www.citizen.org/wp-content/uploads/2026-0009QN-Nigeria-Health-12.19.2025.pdf
Nigeria,TB,# people with TB enrolled into health insurance,Process,2026,400000.0,count,Rate,Higher is better,TB/Financing,"count; NHIA; growth cell contains '250,000' (absolute, not a rate)",,,https://www.citizen.org/wp-content/uploads/2026-0009QN-Nigeria-Health-12.19.2025.pdf
Nigeria,TB,# people with TB enrolled into health insurance,Process,2027,650000.0,count,Rate,Higher is better,TB/Financing,"count; NHIA; growth cell contains '250,000' (absolute, not a rate)",,,https://www.citizen.org/wp-content/uploads/2026-0009QN-Nigeria-Health-12.19.2025.pdf
Nigeria,TB,# people with TB enrolled into health insurance,Process,2028,900000.0,count,Rate,Higher is better,TB/Financing,"count; NHIA; growth cell contains '250,000' (absolute, not a rate)",,,https://www.citizen.org/wp-content/uploads/2026-0009QN-Nigeria-Health-12.19.2025.pdf
Nigeria,TB,# people with TB enrolled into health insurance,Process,2029,1150000.0,count,Rate,Higher is better,TB/Financing,"count; NHIA; growth cell contains '250,000' (absolute, not a rate)",,,https://www.citizen.org/wp-content/uploads/2026-0009QN-Nigeria-Health-12.19.2025.pdf
Nigeria,TB,# people with TB enrolled into health insurance,Process,2030,1150000.0,count,Rate,Higher is better,TB/Financing,"count; NHIA; growth cell contains '250,000' (absolute, not a rate)",,,https://www.citizen.org/wp-content/uploads/2026-0009QN-Nigeria-Health-12.19.2025.pdf
Nigeria,Malaria,Malaria Prevalence,Process,Baseline,22.0,%,Percentage,Lower is better,Malaria,%; 2021 NMIS,,,https://www.citizen.org/wp-content/uploads/2026-0009QN-Nigeria-Health-12.19.2025.pdf
Nigeria,Malaria,Malaria Prevalence,Process,2026,19.0,%,Percentage,Lower is better,Malaria,%; 2021 NMIS,,,https://www.citizen.org/wp-content/uploads/2026-0009QN-Nigeria-Health-12.19.2025.pdf
Nigeria,Malaria,Malaria Prevalence,Process,2027,16.0,%,Percentage,Lower is better,Malaria,%; 2021 NMIS,,,https://www.citizen.org/wp-content/uploads/2026-0009QN-Nigeria-Health-12.19.2025.pdf
Nigeria,Malaria,Malaria Prevalence,Process,2028,14.0,%,Percentage,Lower is better,Malaria,%; 2021 NMIS,,,https://www.citizen.org/wp-content/uploads/2026-0009QN-Nigeria-Health-12.19.2025.pdf
Nigeria,Malaria,Malaria Prevalence,Process,2029,12.0,%,Percentage,Lower is better,Malaria,%; 2021 NMIS,,,https://www.citizen.org/wp-content/uploads/2026-0009QN-Nigeria-Health-12.19.2025.pdf
Nigeria,Malaria,Malaria Prevalence,Process,2030,10.0,%,Percentage,Lower is better,Malaria,%; 2021 NMIS,,,https://www.citizen.org/wp-content/uploads/2026-0009QN-Nigeria-Health-12.19.2025.pdf
Nigeria,Malaria,% confirmed malaria cases receiving first-line treatment,Process,Baseline,74.0,%,Percentage,Higher is better,Malaria,%; World Malaria Report,,,https://www.citizen.org/wp-content/uploads/2026-0009QN-Nigeria-Health-12.19.2025.pdf
Nigeria,Malaria,% confirmed malaria cases receiving first-line treatment,Process,2026,76.0,%,Percentage,Higher is better,Malaria,%; World Malaria Report,,,https://www.citizen.org/wp-content/uploads/2026-0009QN-Nigeria-Health-12.19.2025.pdf
Nigeria,Malaria,% confirmed malaria cases receiving first-line treatment,Process,2027,78.0,%,Percentage,Higher is better,Malaria,%; World Malaria Report,,,https://www.citizen.org/wp-content/uploads/2026-0009QN-Nigeria-Health-12.19.2025.pdf
Nigeria,Malaria,% confirmed malaria cases receiving first-line treatment,Process,2028,80.0,%,Percentage,Higher is better,Malaria,%; World Malaria Report,,,https://www.citizen.org/wp-content/uploads/2026-0009QN-Nigeria-Health-12.19.2025.pdf
Nigeria,Malaria,% confirmed malaria cases receiving first-line treatment,Process,2029,82.0,%,Percentage,Higher is better,Malaria,%; World Malaria Report,,,https://www.citizen.org/wp-content/uploads/2026-0009QN-Nigeria-Health-12.19.2025.pdf
Nigeria,Malaria,% confirmed malaria cases receiving first-line treatment,Process,2030,84.0,%,Percentage,Higher is better,Malaria,%; World Malaria Report,,,https://www.citizen.org/wp-content/uploads/2026-0009QN-Nigeria-Health-12.19.2025.pdf
Nigeria,Malaria,# ITNs distributed,Process,Baseline,10330544.0,count,Absolute number,Higher is better,Malaria,count; NMEP 2024; +0.5%/yr; cells wrap 2 lines in PDF (fixed on re-read),,,https://www.citizen.org/wp-content/uploads/2026-0009QN-Nigeria-Health-12.19.2025.pdf
Nigeria,Malaria,# ITNs distributed,Process,2026,10382197.0,count,Absolute number,Higher is better,Malaria,count; NMEP 2024; +0.5%/yr; cells wrap 2 lines in PDF (fixed on re-read),,,https://www.citizen.org/wp-content/uploads/2026-0009QN-Nigeria-Health-12.19.2025.pdf
Nigeria,Malaria,# ITNs distributed,Process,2027,10434108.0,count,Absolute number,Higher is better,Malaria,count; NMEP 2024; +0.5%/yr; cells wrap 2 lines in PDF (fixed on re-read),,,https://www.citizen.org/wp-content/uploads/2026-0009QN-Nigeria-Health-12.19.2025.pdf
Nigeria,Malaria,# ITNs distributed,Process,2028,10486278.0,count,Absolute number,Higher is better,Malaria,count; NMEP 2024; +0.5%/yr; cells wrap 2 lines in PDF (fixed on re-read),,,https://www.citizen.org/wp-content/uploads/2026-0009QN-Nigeria-Health-12.19.2025.pdf
Nigeria,Malaria,# ITNs distributed,Process,2029,10538710.0,count,Absolute number,Higher is better,Malaria,count; NMEP 2024; +0.5%/yr; cells wrap 2 lines in PDF (fixed on re-read),,,https://www.citizen.org/wp-content/uploads/2026-0009QN-Nigeria-Health-12.19.2025.pdf
Nigeria,Malaria,# ITNs distributed,Process,2030,10591403.0,count,Absolute number,Higher is better,Malaria,count; NMEP 2024; +0.5%/yr; cells wrap 2 lines in PDF (fixed on re-read),,,https://www.citizen.org/wp-content/uploads/2026-0009QN-Nigeria-Health-12.19.2025.pdf
Nigeria,TB,# patients with TB notified,Process,Baseline,402100.0,count,Absolute number,Higher is better,TB,count; flat 0% growth,,,https://www.citizen.org/wp-content/uploads/2026-0009QN-Nigeria-Health-12.19.2025.pdf
Nigeria,TB,# patients with TB notified,Process,2026,402100.0,count,Absolute number,Higher is better,TB,count; flat 0% growth,,,https://www.citizen.org/wp-content/uploads/2026-0009QN-Nigeria-Health-12.19.2025.pdf
Nigeria,TB,# patients with TB notified,Process,2027,402100.0,count,Absolute number,Higher is better,TB,count; flat 0% growth,,,https://www.citizen.org/wp-content/uploads/2026-0009QN-Nigeria-Health-12.19.2025.pdf
Nigeria,TB,# patients with TB notified,Process,2028,402100.0,count,Absolute number,Higher is better,TB,count; flat 0% growth,,,https://www.citizen.org/wp-content/uploads/2026-0009QN-Nigeria-Health-12.19.2025.pdf
Nigeria,TB,# patients with TB notified,Process,2029,402100.0,count,Absolute number,Higher is better,TB,count; flat 0% growth,,,https://www.citizen.org/wp-content/uploads/2026-0009QN-Nigeria-Health-12.19.2025.pdf
Nigeria,TB,# patients with TB notified,Process,2030,402100.0,count,Absolute number,Higher is better,TB,count; flat 0% growth,,,https://www.citizen.org/wp-content/uploads/2026-0009QN-Nigeria-Health-12.19.2025.pdf
Nigeria,TB,% TB notified who completed treatment,Process,Baseline,94.0,%,Percentage,Higher is better,TB,%; flat,,,https://www.citizen.org/wp-content/uploads/2026-0009QN-Nigeria-Health-12.19.2025.pdf
Nigeria,TB,% TB notified who completed treatment,Process,2026,94.0,%,Percentage,Higher is better,TB,%; flat,,,https://www.citizen.org/wp-content/uploads/2026-0009QN-Nigeria-Health-12.19.2025.pdf
Nigeria,TB,% TB notified who completed treatment,Process,2027,94.0,%,Percentage,Higher is better,TB,%; flat,,,https://www.citizen.org/wp-content/uploads/2026-0009QN-Nigeria-Health-12.19.2025.pdf
Nigeria,TB,% TB notified who completed treatment,Process,2028,94.0,%,Percentage,Higher is better,TB,%; flat,,,https://www.citizen.org/wp-content/uploads/2026-0009QN-Nigeria-Health-12.19.2025.pdf
Nigeria,TB,% TB notified who completed treatment,Process,2029,94.0,%,Percentage,Higher is better,TB,%; flat,,,https://www.citizen.org/wp-content/uploads/2026-0009QN-Nigeria-Health-12.19.2025.pdf
Nigeria,TB,% TB notified who completed treatment,Process,2030,94.0,%,Percentage,Higher is better,TB,%; flat,,,https://www.citizen.org/wp-content/uploads/2026-0009QN-Nigeria-Health-12.19.2025.pdf
Nigeria,Immunisation (measles),% children 12-23mo with Penta 3,Process,Baseline,53.0,%,Percentage,Higher is better,Immunization,%; NDHS 2024,,,https://www.citizen.org/wp-content/uploads/2026-0009QN-Nigeria-Health-12.19.2025.pdf
Nigeria,Immunisation (measles),% children 12-23mo with Penta 3,Process,2026,55.0,%,Percentage,Higher is better,Immunization,%; NDHS 2024,,,https://www.citizen.org/wp-content/uploads/2026-0009QN-Nigeria-Health-12.19.2025.pdf
Nigeria,Immunisation (measles),% children 12-23mo with Penta 3,Process,2027,57.0,%,Percentage,Higher is better,Immunization,%; NDHS 2024,,,https://www.citizen.org/wp-content/uploads/2026-0009QN-Nigeria-Health-12.19.2025.pdf
Nigeria,Immunisation (measles),% children 12-23mo with Penta 3,Process,2028,59.0,%,Percentage,Higher is better,Immunization,%; NDHS 2024,,,https://www.citizen.org/wp-content/uploads/2026-0009QN-Nigeria-Health-12.19.2025.pdf
Nigeria,Immunisation (measles),% children 12-23mo with Penta 3,Process,2029,61.0,%,Percentage,Higher is better,Immunization,%; NDHS 2024,,,https://www.citizen.org/wp-content/uploads/2026-0009QN-Nigeria-Health-12.19.2025.pdf
Nigeria,Immunisation (measles),% children 12-23mo with Penta 3,Process,2030,63.0,%,Percentage,Higher is better,Immunization,%; NDHS 2024,,,https://www.citizen.org/wp-content/uploads/2026-0009QN-Nigeria-Health-12.19.2025.pdf
Nigeria,Polio,% surviving infants with >=1 dose IPV,Process,Baseline,55.0,%,Percentage,Higher is better,Polio,%; NDHS 2024,,,https://www.citizen.org/wp-content/uploads/2026-0009QN-Nigeria-Health-12.19.2025.pdf
Nigeria,Polio,% surviving infants with >=1 dose IPV,Process,2026,57.0,%,Percentage,Higher is better,Polio,%; NDHS 2024,,,https://www.citizen.org/wp-content/uploads/2026-0009QN-Nigeria-Health-12.19.2025.pdf
Nigeria,Polio,% surviving infants with >=1 dose IPV,Process,2027,59.0,%,Percentage,Higher is better,Polio,%; NDHS 2024,,,https://www.citizen.org/wp-content/uploads/2026-0009QN-Nigeria-Health-12.19.2025.pdf
Nigeria,Polio,% surviving infants with >=1 dose IPV,Process,2028,61.0,%,Percentage,Higher is better,Polio,%; NDHS 2024,,,https://www.citizen.org/wp-content/uploads/2026-0009QN-Nigeria-Health-12.19.2025.pdf
Nigeria,Polio,% surviving infants with >=1 dose IPV,Process,2029,63.0,%,Percentage,Higher is better,Polio,%; NDHS 2024,,,https://www.citizen.org/wp-content/uploads/2026-0009QN-Nigeria-Health-12.19.2025.pdf
Nigeria,Polio,% surviving infants with >=1 dose IPV,Process,2030,65.0,%,Percentage,Higher is better,Polio,%; NDHS 2024,,,https://www.citizen.org/wp-content/uploads/2026-0009QN-Nigeria-Health-12.19.2025.pdf
Nigeria,Immunisation (measles),% children 12-23mo with measles vaccine,Process,Baseline,51.0,%,Percentage,Higher is better,Measles,%; NDHS 2024,,,https://www.citizen.org/wp-content/uploads/2026-0009QN-Nigeria-Health-12.19.2025.pdf
Nigeria,Immunisation (measles),% children 12-23mo with measles vaccine,Process,2026,53.0,%,Percentage,Higher is better,Measles,%; NDHS 2024,,,https://www.citizen.org/wp-content/uploads/2026-0009QN-Nigeria-Health-12.19.2025.pdf
Nigeria,Immunisation (measles),% children 12-23mo with measles vaccine,Process,2027,55.0,%,Percentage,Higher is better,Measles,%; NDHS 2024,,,https://www.citizen.org/wp-content/uploads/2026-0009QN-Nigeria-Health-12.19.2025.pdf
Nigeria,Immunisation (measles),% children 12-23mo with measles vaccine,Process,2028,57.0,%,Percentage,Higher is better,Measles,%; NDHS 2024,,,https://www.citizen.org/wp-content/uploads/2026-0009QN-Nigeria-Health-12.19.2025.pdf
Nigeria,Immunisation (measles),% children 12-23mo with measles vaccine,Process,2029,59.0,%,Percentage,Higher is better,Measles,%; NDHS 2024,,,https://www.citizen.org/wp-content/uploads/2026-0009QN-Nigeria-Health-12.19.2025.pdf
Nigeria,Immunisation (measles),% children 12-23mo with measles vaccine,Process,2030,61.0,%,Percentage,Higher is better,Measles,%; NDHS 2024,,,https://www.citizen.org/wp-content/uploads/2026-0009QN-Nigeria-Health-12.19.2025.pdf
Nigeria,MCH,% pregnant women with min. 4 ANC visits,Process,Baseline,52.0,%,Percentage,Higher is better,MCH,%; NDHS 2024; +2.5%/yr,,,https://www.citizen.org/wp-content/uploads/2026-0009QN-Nigeria-Health-12.19.2025.pdf
Nigeria,MCH,% pregnant women with min. 4 ANC visits,Process,2026,55.0,%,Percentage,Higher is better,MCH,%; NDHS 2024; +2.5%/yr,,,https://www.citizen.org/wp-content/uploads/2026-0009QN-Nigeria-Health-12.19.2025.pdf
Nigeria,MCH,% pregnant women with min. 4 ANC visits,Process,2027,57.0,%,Percentage,Higher is better,MCH,%; NDHS 2024; +2.5%/yr,,,https://www.citizen.org/wp-content/uploads/2026-0009QN-Nigeria-Health-12.19.2025.pdf
Nigeria,MCH,% pregnant women with min. 4 ANC visits,Process,2028,60.0,%,Percentage,Higher is better,MCH,%; NDHS 2024; +2.5%/yr,,,https://www.citizen.org/wp-content/uploads/2026-0009QN-Nigeria-Health-12.19.2025.pdf
Nigeria,MCH,% pregnant women with min. 4 ANC visits,Process,2029,62.0,%,Percentage,Higher is better,MCH,%; NDHS 2024; +2.5%/yr,,,https://www.citizen.org/wp-content/uploads/2026-0009QN-Nigeria-Health-12.19.2025.pdf
Nigeria,MCH,% pregnant women with min. 4 ANC visits,Process,2030,65.0,%,Percentage,Higher is better,MCH,%; NDHS 2024; +2.5%/yr,,,https://www.citizen.org/wp-content/uploads/2026-0009QN-Nigeria-Health-12.19.2025.pdf
Nigeria,Data systems & quality,% accuracy of data fields (annual audit; HIV data only),Process,Baseline,71.0,%,Percentage,Higher is better,Data systems,%; National HIV DQA,*Limited only to the HIV data,"§1.2 Process Metrics table, p.6 — asterisk on the '% accuracy of data fields assessed during the annual audit*' row label",https://www.citizen.org/wp-content/uploads/2026-0009QN-Nigeria-Health-12.19.2025.pdf
Nigeria,Data systems & quality,% accuracy of data fields (annual audit; HIV data only),Process,2026,75.0,%,Percentage,Higher is better,Data systems,%; National HIV DQA,*Limited only to the HIV data,"§1.2 Process Metrics table, p.6 — asterisk on the '% accuracy of data fields assessed during the annual audit*' row label",https://www.citizen.org/wp-content/uploads/2026-0009QN-Nigeria-Health-12.19.2025.pdf
Nigeria,Data systems & quality,% accuracy of data fields (annual audit; HIV data only),Process,2027,79.0,%,Percentage,Higher is better,Data systems,%; National HIV DQA,*Limited only to the HIV data,"§1.2 Process Metrics table, p.6 — asterisk on the '% accuracy of data fields assessed during the annual audit*' row label",https://www.citizen.org/wp-content/uploads/2026-0009QN-Nigeria-Health-12.19.2025.pdf
Nigeria,Data systems & quality,% accuracy of data fields (annual audit; HIV data only),Process,2028,83.0,%,Percentage,Higher is better,Data systems,%; National HIV DQA,*Limited only to the HIV data,"§1.2 Process Metrics table, p.6 — asterisk on the '% accuracy of data fields assessed during the annual audit*' row label",https://www.citizen.org/wp-content/uploads/2026-0009QN-Nigeria-Health-12.19.2025.pdf
Nigeria,Data systems & quality,% accuracy of data fields (annual audit; HIV data only),Process,2029,87.0,%,Percentage,Higher is better,Data systems,%; National HIV DQA,*Limited only to the HIV data,"§1.2 Process Metrics table, p.6 — asterisk on the '% accuracy of data fields assessed during the annual audit*' row label",https://www.citizen.org/wp-content/uploads/2026-0009QN-Nigeria-Health-12.19.2025.pdf
Nigeria,Data systems & quality,% accuracy of data fields (annual audit; HIV data only),Process,2030,91.0,%,Percentage,Higher is better,Data systems,%; National HIV DQA,*Limited only to the HIV data,"§1.2 Process Metrics table, p.6 — asterisk on the '% accuracy of data fields assessed during the annual audit*' row label",https://www.citizen.org/wp-content/uploads/2026-0009QN-Nigeria-Health-12.19.2025.pdf
Nigeria,GHS / outbreak response,% PHEs detected within 7 days of onset,Outbreak response (7-1-7),Baseline,75.0,%,Percentage,Higher is better,GHS,%; 2025 baseline; 5-yr target >=95% nationwide (no per-year targets printed),,,https://www.citizen.org/wp-content/uploads/2026-0009QN-Nigeria-Health-12.19.2025.pdf
Nigeria,GHS / outbreak response,% detected events notified/escalated within 1 day,Outbreak response (7-1-7),Baseline,100.0,%,Percentage,Higher is better,GHS,%; 5-yr target sustain >=90-100%,,,https://www.citizen.org/wp-content/uploads/2026-0009QN-Nigeria-Health-12.19.2025.pdf
Nigeria,GHS / outbreak response,% events completing early response within 7 days,Outbreak response (7-1-7),Baseline,50.0,%,Percentage,Higher is better,GHS,%; 5-yr target >=90%,,,https://www.citizen.org/wp-content/uploads/2026-0009QN-Nigeria-Health-12.19.2025.pdf
Nigeria,GHS / outbreak response,% events achieving full 7-1-7,Outbreak response (7-1-7),Baseline,33.0,%,Percentage,Higher is better,GHS,%; 5-yr target >=85%; NCDC quarterly reports to USG,,,https://www.citizen.org/wp-content/uploads/2026-0009QN-Nigeria-Health-12.19.2025.pdf
Ethiopia,HIV/AIDS,% People With HIV Who Know Their Status,Outcome,Baseline,79.0,%,Percentage,Higher is better,HIV/AIDS,%; Spectrum,*Remark: the above indicators and targets may be subjected to revision following the HSDIP II target-setting exercise scheduled for the end of March 2026 and approval by the JHCSC.,p.3 — single marker on the '1.1 Outcome Metrics*' and '1.2 Process Metrics*' headings; note printed beneath the §1.2 table,https://www.citizen.org/wp-content/uploads/2026-0004QN-Ethiopia-Health-12.23.2025.pdf
Ethiopia,HIV/AIDS,% People With HIV Who Know Their Status,Outcome,2026,83.0,%,Percentage,Higher is better,HIV/AIDS,%; Spectrum,*Remark: the above indicators and targets may be subjected to revision following the HSDIP II target-setting exercise scheduled for the end of March 2026 and approval by the JHCSC.,p.3 — single marker on the '1.1 Outcome Metrics*' and '1.2 Process Metrics*' headings; note printed beneath the §1.2 table,https://www.citizen.org/wp-content/uploads/2026-0004QN-Ethiopia-Health-12.23.2025.pdf
Ethiopia,HIV/AIDS,% People With HIV Who Know Their Status,Outcome,2027,86.0,%,Percentage,Higher is better,HIV/AIDS,%; Spectrum,*Remark: the above indicators and targets may be subjected to revision following the HSDIP II target-setting exercise scheduled for the end of March 2026 and approval by the JHCSC.,p.3 — single marker on the '1.1 Outcome Metrics*' and '1.2 Process Metrics*' headings; note printed beneath the §1.2 table,https://www.citizen.org/wp-content/uploads/2026-0004QN-Ethiopia-Health-12.23.2025.pdf
Ethiopia,HIV/AIDS,% People With HIV Who Know Their Status,Outcome,2028,90.0,%,Percentage,Higher is better,HIV/AIDS,%; Spectrum,*Remark: the above indicators and targets may be subjected to revision following the HSDIP II target-setting exercise scheduled for the end of March 2026 and approval by the JHCSC.,p.3 — single marker on the '1.1 Outcome Metrics*' and '1.2 Process Metrics*' headings; note printed beneath the §1.2 table,https://www.citizen.org/wp-content/uploads/2026-0004QN-Ethiopia-Health-12.23.2025.pdf
Ethiopia,HIV/AIDS,% People With HIV Who Know Their Status,Outcome,2029,92.0,%,Percentage,Higher is better,HIV/AIDS,%; Spectrum,*Remark: the above indicators and targets may be subjected to revision following the HSDIP II target-setting exercise scheduled for the end of March 2026 and approval by the JHCSC.,p.3 — single marker on the '1.1 Outcome Metrics*' and '1.2 Process Metrics*' headings; note printed beneath the §1.2 table,https://www.citizen.org/wp-content/uploads/2026-0004QN-Ethiopia-Health-12.23.2025.pdf
Ethiopia,HIV/AIDS,% People With HIV Who Know Their Status,Outcome,2030,95.0,%,Percentage,Higher is better,HIV/AIDS,%; Spectrum,*Remark: the above indicators and targets may be subjected to revision following the HSDIP II target-setting exercise scheduled for the end of March 2026 and approval by the JHCSC.,p.3 — single marker on the '1.1 Outcome Metrics*' and '1.2 Process Metrics*' headings; note printed beneath the §1.2 table,https://www.citizen.org/wp-content/uploads/2026-0004QN-Ethiopia-Health-12.23.2025.pdf
Ethiopia,HIV/AIDS,% People Who Know Their HIV Status on Treatment,Outcome,Baseline,94.0,%,Percentage,Higher is better,HIV/AIDS,%,*Remark: the above indicators and targets may be subjected to revision following the HSDIP II target-setting exercise scheduled for the end of March 2026 and approval by the JHCSC.,p.3 — single marker on the '1.1 Outcome Metrics*' and '1.2 Process Metrics*' headings; note printed beneath the §1.2 table,https://www.citizen.org/wp-content/uploads/2026-0004QN-Ethiopia-Health-12.23.2025.pdf
Ethiopia,HIV/AIDS,% People Who Know Their HIV Status on Treatment,Outcome,2026,95.0,%,Percentage,Higher is better,HIV/AIDS,%,*Remark: the above indicators and targets may be subjected to revision following the HSDIP II target-setting exercise scheduled for the end of March 2026 and approval by the JHCSC.,p.3 — single marker on the '1.1 Outcome Metrics*' and '1.2 Process Metrics*' headings; note printed beneath the §1.2 table,https://www.citizen.org/wp-content/uploads/2026-0004QN-Ethiopia-Health-12.23.2025.pdf
Ethiopia,HIV/AIDS,% People Who Know Their HIV Status on Treatment,Outcome,2027,95.0,%,Percentage,Higher is better,HIV/AIDS,%,*Remark: the above indicators and targets may be subjected to revision following the HSDIP II target-setting exercise scheduled for the end of March 2026 and approval by the JHCSC.,p.3 — single marker on the '1.1 Outcome Metrics*' and '1.2 Process Metrics*' headings; note printed beneath the §1.2 table,https://www.citizen.org/wp-content/uploads/2026-0004QN-Ethiopia-Health-12.23.2025.pdf
Ethiopia,HIV/AIDS,% People Who Know Their HIV Status on Treatment,Outcome,2028,96.0,%,Percentage,Higher is better,HIV/AIDS,%,*Remark: the above indicators and targets may be subjected to revision following the HSDIP II target-setting exercise scheduled for the end of March 2026 and approval by the JHCSC.,p.3 — single marker on the '1.1 Outcome Metrics*' and '1.2 Process Metrics*' headings; note printed beneath the §1.2 table,https://www.citizen.org/wp-content/uploads/2026-0004QN-Ethiopia-Health-12.23.2025.pdf
Ethiopia,HIV/AIDS,% People Who Know Their HIV Status on Treatment,Outcome,2029,96.0,%,Percentage,Higher is better,HIV/AIDS,%,*Remark: the above indicators and targets may be subjected to revision following the HSDIP II target-setting exercise scheduled for the end of March 2026 and approval by the JHCSC.,p.3 — single marker on the '1.1 Outcome Metrics*' and '1.2 Process Metrics*' headings; note printed beneath the §1.2 table,https://www.citizen.org/wp-content/uploads/2026-0004QN-Ethiopia-Health-12.23.2025.pdf
Ethiopia,HIV/AIDS,% People Who Know Their HIV Status on Treatment,Outcome,2030,97.0,%,Percentage,Higher is better,HIV/AIDS,%,*Remark: the above indicators and targets may be subjected to revision following the HSDIP II target-setting exercise scheduled for the end of March 2026 and approval by the JHCSC.,p.3 — single marker on the '1.1 Outcome Metrics*' and '1.2 Process Metrics*' headings; note printed beneath the §1.2 table,https://www.citizen.org/wp-content/uploads/2026-0004QN-Ethiopia-Health-12.23.2025.pdf
Ethiopia,HIV/AIDS,% People on ART Virally Suppressed,Outcome,Baseline,95.0,%,Percentage,Higher is better,HIV/AIDS,%,*Remark: the above indicators and targets may be subjected to revision following the HSDIP II target-setting exercise scheduled for the end of March 2026 and approval by the JHCSC.,p.3 — single marker on the '1.1 Outcome Metrics*' and '1.2 Process Metrics*' headings; note printed beneath the §1.2 table,https://www.citizen.org/wp-content/uploads/2026-0004QN-Ethiopia-Health-12.23.2025.pdf
Ethiopia,HIV/AIDS,% People on ART Virally Suppressed,Outcome,2026,96.0,%,Percentage,Higher is better,HIV/AIDS,%,*Remark: the above indicators and targets may be subjected to revision following the HSDIP II target-setting exercise scheduled for the end of March 2026 and approval by the JHCSC.,p.3 — single marker on the '1.1 Outcome Metrics*' and '1.2 Process Metrics*' headings; note printed beneath the §1.2 table,https://www.citizen.org/wp-content/uploads/2026-0004QN-Ethiopia-Health-12.23.2025.pdf
Ethiopia,HIV/AIDS,% People on ART Virally Suppressed,Outcome,2027,96.0,%,Percentage,Higher is better,HIV/AIDS,%,*Remark: the above indicators and targets may be subjected to revision following the HSDIP II target-setting exercise scheduled for the end of March 2026 and approval by the JHCSC.,p.3 — single marker on the '1.1 Outcome Metrics*' and '1.2 Process Metrics*' headings; note printed beneath the §1.2 table,https://www.citizen.org/wp-content/uploads/2026-0004QN-Ethiopia-Health-12.23.2025.pdf
Ethiopia,HIV/AIDS,% People on ART Virally Suppressed,Outcome,2028,97.0,%,Percentage,Higher is better,HIV/AIDS,%,*Remark: the above indicators and targets may be subjected to revision following the HSDIP II target-setting exercise scheduled for the end of March 2026 and approval by the JHCSC.,p.3 — single marker on the '1.1 Outcome Metrics*' and '1.2 Process Metrics*' headings; note printed beneath the §1.2 table,https://www.citizen.org/wp-content/uploads/2026-0004QN-Ethiopia-Health-12.23.2025.pdf
Ethiopia,HIV/AIDS,% People on ART Virally Suppressed,Outcome,2029,97.0,%,Percentage,Higher is better,HIV/AIDS,%,*Remark: the above indicators and targets may be subjected to revision following the HSDIP II target-setting exercise scheduled for the end of March 2026 and approval by the JHCSC.,p.3 — single marker on the '1.1 Outcome Metrics*' and '1.2 Process Metrics*' headings; note printed beneath the §1.2 table,https://www.citizen.org/wp-content/uploads/2026-0004QN-Ethiopia-Health-12.23.2025.pdf
Ethiopia,HIV/AIDS,% People on ART Virally Suppressed,Outcome,2030,98.0,%,Percentage,Higher is better,HIV/AIDS,%,*Remark: the above indicators and targets may be subjected to revision following the HSDIP II target-setting exercise scheduled for the end of March 2026 and approval by the JHCSC.,p.3 — single marker on the '1.1 Outcome Metrics*' and '1.2 Process Metrics*' headings; note printed beneath the §1.2 table,https://www.citizen.org/wp-content/uploads/2026-0004QN-Ethiopia-Health-12.23.2025.pdf
Ethiopia,HIV/AIDS,# AIDS related deaths,Outcome,Baseline,9560.0,count,Absolute number,Lower is better,HIV/AIDS,count; Spectrum; -10%/yr,*Remark: the above indicators and targets may be subjected to revision following the HSDIP II target-setting exercise scheduled for the end of March 2026 and approval by the JHCSC.,p.3 — single marker on the '1.1 Outcome Metrics*' and '1.2 Process Metrics*' headings; note printed beneath the §1.2 table,https://www.citizen.org/wp-content/uploads/2026-0004QN-Ethiopia-Health-12.23.2025.pdf
Ethiopia,HIV/AIDS,# AIDS related deaths,Outcome,2026,8604.0,count,Absolute number,Lower is better,HIV/AIDS,count; Spectrum; -10%/yr,*Remark: the above indicators and targets may be subjected to revision following the HSDIP II target-setting exercise scheduled for the end of March 2026 and approval by the JHCSC.,p.3 — single marker on the '1.1 Outcome Metrics*' and '1.2 Process Metrics*' headings; note printed beneath the §1.2 table,https://www.citizen.org/wp-content/uploads/2026-0004QN-Ethiopia-Health-12.23.2025.pdf
Ethiopia,HIV/AIDS,# AIDS related deaths,Outcome,2027,7744.0,count,Absolute number,Lower is better,HIV/AIDS,count; Spectrum; -10%/yr,*Remark: the above indicators and targets may be subjected to revision following the HSDIP II target-setting exercise scheduled for the end of March 2026 and approval by the JHCSC.,p.3 — single marker on the '1.1 Outcome Metrics*' and '1.2 Process Metrics*' headings; note printed beneath the §1.2 table,https://www.citizen.org/wp-content/uploads/2026-0004QN-Ethiopia-Health-12.23.2025.pdf
Ethiopia,HIV/AIDS,# AIDS related deaths,Outcome,2028,6969.0,count,Absolute number,Lower is better,HIV/AIDS,count; Spectrum; -10%/yr,*Remark: the above indicators and targets may be subjected to revision following the HSDIP II target-setting exercise scheduled for the end of March 2026 and approval by the JHCSC.,p.3 — single marker on the '1.1 Outcome Metrics*' and '1.2 Process Metrics*' headings; note printed beneath the §1.2 table,https://www.citizen.org/wp-content/uploads/2026-0004QN-Ethiopia-Health-12.23.2025.pdf
Ethiopia,HIV/AIDS,# AIDS related deaths,Outcome,2029,6272.0,count,Absolute number,Lower is better,HIV/AIDS,count; Spectrum; -10%/yr,*Remark: the above indicators and targets may be subjected to revision following the HSDIP II target-setting exercise scheduled for the end of March 2026 and approval by the JHCSC.,p.3 — single marker on the '1.1 Outcome Metrics*' and '1.2 Process Metrics*' headings; note printed beneath the §1.2 table,https://www.citizen.org/wp-content/uploads/2026-0004QN-Ethiopia-Health-12.23.2025.pdf
Ethiopia,HIV/AIDS,# AIDS related deaths,Outcome,2030,5645.0,count,Absolute number,Lower is better,HIV/AIDS,count; Spectrum; -10%/yr,*Remark: the above indicators and targets may be subjected to revision following the HSDIP II target-setting exercise scheduled for the end of March 2026 and approval by the JHCSC.,p.3 — single marker on the '1.1 Outcome Metrics*' and '1.2 Process Metrics*' headings; note printed beneath the §1.2 table,https://www.citizen.org/wp-content/uploads/2026-0004QN-Ethiopia-Health-12.23.2025.pdf
Ethiopia,Malaria,# Malaria Deaths,Outcome,Baseline,754.0,count,Absolute number,Lower is better,Malaria,count; June 2025 baseline,*Remark: the above indicators and targets may be subjected to revision following the HSDIP II target-setting exercise scheduled for the end of March 2026 and approval by the JHCSC.,p.3 — single marker on the '1.1 Outcome Metrics*' and '1.2 Process Metrics*' headings; note printed beneath the §1.2 table,https://www.citizen.org/wp-content/uploads/2026-0004QN-Ethiopia-Health-12.23.2025.pdf
Ethiopia,Malaria,# Malaria Deaths,Outcome,2026,679.0,count,Absolute number,Lower is better,Malaria,count; June 2025 baseline,*Remark: the above indicators and targets may be subjected to revision following the HSDIP II target-setting exercise scheduled for the end of March 2026 and approval by the JHCSC.,p.3 — single marker on the '1.1 Outcome Metrics*' and '1.2 Process Metrics*' headings; note printed beneath the §1.2 table,https://www.citizen.org/wp-content/uploads/2026-0004QN-Ethiopia-Health-12.23.2025.pdf
Ethiopia,Malaria,# Malaria Deaths,Outcome,2027,611.0,count,Absolute number,Lower is better,Malaria,count; June 2025 baseline,*Remark: the above indicators and targets may be subjected to revision following the HSDIP II target-setting exercise scheduled for the end of March 2026 and approval by the JHCSC.,p.3 — single marker on the '1.1 Outcome Metrics*' and '1.2 Process Metrics*' headings; note printed beneath the §1.2 table,https://www.citizen.org/wp-content/uploads/2026-0004QN-Ethiopia-Health-12.23.2025.pdf
Ethiopia,Malaria,# Malaria Deaths,Outcome,2028,550.0,count,Absolute number,Lower is better,Malaria,count; June 2025 baseline,*Remark: the above indicators and targets may be subjected to revision following the HSDIP II target-setting exercise scheduled for the end of March 2026 and approval by the JHCSC.,p.3 — single marker on the '1.1 Outcome Metrics*' and '1.2 Process Metrics*' headings; note printed beneath the §1.2 table,https://www.citizen.org/wp-content/uploads/2026-0004QN-Ethiopia-Health-12.23.2025.pdf
Ethiopia,Malaria,# Malaria Deaths,Outcome,2029,495.0,count,Absolute number,Lower is better,Malaria,count; June 2025 baseline,*Remark: the above indicators and targets may be subjected to revision following the HSDIP II target-setting exercise scheduled for the end of March 2026 and approval by the JHCSC.,p.3 — single marker on the '1.1 Outcome Metrics*' and '1.2 Process Metrics*' headings; note printed beneath the §1.2 table,https://www.citizen.org/wp-content/uploads/2026-0004QN-Ethiopia-Health-12.23.2025.pdf
Ethiopia,Malaria,# Malaria Deaths,Outcome,2030,445.0,count,Absolute number,Lower is better,Malaria,count; June 2025 baseline,*Remark: the above indicators and targets may be subjected to revision following the HSDIP II target-setting exercise scheduled for the end of March 2026 and approval by the JHCSC.,p.3 — single marker on the '1.1 Outcome Metrics*' and '1.2 Process Metrics*' headings; note printed beneath the §1.2 table,https://www.citizen.org/wp-content/uploads/2026-0004QN-Ethiopia-Health-12.23.2025.pdf
Ethiopia,Malaria,# Malaria cases,Outcome,Baseline,10800000.0,count,Absolute number,Lower is better,Malaria,count; printed in millions,*Remark: the above indicators and targets may be subjected to revision following the HSDIP II target-setting exercise scheduled for the end of March 2026 and approval by the JHCSC.,p.3 — single marker on the '1.1 Outcome Metrics*' and '1.2 Process Metrics*' headings; note printed beneath the §1.2 table,https://www.citizen.org/wp-content/uploads/2026-0004QN-Ethiopia-Health-12.23.2025.pdf
Ethiopia,Malaria,# Malaria cases,Outcome,2026,10200000.0,count,Absolute number,Lower is better,Malaria,count; printed in millions,*Remark: the above indicators and targets may be subjected to revision following the HSDIP II target-setting exercise scheduled for the end of March 2026 and approval by the JHCSC.,p.3 — single marker on the '1.1 Outcome Metrics*' and '1.2 Process Metrics*' headings; note printed beneath the §1.2 table,https://www.citizen.org/wp-content/uploads/2026-0004QN-Ethiopia-Health-12.23.2025.pdf
Ethiopia,Malaria,# Malaria cases,Outcome,2027,9700000.0,count,Absolute number,Lower is better,Malaria,count; printed in millions,*Remark: the above indicators and targets may be subjected to revision following the HSDIP II target-setting exercise scheduled for the end of March 2026 and approval by the JHCSC.,p.3 — single marker on the '1.1 Outcome Metrics*' and '1.2 Process Metrics*' headings; note printed beneath the §1.2 table,https://www.citizen.org/wp-content/uploads/2026-0004QN-Ethiopia-Health-12.23.2025.pdf
Ethiopia,Malaria,# Malaria cases,Outcome,2028,8800000.0,count,Absolute number,Lower is better,Malaria,count; printed in millions,*Remark: the above indicators and targets may be subjected to revision following the HSDIP II target-setting exercise scheduled for the end of March 2026 and approval by the JHCSC.,p.3 — single marker on the '1.1 Outcome Metrics*' and '1.2 Process Metrics*' headings; note printed beneath the §1.2 table,https://www.citizen.org/wp-content/uploads/2026-0004QN-Ethiopia-Health-12.23.2025.pdf
Ethiopia,Malaria,# Malaria cases,Outcome,2029,7900000.0,count,Absolute number,Lower is better,Malaria,count; printed in millions,*Remark: the above indicators and targets may be subjected to revision following the HSDIP II target-setting exercise scheduled for the end of March 2026 and approval by the JHCSC.,p.3 — single marker on the '1.1 Outcome Metrics*' and '1.2 Process Metrics*' headings; note printed beneath the §1.2 table,https://www.citizen.org/wp-content/uploads/2026-0004QN-Ethiopia-Health-12.23.2025.pdf
Ethiopia,Malaria,# Malaria cases,Outcome,2030,6300000.0,count,Absolute number,Lower is better,Malaria,count; printed in millions,*Remark: the above indicators and targets may be subjected to revision following the HSDIP II target-setting exercise scheduled for the end of March 2026 and approval by the JHCSC.,p.3 — single marker on the '1.1 Outcome Metrics*' and '1.2 Process Metrics*' headings; note printed beneath the §1.2 table,https://www.citizen.org/wp-content/uploads/2026-0004QN-Ethiopia-Health-12.23.2025.pdf
Ethiopia,TB,Reduction in TB incidence rate,Outcome,Baseline,146.0,"per 100,000",Rate,Lower is better,TB,"per 100,000 (implied)",*Remark: the above indicators and targets may be subjected to revision following the HSDIP II target-setting exercise scheduled for the end of March 2026 and approval by the JHCSC.,p.3 — single marker on the '1.1 Outcome Metrics*' and '1.2 Process Metrics*' headings; note printed beneath the §1.2 table,https://www.citizen.org/wp-content/uploads/2026-0004QN-Ethiopia-Health-12.23.2025.pdf
Ethiopia,TB,Reduction in TB incidence rate,Outcome,2026,139.0,"per 100,000",Rate,Lower is better,TB,"per 100,000 (implied)",*Remark: the above indicators and targets may be subjected to revision following the HSDIP II target-setting exercise scheduled for the end of March 2026 and approval by the JHCSC.,p.3 — single marker on the '1.1 Outcome Metrics*' and '1.2 Process Metrics*' headings; note printed beneath the §1.2 table,https://www.citizen.org/wp-content/uploads/2026-0004QN-Ethiopia-Health-12.23.2025.pdf
Ethiopia,TB,Reduction in TB incidence rate,Outcome,2027,132.0,"per 100,000",Rate,Lower is better,TB,"per 100,000 (implied)",*Remark: the above indicators and targets may be subjected to revision following the HSDIP II target-setting exercise scheduled for the end of March 2026 and approval by the JHCSC.,p.3 — single marker on the '1.1 Outcome Metrics*' and '1.2 Process Metrics*' headings; note printed beneath the §1.2 table,https://www.citizen.org/wp-content/uploads/2026-0004QN-Ethiopia-Health-12.23.2025.pdf
Ethiopia,TB,Reduction in TB incidence rate,Outcome,2028,125.0,"per 100,000",Rate,Lower is better,TB,"per 100,000 (implied)",*Remark: the above indicators and targets may be subjected to revision following the HSDIP II target-setting exercise scheduled for the end of March 2026 and approval by the JHCSC.,p.3 — single marker on the '1.1 Outcome Metrics*' and '1.2 Process Metrics*' headings; note printed beneath the §1.2 table,https://www.citizen.org/wp-content/uploads/2026-0004QN-Ethiopia-Health-12.23.2025.pdf
Ethiopia,TB,Reduction in TB incidence rate,Outcome,2029,119.0,"per 100,000",Rate,Lower is better,TB,"per 100,000 (implied)",*Remark: the above indicators and targets may be subjected to revision following the HSDIP II target-setting exercise scheduled for the end of March 2026 and approval by the JHCSC.,p.3 — single marker on the '1.1 Outcome Metrics*' and '1.2 Process Metrics*' headings; note printed beneath the §1.2 table,https://www.citizen.org/wp-content/uploads/2026-0004QN-Ethiopia-Health-12.23.2025.pdf
Ethiopia,TB,Reduction in TB incidence rate,Outcome,2030,113.0,"per 100,000",Rate,Lower is better,TB,"per 100,000 (implied)",*Remark: the above indicators and targets may be subjected to revision following the HSDIP II target-setting exercise scheduled for the end of March 2026 and approval by the JHCSC.,p.3 — single marker on the '1.1 Outcome Metrics*' and '1.2 Process Metrics*' headings; note printed beneath the §1.2 table,https://www.citizen.org/wp-content/uploads/2026-0004QN-Ethiopia-Health-12.23.2025.pdf
Ethiopia,TB,Reduction in number of TB deaths,Outcome,Baseline,25.0,"per 100,000",Rate,Lower is better,TB,"per 100,000 (unit not printed; likely rate, not absolute)",*Remark: the above indicators and targets may be subjected to revision following the HSDIP II target-setting exercise scheduled for the end of March 2026 and approval by the JHCSC.,p.3 — single marker on the '1.1 Outcome Metrics*' and '1.2 Process Metrics*' headings; note printed beneath the §1.2 table,https://www.citizen.org/wp-content/uploads/2026-0004QN-Ethiopia-Health-12.23.2025.pdf
Ethiopia,TB,Reduction in number of TB deaths,Outcome,2026,17.0,"per 100,000",Rate,Lower is better,TB,"per 100,000 (unit not printed; likely rate, not absolute)",*Remark: the above indicators and targets may be subjected to revision following the HSDIP II target-setting exercise scheduled for the end of March 2026 and approval by the JHCSC.,p.3 — single marker on the '1.1 Outcome Metrics*' and '1.2 Process Metrics*' headings; note printed beneath the §1.2 table,https://www.citizen.org/wp-content/uploads/2026-0004QN-Ethiopia-Health-12.23.2025.pdf
Ethiopia,TB,Reduction in number of TB deaths,Outcome,2027,14.0,"per 100,000",Rate,Lower is better,TB,"per 100,000 (unit not printed; likely rate, not absolute)",*Remark: the above indicators and targets may be subjected to revision following the HSDIP II target-setting exercise scheduled for the end of March 2026 and approval by the JHCSC.,p.3 — single marker on the '1.1 Outcome Metrics*' and '1.2 Process Metrics*' headings; note printed beneath the §1.2 table,https://www.citizen.org/wp-content/uploads/2026-0004QN-Ethiopia-Health-12.23.2025.pdf
Ethiopia,TB,Reduction in number of TB deaths,Outcome,2028,11.0,"per 100,000",Rate,Lower is better,TB,"per 100,000 (unit not printed; likely rate, not absolute)",*Remark: the above indicators and targets may be subjected to revision following the HSDIP II target-setting exercise scheduled for the end of March 2026 and approval by the JHCSC.,p.3 — single marker on the '1.1 Outcome Metrics*' and '1.2 Process Metrics*' headings; note printed beneath the §1.2 table,https://www.citizen.org/wp-content/uploads/2026-0004QN-Ethiopia-Health-12.23.2025.pdf
Ethiopia,TB,Reduction in number of TB deaths,Outcome,2029,10.0,"per 100,000",Rate,Lower is better,TB,"per 100,000 (unit not printed; likely rate, not absolute)",*Remark: the above indicators and targets may be subjected to revision following the HSDIP II target-setting exercise scheduled for the end of March 2026 and approval by the JHCSC.,p.3 — single marker on the '1.1 Outcome Metrics*' and '1.2 Process Metrics*' headings; note printed beneath the §1.2 table,https://www.citizen.org/wp-content/uploads/2026-0004QN-Ethiopia-Health-12.23.2025.pdf
Ethiopia,TB,Reduction in number of TB deaths,Outcome,2030,9.0,"per 100,000",Rate,Lower is better,TB,"per 100,000 (unit not printed; likely rate, not absolute)",*Remark: the above indicators and targets may be subjected to revision following the HSDIP II target-setting exercise scheduled for the end of March 2026 and approval by the JHCSC.,p.3 — single marker on the '1.1 Outcome Metrics*' and '1.2 Process Metrics*' headings; note printed beneath the §1.2 table,https://www.citizen.org/wp-content/uploads/2026-0004QN-Ethiopia-Health-12.23.2025.pdf
Ethiopia,MCH,Maternal Mortality Ratio,Outcome,Baseline,195.0,"per 100,000",Rate,Lower is better,MCH,"per 100,000; 2030 target '<140'; UNIGME",*Remark: the above indicators and targets may be subjected to revision following the HSDIP II target-setting exercise scheduled for the end of March 2026 and approval by the JHCSC.,p.3 — single marker on the '1.1 Outcome Metrics*' and '1.2 Process Metrics*' headings; note printed beneath the §1.2 table,https://www.citizen.org/wp-content/uploads/2026-0004QN-Ethiopia-Health-12.23.2025.pdf
Ethiopia,MCH,Maternal Mortality Ratio,Outcome,2026,179.0,"per 100,000",Rate,Lower is better,MCH,"per 100,000; 2030 target '<140'; UNIGME",*Remark: the above indicators and targets may be subjected to revision following the HSDIP II target-setting exercise scheduled for the end of March 2026 and approval by the JHCSC.,p.3 — single marker on the '1.1 Outcome Metrics*' and '1.2 Process Metrics*' headings; note printed beneath the §1.2 table,https://www.citizen.org/wp-content/uploads/2026-0004QN-Ethiopia-Health-12.23.2025.pdf
Ethiopia,MCH,Maternal Mortality Ratio,Outcome,2027,164.0,"per 100,000",Rate,Lower is better,MCH,"per 100,000; 2030 target '<140'; UNIGME",*Remark: the above indicators and targets may be subjected to revision following the HSDIP II target-setting exercise scheduled for the end of March 2026 and approval by the JHCSC.,p.3 — single marker on the '1.1 Outcome Metrics*' and '1.2 Process Metrics*' headings; note printed beneath the §1.2 table,https://www.citizen.org/wp-content/uploads/2026-0004QN-Ethiopia-Health-12.23.2025.pdf
Ethiopia,MCH,Maternal Mortality Ratio,Outcome,2028,150.0,"per 100,000",Rate,Lower is better,MCH,"per 100,000; 2030 target '<140'; UNIGME",*Remark: the above indicators and targets may be subjected to revision following the HSDIP II target-setting exercise scheduled for the end of March 2026 and approval by the JHCSC.,p.3 — single marker on the '1.1 Outcome Metrics*' and '1.2 Process Metrics*' headings; note printed beneath the §1.2 table,https://www.citizen.org/wp-content/uploads/2026-0004QN-Ethiopia-Health-12.23.2025.pdf
Ethiopia,MCH,Maternal Mortality Ratio,Outcome,2029,145.0,"per 100,000",Rate,Lower is better,MCH,"per 100,000; 2030 target '<140'; UNIGME",*Remark: the above indicators and targets may be subjected to revision following the HSDIP II target-setting exercise scheduled for the end of March 2026 and approval by the JHCSC.,p.3 — single marker on the '1.1 Outcome Metrics*' and '1.2 Process Metrics*' headings; note printed beneath the §1.2 table,https://www.citizen.org/wp-content/uploads/2026-0004QN-Ethiopia-Health-12.23.2025.pdf
Ethiopia,MCH,Neonatal Mortality Rate,Outcome,Baseline,27.0,"per 1,000",Rate,Lower is better,MCH,"per 1,000; 2030 target '<20'",*Remark: the above indicators and targets may be subjected to revision following the HSDIP II target-setting exercise scheduled for the end of March 2026 and approval by the JHCSC.,p.3 — single marker on the '1.1 Outcome Metrics*' and '1.2 Process Metrics*' headings; note printed beneath the §1.2 table,https://www.citizen.org/wp-content/uploads/2026-0004QN-Ethiopia-Health-12.23.2025.pdf
Ethiopia,MCH,Neonatal Mortality Rate,Outcome,2026,26.0,"per 1,000",Rate,Lower is better,MCH,"per 1,000; 2030 target '<20'",*Remark: the above indicators and targets may be subjected to revision following the HSDIP II target-setting exercise scheduled for the end of March 2026 and approval by the JHCSC.,p.3 — single marker on the '1.1 Outcome Metrics*' and '1.2 Process Metrics*' headings; note printed beneath the §1.2 table,https://www.citizen.org/wp-content/uploads/2026-0004QN-Ethiopia-Health-12.23.2025.pdf
Ethiopia,MCH,Neonatal Mortality Rate,Outcome,2027,25.0,"per 1,000",Rate,Lower is better,MCH,"per 1,000; 2030 target '<20'",*Remark: the above indicators and targets may be subjected to revision following the HSDIP II target-setting exercise scheduled for the end of March 2026 and approval by the JHCSC.,p.3 — single marker on the '1.1 Outcome Metrics*' and '1.2 Process Metrics*' headings; note printed beneath the §1.2 table,https://www.citizen.org/wp-content/uploads/2026-0004QN-Ethiopia-Health-12.23.2025.pdf
Ethiopia,MCH,Neonatal Mortality Rate,Outcome,2028,24.0,"per 1,000",Rate,Lower is better,MCH,"per 1,000; 2030 target '<20'",*Remark: the above indicators and targets may be subjected to revision following the HSDIP II target-setting exercise scheduled for the end of March 2026 and approval by the JHCSC.,p.3 — single marker on the '1.1 Outcome Metrics*' and '1.2 Process Metrics*' headings; note printed beneath the §1.2 table,https://www.citizen.org/wp-content/uploads/2026-0004QN-Ethiopia-Health-12.23.2025.pdf
Ethiopia,MCH,Neonatal Mortality Rate,Outcome,2029,23.0,"per 1,000",Rate,Lower is better,MCH,"per 1,000; 2030 target '<20'",*Remark: the above indicators and targets may be subjected to revision following the HSDIP II target-setting exercise scheduled for the end of March 2026 and approval by the JHCSC.,p.3 — single marker on the '1.1 Outcome Metrics*' and '1.2 Process Metrics*' headings; note printed beneath the §1.2 table,https://www.citizen.org/wp-content/uploads/2026-0004QN-Ethiopia-Health-12.23.2025.pdf
Ethiopia,Health systems,Availability of essential medicines by level of care,Outcome,Baseline,83.0,%,Percentage,Higher is better,Health Systems,%,*Remark: the above indicators and targets may be subjected to revision following the HSDIP II target-setting exercise scheduled for the end of March 2026 and approval by the JHCSC.,p.3 — single marker on the '1.1 Outcome Metrics*' and '1.2 Process Metrics*' headings; note printed beneath the §1.2 table,https://www.citizen.org/wp-content/uploads/2026-0004QN-Ethiopia-Health-12.23.2025.pdf
Ethiopia,Health systems,Availability of essential medicines by level of care,Outcome,2026,85.0,%,Percentage,Higher is better,Health Systems,%,*Remark: the above indicators and targets may be subjected to revision following the HSDIP II target-setting exercise scheduled for the end of March 2026 and approval by the JHCSC.,p.3 — single marker on the '1.1 Outcome Metrics*' and '1.2 Process Metrics*' headings; note printed beneath the §1.2 table,https://www.citizen.org/wp-content/uploads/2026-0004QN-Ethiopia-Health-12.23.2025.pdf
Ethiopia,Health systems,Availability of essential medicines by level of care,Outcome,2027,87.0,%,Percentage,Higher is better,Health Systems,%,*Remark: the above indicators and targets may be subjected to revision following the HSDIP II target-setting exercise scheduled for the end of March 2026 and approval by the JHCSC.,p.3 — single marker on the '1.1 Outcome Metrics*' and '1.2 Process Metrics*' headings; note printed beneath the §1.2 table,https://www.citizen.org/wp-content/uploads/2026-0004QN-Ethiopia-Health-12.23.2025.pdf
Ethiopia,Health systems,Availability of essential medicines by level of care,Outcome,2028,89.0,%,Percentage,Higher is better,Health Systems,%,*Remark: the above indicators and targets may be subjected to revision following the HSDIP II target-setting exercise scheduled for the end of March 2026 and approval by the JHCSC.,p.3 — single marker on the '1.1 Outcome Metrics*' and '1.2 Process Metrics*' headings; note printed beneath the §1.2 table,https://www.citizen.org/wp-content/uploads/2026-0004QN-Ethiopia-Health-12.23.2025.pdf
Ethiopia,Health systems,Availability of essential medicines by level of care,Outcome,2029,92.0,%,Percentage,Higher is better,Health Systems,%,*Remark: the above indicators and targets may be subjected to revision following the HSDIP II target-setting exercise scheduled for the end of March 2026 and approval by the JHCSC.,p.3 — single marker on the '1.1 Outcome Metrics*' and '1.2 Process Metrics*' headings; note printed beneath the §1.2 table,https://www.citizen.org/wp-content/uploads/2026-0004QN-Ethiopia-Health-12.23.2025.pdf
Ethiopia,Health systems,Availability of essential medicines by level of care,Outcome,2030,95.0,%,Percentage,Higher is better,Health Systems,%,*Remark: the above indicators and targets may be subjected to revision following the HSDIP II target-setting exercise scheduled for the end of March 2026 and approval by the JHCSC.,p.3 — single marker on the '1.1 Outcome Metrics*' and '1.2 Process Metrics*' headings; note printed beneath the §1.2 table,https://www.citizen.org/wp-content/uploads/2026-0004QN-Ethiopia-Health-12.23.2025.pdf
Ethiopia,HIV/AIDS,# people on ART,Process,Baseline,536067.0,count,Absolute number,Higher is better,HIV/AIDS,count; DHIS2; +2.5%/yr; baseline & 2030 corrected on verification,*Remark: the above indicators and targets may be subjected to revision following the HSDIP II target-setting exercise scheduled for the end of March 2026 and approval by the JHCSC.,p.3 — single marker on the '1.1 Outcome Metrics*' and '1.2 Process Metrics*' headings; note printed beneath the §1.2 table,https://www.citizen.org/wp-content/uploads/2026-0004QN-Ethiopia-Health-12.23.2025.pdf
Ethiopia,HIV/AIDS,# people on ART,Process,2026,546935.0,count,Absolute number,Higher is better,HIV/AIDS,count; DHIS2; +2.5%/yr; baseline & 2030 corrected on verification,*Remark: the above indicators and targets may be subjected to revision following the HSDIP II target-setting exercise scheduled for the end of March 2026 and approval by the JHCSC.,p.3 — single marker on the '1.1 Outcome Metrics*' and '1.2 Process Metrics*' headings; note printed beneath the §1.2 table,https://www.citizen.org/wp-content/uploads/2026-0004QN-Ethiopia-Health-12.23.2025.pdf
Ethiopia,HIV/AIDS,# people on ART,Process,2027,566704.0,count,Absolute number,Higher is better,HIV/AIDS,count; DHIS2; +2.5%/yr; baseline & 2030 corrected on verification,*Remark: the above indicators and targets may be subjected to revision following the HSDIP II target-setting exercise scheduled for the end of March 2026 and approval by the JHCSC.,p.3 — single marker on the '1.1 Outcome Metrics*' and '1.2 Process Metrics*' headings; note printed beneath the §1.2 table,https://www.citizen.org/wp-content/uploads/2026-0004QN-Ethiopia-Health-12.23.2025.pdf
Ethiopia,HIV/AIDS,# people on ART,Process,2028,592646.0,count,Absolute number,Higher is better,HIV/AIDS,count; DHIS2; +2.5%/yr; baseline & 2030 corrected on verification,*Remark: the above indicators and targets may be subjected to revision following the HSDIP II target-setting exercise scheduled for the end of March 2026 and approval by the JHCSC.,p.3 — single marker on the '1.1 Outcome Metrics*' and '1.2 Process Metrics*' headings; note printed beneath the §1.2 table,https://www.citizen.org/wp-content/uploads/2026-0004QN-Ethiopia-Health-12.23.2025.pdf
Ethiopia,HIV/AIDS,# people on ART,Process,2029,612623.0,count,Absolute number,Higher is better,HIV/AIDS,count; DHIS2; +2.5%/yr; baseline & 2030 corrected on verification,*Remark: the above indicators and targets may be subjected to revision following the HSDIP II target-setting exercise scheduled for the end of March 2026 and approval by the JHCSC.,p.3 — single marker on the '1.1 Outcome Metrics*' and '1.2 Process Metrics*' headings; note printed beneath the §1.2 table,https://www.citizen.org/wp-content/uploads/2026-0004QN-Ethiopia-Health-12.23.2025.pdf
Ethiopia,HIV/AIDS,# people on ART,Process,2030,639189.0,count,Absolute number,Higher is better,HIV/AIDS,count; DHIS2; +2.5%/yr; baseline & 2030 corrected on verification,*Remark: the above indicators and targets may be subjected to revision following the HSDIP II target-setting exercise scheduled for the end of March 2026 and approval by the JHCSC.,p.3 — single marker on the '1.1 Outcome Metrics*' and '1.2 Process Metrics*' headings; note printed beneath the §1.2 table,https://www.citizen.org/wp-content/uploads/2026-0004QN-Ethiopia-Health-12.23.2025.pdf
Ethiopia,HIV/AIDS,# new HIV diagnoses among infants (0-18mo),Process,Baseline,151.0,count,Absolute number,Lower is better,HIV/AIDS,count; DHIS2; non-monotonic,*Remark: the above indicators and targets may be subjected to revision following the HSDIP II target-setting exercise scheduled for the end of March 2026 and approval by the JHCSC.,p.3 — single marker on the '1.1 Outcome Metrics*' and '1.2 Process Metrics*' headings; note printed beneath the §1.2 table,https://www.citizen.org/wp-content/uploads/2026-0004QN-Ethiopia-Health-12.23.2025.pdf
Ethiopia,HIV/AIDS,# new HIV diagnoses among infants (0-18mo),Process,2026,151.0,count,Absolute number,Lower is better,HIV/AIDS,count; DHIS2; non-monotonic,*Remark: the above indicators and targets may be subjected to revision following the HSDIP II target-setting exercise scheduled for the end of March 2026 and approval by the JHCSC.,p.3 — single marker on the '1.1 Outcome Metrics*' and '1.2 Process Metrics*' headings; note printed beneath the §1.2 table,https://www.citizen.org/wp-content/uploads/2026-0004QN-Ethiopia-Health-12.23.2025.pdf
Ethiopia,HIV/AIDS,# new HIV diagnoses among infants (0-18mo),Process,2027,151.0,count,Absolute number,Lower is better,HIV/AIDS,count; DHIS2; non-monotonic,*Remark: the above indicators and targets may be subjected to revision following the HSDIP II target-setting exercise scheduled for the end of March 2026 and approval by the JHCSC.,p.3 — single marker on the '1.1 Outcome Metrics*' and '1.2 Process Metrics*' headings; note printed beneath the §1.2 table,https://www.citizen.org/wp-content/uploads/2026-0004QN-Ethiopia-Health-12.23.2025.pdf
Ethiopia,HIV/AIDS,# new HIV diagnoses among infants (0-18mo),Process,2028,170.0,count,Absolute number,Lower is better,HIV/AIDS,count; DHIS2; non-monotonic,*Remark: the above indicators and targets may be subjected to revision following the HSDIP II target-setting exercise scheduled for the end of March 2026 and approval by the JHCSC.,p.3 — single marker on the '1.1 Outcome Metrics*' and '1.2 Process Metrics*' headings; note printed beneath the §1.2 table,https://www.citizen.org/wp-content/uploads/2026-0004QN-Ethiopia-Health-12.23.2025.pdf
Ethiopia,HIV/AIDS,# new HIV diagnoses among infants (0-18mo),Process,2029,170.0,count,Absolute number,Lower is better,HIV/AIDS,count; DHIS2; non-monotonic,*Remark: the above indicators and targets may be subjected to revision following the HSDIP II target-setting exercise scheduled for the end of March 2026 and approval by the JHCSC.,p.3 — single marker on the '1.1 Outcome Metrics*' and '1.2 Process Metrics*' headings; note printed beneath the §1.2 table,https://www.citizen.org/wp-content/uploads/2026-0004QN-Ethiopia-Health-12.23.2025.pdf
Ethiopia,HIV/AIDS,# new HIV diagnoses among infants (0-18mo),Process,2030,160.0,count,Absolute number,Lower is better,HIV/AIDS,count; DHIS2; non-monotonic,*Remark: the above indicators and targets may be subjected to revision following the HSDIP II target-setting exercise scheduled for the end of March 2026 and approval by the JHCSC.,p.3 — single marker on the '1.1 Outcome Metrics*' and '1.2 Process Metrics*' headings; note printed beneath the §1.2 table,https://www.citizen.org/wp-content/uploads/2026-0004QN-Ethiopia-Health-12.23.2025.pdf
Ethiopia,HIV/AIDS,# new HIV diagnoses children & adults (18mo+),Process,Baseline,36065.0,count,Absolute number,Lower is better,HIV/AIDS,count; DHIS2; falls then rises,*Remark: the above indicators and targets may be subjected to revision following the HSDIP II target-setting exercise scheduled for the end of March 2026 and approval by the JHCSC.,p.3 — single marker on the '1.1 Outcome Metrics*' and '1.2 Process Metrics*' headings; note printed beneath the §1.2 table,https://www.citizen.org/wp-content/uploads/2026-0004QN-Ethiopia-Health-12.23.2025.pdf
Ethiopia,HIV/AIDS,# new HIV diagnoses children & adults (18mo+),Process,2026,28982.0,count,Absolute number,Lower is better,HIV/AIDS,count; DHIS2; falls then rises,*Remark: the above indicators and targets may be subjected to revision following the HSDIP II target-setting exercise scheduled for the end of March 2026 and approval by the JHCSC.,p.3 — single marker on the '1.1 Outcome Metrics*' and '1.2 Process Metrics*' headings; note printed beneath the §1.2 table,https://www.citizen.org/wp-content/uploads/2026-0004QN-Ethiopia-Health-12.23.2025.pdf
Ethiopia,HIV/AIDS,# new HIV diagnoses children & adults (18mo+),Process,2027,21699.0,count,Absolute number,Lower is better,HIV/AIDS,count; DHIS2; falls then rises,*Remark: the above indicators and targets may be subjected to revision following the HSDIP II target-setting exercise scheduled for the end of March 2026 and approval by the JHCSC.,p.3 — single marker on the '1.1 Outcome Metrics*' and '1.2 Process Metrics*' headings; note printed beneath the §1.2 table,https://www.citizen.org/wp-content/uploads/2026-0004QN-Ethiopia-Health-12.23.2025.pdf
Ethiopia,HIV/AIDS,# new HIV diagnoses children & adults (18mo+),Process,2028,22720.0,count,Absolute number,Lower is better,HIV/AIDS,count; DHIS2; falls then rises,*Remark: the above indicators and targets may be subjected to revision following the HSDIP II target-setting exercise scheduled for the end of March 2026 and approval by the JHCSC.,p.3 — single marker on the '1.1 Outcome Metrics*' and '1.2 Process Metrics*' headings; note printed beneath the §1.2 table,https://www.citizen.org/wp-content/uploads/2026-0004QN-Ethiopia-Health-12.23.2025.pdf
Ethiopia,HIV/AIDS,# new HIV diagnoses children & adults (18mo+),Process,2029,23761.0,count,Absolute number,Lower is better,HIV/AIDS,count; DHIS2; falls then rises,*Remark: the above indicators and targets may be subjected to revision following the HSDIP II target-setting exercise scheduled for the end of March 2026 and approval by the JHCSC.,p.3 — single marker on the '1.1 Outcome Metrics*' and '1.2 Process Metrics*' headings; note printed beneath the §1.2 table,https://www.citizen.org/wp-content/uploads/2026-0004QN-Ethiopia-Health-12.23.2025.pdf
Ethiopia,HIV/AIDS,# new HIV diagnoses children & adults (18mo+),Process,2030,23771.0,count,Absolute number,Lower is better,HIV/AIDS,count; DHIS2; falls then rises,*Remark: the above indicators and targets may be subjected to revision following the HSDIP II target-setting exercise scheduled for the end of March 2026 and approval by the JHCSC.,p.3 — single marker on the '1.1 Outcome Metrics*' and '1.2 Process Metrics*' headings; note printed beneath the §1.2 table,https://www.citizen.org/wp-content/uploads/2026-0004QN-Ethiopia-Health-12.23.2025.pdf
Ethiopia,HIV/AIDS,% pregnant & breastfeeding women with HIV on ART,Process,Baseline,87.0,%,Percentage,Higher is better,HIV/AIDS,%; DHIS2,*Remark: the above indicators and targets may be subjected to revision following the HSDIP II target-setting exercise scheduled for the end of March 2026 and approval by the JHCSC.,p.3 — single marker on the '1.1 Outcome Metrics*' and '1.2 Process Metrics*' headings; note printed beneath the §1.2 table,https://www.citizen.org/wp-content/uploads/2026-0004QN-Ethiopia-Health-12.23.2025.pdf
Ethiopia,HIV/AIDS,% pregnant & breastfeeding women with HIV on ART,Process,2026,89.0,%,Percentage,Higher is better,HIV/AIDS,%; DHIS2,*Remark: the above indicators and targets may be subjected to revision following the HSDIP II target-setting exercise scheduled for the end of March 2026 and approval by the JHCSC.,p.3 — single marker on the '1.1 Outcome Metrics*' and '1.2 Process Metrics*' headings; note printed beneath the §1.2 table,https://www.citizen.org/wp-content/uploads/2026-0004QN-Ethiopia-Health-12.23.2025.pdf
Ethiopia,HIV/AIDS,% pregnant & breastfeeding women with HIV on ART,Process,2027,91.0,%,Percentage,Higher is better,HIV/AIDS,%; DHIS2,*Remark: the above indicators and targets may be subjected to revision following the HSDIP II target-setting exercise scheduled for the end of March 2026 and approval by the JHCSC.,p.3 — single marker on the '1.1 Outcome Metrics*' and '1.2 Process Metrics*' headings; note printed beneath the §1.2 table,https://www.citizen.org/wp-content/uploads/2026-0004QN-Ethiopia-Health-12.23.2025.pdf
Ethiopia,HIV/AIDS,% pregnant & breastfeeding women with HIV on ART,Process,2028,93.0,%,Percentage,Higher is better,HIV/AIDS,%; DHIS2,*Remark: the above indicators and targets may be subjected to revision following the HSDIP II target-setting exercise scheduled for the end of March 2026 and approval by the JHCSC.,p.3 — single marker on the '1.1 Outcome Metrics*' and '1.2 Process Metrics*' headings; note printed beneath the §1.2 table,https://www.citizen.org/wp-content/uploads/2026-0004QN-Ethiopia-Health-12.23.2025.pdf
Ethiopia,HIV/AIDS,% pregnant & breastfeeding women with HIV on ART,Process,2029,95.0,%,Percentage,Higher is better,HIV/AIDS,%; DHIS2,*Remark: the above indicators and targets may be subjected to revision following the HSDIP II target-setting exercise scheduled for the end of March 2026 and approval by the JHCSC.,p.3 — single marker on the '1.1 Outcome Metrics*' and '1.2 Process Metrics*' headings; note printed beneath the §1.2 table,https://www.citizen.org/wp-content/uploads/2026-0004QN-Ethiopia-Health-12.23.2025.pdf
Ethiopia,HIV/AIDS,% pregnant & breastfeeding women with HIV on ART,Process,2030,96.0,%,Percentage,Higher is better,HIV/AIDS,%; DHIS2,*Remark: the above indicators and targets may be subjected to revision following the HSDIP II target-setting exercise scheduled for the end of March 2026 and approval by the JHCSC.,p.3 — single marker on the '1.1 Outcome Metrics*' and '1.2 Process Metrics*' headings; note printed beneath the §1.2 table,https://www.citizen.org/wp-content/uploads/2026-0004QN-Ethiopia-Health-12.23.2025.pdf
Ethiopia,HIV/AIDS,MTCT transmission rate,Process,Baseline,9.06,%,Percentage,Lower is better,HIV/AIDS,%; Spectrum,*Remark: the above indicators and targets may be subjected to revision following the HSDIP II target-setting exercise scheduled for the end of March 2026 and approval by the JHCSC.,p.3 — single marker on the '1.1 Outcome Metrics*' and '1.2 Process Metrics*' headings; note printed beneath the §1.2 table,https://www.citizen.org/wp-content/uploads/2026-0004QN-Ethiopia-Health-12.23.2025.pdf
Ethiopia,HIV/AIDS,MTCT transmission rate,Process,2026,8.0,%,Percentage,Lower is better,HIV/AIDS,%; Spectrum,*Remark: the above indicators and targets may be subjected to revision following the HSDIP II target-setting exercise scheduled for the end of March 2026 and approval by the JHCSC.,p.3 — single marker on the '1.1 Outcome Metrics*' and '1.2 Process Metrics*' headings; note printed beneath the §1.2 table,https://www.citizen.org/wp-content/uploads/2026-0004QN-Ethiopia-Health-12.23.2025.pdf
Ethiopia,HIV/AIDS,MTCT transmission rate,Process,2027,7.0,%,Percentage,Lower is better,HIV/AIDS,%; Spectrum,*Remark: the above indicators and targets may be subjected to revision following the HSDIP II target-setting exercise scheduled for the end of March 2026 and approval by the JHCSC.,p.3 — single marker on the '1.1 Outcome Metrics*' and '1.2 Process Metrics*' headings; note printed beneath the §1.2 table,https://www.citizen.org/wp-content/uploads/2026-0004QN-Ethiopia-Health-12.23.2025.pdf
Ethiopia,HIV/AIDS,MTCT transmission rate,Process,2028,6.0,%,Percentage,Lower is better,HIV/AIDS,%; Spectrum,*Remark: the above indicators and targets may be subjected to revision following the HSDIP II target-setting exercise scheduled for the end of March 2026 and approval by the JHCSC.,p.3 — single marker on the '1.1 Outcome Metrics*' and '1.2 Process Metrics*' headings; note printed beneath the §1.2 table,https://www.citizen.org/wp-content/uploads/2026-0004QN-Ethiopia-Health-12.23.2025.pdf
Ethiopia,HIV/AIDS,MTCT transmission rate,Process,2029,4.0,%,Percentage,Lower is better,HIV/AIDS,%; Spectrum,*Remark: the above indicators and targets may be subjected to revision following the HSDIP II target-setting exercise scheduled for the end of March 2026 and approval by the JHCSC.,p.3 — single marker on the '1.1 Outcome Metrics*' and '1.2 Process Metrics*' headings; note printed beneath the §1.2 table,https://www.citizen.org/wp-content/uploads/2026-0004QN-Ethiopia-Health-12.23.2025.pdf
Ethiopia,HIV/AIDS,MTCT transmission rate,Process,2030,2.0,%,Percentage,Lower is better,HIV/AIDS,%; Spectrum,*Remark: the above indicators and targets may be subjected to revision following the HSDIP II target-setting exercise scheduled for the end of March 2026 and approval by the JHCSC.,p.3 — single marker on the '1.1 Outcome Metrics*' and '1.2 Process Metrics*' headings; note printed beneath the §1.2 table,https://www.citizen.org/wp-content/uploads/2026-0004QN-Ethiopia-Health-12.23.2025.pdf
Ethiopia,Malaria,Malaria test positivity rate,Process,Baseline,39.0,%,Percentage,Lower is better,Malaria,%; DHIS2,*Remark: the above indicators and targets may be subjected to revision following the HSDIP II target-setting exercise scheduled for the end of March 2026 and approval by the JHCSC.,p.3 — single marker on the '1.1 Outcome Metrics*' and '1.2 Process Metrics*' headings; note printed beneath the §1.2 table,https://www.citizen.org/wp-content/uploads/2026-0004QN-Ethiopia-Health-12.23.2025.pdf
Ethiopia,Malaria,Malaria test positivity rate,Process,2026,37.0,%,Percentage,Lower is better,Malaria,%; DHIS2,*Remark: the above indicators and targets may be subjected to revision following the HSDIP II target-setting exercise scheduled for the end of March 2026 and approval by the JHCSC.,p.3 — single marker on the '1.1 Outcome Metrics*' and '1.2 Process Metrics*' headings; note printed beneath the §1.2 table,https://www.citizen.org/wp-content/uploads/2026-0004QN-Ethiopia-Health-12.23.2025.pdf
Ethiopia,Malaria,Malaria test positivity rate,Process,2027,35.0,%,Percentage,Lower is better,Malaria,%; DHIS2,*Remark: the above indicators and targets may be subjected to revision following the HSDIP II target-setting exercise scheduled for the end of March 2026 and approval by the JHCSC.,p.3 — single marker on the '1.1 Outcome Metrics*' and '1.2 Process Metrics*' headings; note printed beneath the §1.2 table,https://www.citizen.org/wp-content/uploads/2026-0004QN-Ethiopia-Health-12.23.2025.pdf
Ethiopia,Malaria,Malaria test positivity rate,Process,2028,33.0,%,Percentage,Lower is better,Malaria,%; DHIS2,*Remark: the above indicators and targets may be subjected to revision following the HSDIP II target-setting exercise scheduled for the end of March 2026 and approval by the JHCSC.,p.3 — single marker on the '1.1 Outcome Metrics*' and '1.2 Process Metrics*' headings; note printed beneath the §1.2 table,https://www.citizen.org/wp-content/uploads/2026-0004QN-Ethiopia-Health-12.23.2025.pdf
Ethiopia,Malaria,Malaria test positivity rate,Process,2029,30.0,%,Percentage,Lower is better,Malaria,%; DHIS2,*Remark: the above indicators and targets may be subjected to revision following the HSDIP II target-setting exercise scheduled for the end of March 2026 and approval by the JHCSC.,p.3 — single marker on the '1.1 Outcome Metrics*' and '1.2 Process Metrics*' headings; note printed beneath the §1.2 table,https://www.citizen.org/wp-content/uploads/2026-0004QN-Ethiopia-Health-12.23.2025.pdf
Ethiopia,Malaria,Malaria test positivity rate,Process,2030,27.0,%,Percentage,Lower is better,Malaria,%; DHIS2,*Remark: the above indicators and targets may be subjected to revision following the HSDIP II target-setting exercise scheduled for the end of March 2026 and approval by the JHCSC.,p.3 — single marker on the '1.1 Outcome Metrics*' and '1.2 Process Metrics*' headings; note printed beneath the §1.2 table,https://www.citizen.org/wp-content/uploads/2026-0004QN-Ethiopia-Health-12.23.2025.pdf
Ethiopia,Malaria,# structures sprayed by IRS,Process,Baseline,1900000.0,count,Absolute number,Higher is better,Malaria,count; printed in millions,*Remark: the above indicators and targets may be subjected to revision following the HSDIP II target-setting exercise scheduled for the end of March 2026 and approval by the JHCSC.,p.3 — single marker on the '1.1 Outcome Metrics*' and '1.2 Process Metrics*' headings; note printed beneath the §1.2 table,https://www.citizen.org/wp-content/uploads/2026-0004QN-Ethiopia-Health-12.23.2025.pdf
Ethiopia,Malaria,# structures sprayed by IRS,Process,2026,2300000.0,count,Absolute number,Higher is better,Malaria,count; printed in millions,*Remark: the above indicators and targets may be subjected to revision following the HSDIP II target-setting exercise scheduled for the end of March 2026 and approval by the JHCSC.,p.3 — single marker on the '1.1 Outcome Metrics*' and '1.2 Process Metrics*' headings; note printed beneath the §1.2 table,https://www.citizen.org/wp-content/uploads/2026-0004QN-Ethiopia-Health-12.23.2025.pdf
Ethiopia,Malaria,# structures sprayed by IRS,Process,2027,2300000.0,count,Absolute number,Higher is better,Malaria,count; printed in millions,*Remark: the above indicators and targets may be subjected to revision following the HSDIP II target-setting exercise scheduled for the end of March 2026 and approval by the JHCSC.,p.3 — single marker on the '1.1 Outcome Metrics*' and '1.2 Process Metrics*' headings; note printed beneath the §1.2 table,https://www.citizen.org/wp-content/uploads/2026-0004QN-Ethiopia-Health-12.23.2025.pdf
Ethiopia,Malaria,# structures sprayed by IRS,Process,2028,2300000.0,count,Absolute number,Higher is better,Malaria,count; printed in millions,*Remark: the above indicators and targets may be subjected to revision following the HSDIP II target-setting exercise scheduled for the end of March 2026 and approval by the JHCSC.,p.3 — single marker on the '1.1 Outcome Metrics*' and '1.2 Process Metrics*' headings; note printed beneath the §1.2 table,https://www.citizen.org/wp-content/uploads/2026-0004QN-Ethiopia-Health-12.23.2025.pdf
Ethiopia,Malaria,# structures sprayed by IRS,Process,2029,2300000.0,count,Absolute number,Higher is better,Malaria,count; printed in millions,*Remark: the above indicators and targets may be subjected to revision following the HSDIP II target-setting exercise scheduled for the end of March 2026 and approval by the JHCSC.,p.3 — single marker on the '1.1 Outcome Metrics*' and '1.2 Process Metrics*' headings; note printed beneath the §1.2 table,https://www.citizen.org/wp-content/uploads/2026-0004QN-Ethiopia-Health-12.23.2025.pdf
Ethiopia,Malaria,# structures sprayed by IRS,Process,2030,2300000.0,count,Absolute number,Higher is better,Malaria,count; printed in millions,*Remark: the above indicators and targets may be subjected to revision following the HSDIP II target-setting exercise scheduled for the end of March 2026 and approval by the JHCSC.,p.3 — single marker on the '1.1 Outcome Metrics*' and '1.2 Process Metrics*' headings; note printed beneath the §1.2 table,https://www.citizen.org/wp-content/uploads/2026-0004QN-Ethiopia-Health-12.23.2025.pdf
Ethiopia,Malaria,# ITNs distributed,Process,Baseline,8800000.0,count,Absolute number,Higher is better,Malaria,count; sawtooth = 3-yr campaign cycle (verified),*Remark: the above indicators and targets may be subjected to revision following the HSDIP II target-setting exercise scheduled for the end of March 2026 and approval by the JHCSC.,p.3 — single marker on the '1.1 Outcome Metrics*' and '1.2 Process Metrics*' headings; note printed beneath the §1.2 table,https://www.citizen.org/wp-content/uploads/2026-0004QN-Ethiopia-Health-12.23.2025.pdf
Ethiopia,Malaria,# ITNs distributed,Process,2026,10900000.0,count,Absolute number,Higher is better,Malaria,count; sawtooth = 3-yr campaign cycle (verified),*Remark: the above indicators and targets may be subjected to revision following the HSDIP II target-setting exercise scheduled for the end of March 2026 and approval by the JHCSC.,p.3 — single marker on the '1.1 Outcome Metrics*' and '1.2 Process Metrics*' headings; note printed beneath the §1.2 table,https://www.citizen.org/wp-content/uploads/2026-0004QN-Ethiopia-Health-12.23.2025.pdf
Ethiopia,Malaria,# ITNs distributed,Process,2027,3000000.0,count,Absolute number,Higher is better,Malaria,count; sawtooth = 3-yr campaign cycle (verified),*Remark: the above indicators and targets may be subjected to revision following the HSDIP II target-setting exercise scheduled for the end of March 2026 and approval by the JHCSC.,p.3 — single marker on the '1.1 Outcome Metrics*' and '1.2 Process Metrics*' headings; note printed beneath the §1.2 table,https://www.citizen.org/wp-content/uploads/2026-0004QN-Ethiopia-Health-12.23.2025.pdf
Ethiopia,Malaria,# ITNs distributed,Process,2028,8800000.0,count,Absolute number,Higher is better,Malaria,count; sawtooth = 3-yr campaign cycle (verified),*Remark: the above indicators and targets may be subjected to revision following the HSDIP II target-setting exercise scheduled for the end of March 2026 and approval by the JHCSC.,p.3 — single marker on the '1.1 Outcome Metrics*' and '1.2 Process Metrics*' headings; note printed beneath the §1.2 table,https://www.citizen.org/wp-content/uploads/2026-0004QN-Ethiopia-Health-12.23.2025.pdf
Ethiopia,Malaria,# ITNs distributed,Process,2029,10900000.0,count,Absolute number,Higher is better,Malaria,count; sawtooth = 3-yr campaign cycle (verified),*Remark: the above indicators and targets may be subjected to revision following the HSDIP II target-setting exercise scheduled for the end of March 2026 and approval by the JHCSC.,p.3 — single marker on the '1.1 Outcome Metrics*' and '1.2 Process Metrics*' headings; note printed beneath the §1.2 table,https://www.citizen.org/wp-content/uploads/2026-0004QN-Ethiopia-Health-12.23.2025.pdf
Ethiopia,Malaria,# ITNs distributed,Process,2030,3400000.0,count,Absolute number,Higher is better,Malaria,count; sawtooth = 3-yr campaign cycle (verified),*Remark: the above indicators and targets may be subjected to revision following the HSDIP II target-setting exercise scheduled for the end of March 2026 and approval by the JHCSC.,p.3 — single marker on the '1.1 Outcome Metrics*' and '1.2 Process Metrics*' headings; note printed beneath the §1.2 table,https://www.citizen.org/wp-content/uploads/2026-0004QN-Ethiopia-Health-12.23.2025.pdf
Ethiopia,TB,Proportion bacteriologically confirmed among PTB cases,Process,Baseline,44.0,%,Percentage,Higher is better,TB,%; DHIS2,*Remark: the above indicators and targets may be subjected to revision following the HSDIP II target-setting exercise scheduled for the end of March 2026 and approval by the JHCSC.,p.3 — single marker on the '1.1 Outcome Metrics*' and '1.2 Process Metrics*' headings; note printed beneath the §1.2 table,https://www.citizen.org/wp-content/uploads/2026-0004QN-Ethiopia-Health-12.23.2025.pdf
Ethiopia,TB,Proportion bacteriologically confirmed among PTB cases,Process,2026,68.0,%,Percentage,Higher is better,TB,%; DHIS2,*Remark: the above indicators and targets may be subjected to revision following the HSDIP II target-setting exercise scheduled for the end of March 2026 and approval by the JHCSC.,p.3 — single marker on the '1.1 Outcome Metrics*' and '1.2 Process Metrics*' headings; note printed beneath the §1.2 table,https://www.citizen.org/wp-content/uploads/2026-0004QN-Ethiopia-Health-12.23.2025.pdf
Ethiopia,TB,Proportion bacteriologically confirmed among PTB cases,Process,2027,69.0,%,Percentage,Higher is better,TB,%; DHIS2,*Remark: the above indicators and targets may be subjected to revision following the HSDIP II target-setting exercise scheduled for the end of March 2026 and approval by the JHCSC.,p.3 — single marker on the '1.1 Outcome Metrics*' and '1.2 Process Metrics*' headings; note printed beneath the §1.2 table,https://www.citizen.org/wp-content/uploads/2026-0004QN-Ethiopia-Health-12.23.2025.pdf
Ethiopia,TB,Proportion bacteriologically confirmed among PTB cases,Process,2028,70.0,%,Percentage,Higher is better,TB,%; DHIS2,*Remark: the above indicators and targets may be subjected to revision following the HSDIP II target-setting exercise scheduled for the end of March 2026 and approval by the JHCSC.,p.3 — single marker on the '1.1 Outcome Metrics*' and '1.2 Process Metrics*' headings; note printed beneath the §1.2 table,https://www.citizen.org/wp-content/uploads/2026-0004QN-Ethiopia-Health-12.23.2025.pdf
Ethiopia,TB,Proportion bacteriologically confirmed among PTB cases,Process,2029,71.0,%,Percentage,Higher is better,TB,%; DHIS2,*Remark: the above indicators and targets may be subjected to revision following the HSDIP II target-setting exercise scheduled for the end of March 2026 and approval by the JHCSC.,p.3 — single marker on the '1.1 Outcome Metrics*' and '1.2 Process Metrics*' headings; note printed beneath the §1.2 table,https://www.citizen.org/wp-content/uploads/2026-0004QN-Ethiopia-Health-12.23.2025.pdf
Ethiopia,TB,Proportion bacteriologically confirmed among PTB cases,Process,2030,72.0,%,Percentage,Higher is better,TB,%; DHIS2,*Remark: the above indicators and targets may be subjected to revision following the HSDIP II target-setting exercise scheduled for the end of March 2026 and approval by the JHCSC.,p.3 — single marker on the '1.1 Outcome Metrics*' and '1.2 Process Metrics*' headings; note printed beneath the §1.2 table,https://www.citizen.org/wp-content/uploads/2026-0004QN-Ethiopia-Health-12.23.2025.pdf
Ethiopia,TB,TSR for all forms of TB,Process,Baseline,96.0,%,Percentage,Higher is better,TB,%; DHIS2,*Remark: the above indicators and targets may be subjected to revision following the HSDIP II target-setting exercise scheduled for the end of March 2026 and approval by the JHCSC.,p.3 — single marker on the '1.1 Outcome Metrics*' and '1.2 Process Metrics*' headings; note printed beneath the §1.2 table,https://www.citizen.org/wp-content/uploads/2026-0004QN-Ethiopia-Health-12.23.2025.pdf
Ethiopia,TB,TSR for all forms of TB,Process,2026,96.0,%,Percentage,Higher is better,TB,%; DHIS2,*Remark: the above indicators and targets may be subjected to revision following the HSDIP II target-setting exercise scheduled for the end of March 2026 and approval by the JHCSC.,p.3 — single marker on the '1.1 Outcome Metrics*' and '1.2 Process Metrics*' headings; note printed beneath the §1.2 table,https://www.citizen.org/wp-content/uploads/2026-0004QN-Ethiopia-Health-12.23.2025.pdf
Ethiopia,TB,TSR for all forms of TB,Process,2027,96.0,%,Percentage,Higher is better,TB,%; DHIS2,*Remark: the above indicators and targets may be subjected to revision following the HSDIP II target-setting exercise scheduled for the end of March 2026 and approval by the JHCSC.,p.3 — single marker on the '1.1 Outcome Metrics*' and '1.2 Process Metrics*' headings; note printed beneath the §1.2 table,https://www.citizen.org/wp-content/uploads/2026-0004QN-Ethiopia-Health-12.23.2025.pdf
Ethiopia,TB,TSR for all forms of TB,Process,2028,96.0,%,Percentage,Higher is better,TB,%; DHIS2,*Remark: the above indicators and targets may be subjected to revision following the HSDIP II target-setting exercise scheduled for the end of March 2026 and approval by the JHCSC.,p.3 — single marker on the '1.1 Outcome Metrics*' and '1.2 Process Metrics*' headings; note printed beneath the §1.2 table,https://www.citizen.org/wp-content/uploads/2026-0004QN-Ethiopia-Health-12.23.2025.pdf
Ethiopia,TB,TSR for all forms of TB,Process,2029,96.0,%,Percentage,Higher is better,TB,%; DHIS2,*Remark: the above indicators and targets may be subjected to revision following the HSDIP II target-setting exercise scheduled for the end of March 2026 and approval by the JHCSC.,p.3 — single marker on the '1.1 Outcome Metrics*' and '1.2 Process Metrics*' headings; note printed beneath the §1.2 table,https://www.citizen.org/wp-content/uploads/2026-0004QN-Ethiopia-Health-12.23.2025.pdf
Ethiopia,TB,TSR for all forms of TB,Process,2030,96.0,%,Percentage,Higher is better,TB,%; DHIS2,*Remark: the above indicators and targets may be subjected to revision following the HSDIP II target-setting exercise scheduled for the end of March 2026 and approval by the JHCSC.,p.3 — single marker on the '1.1 Outcome Metrics*' and '1.2 Process Metrics*' headings; note printed beneath the §1.2 table,https://www.citizen.org/wp-content/uploads/2026-0004QN-Ethiopia-Health-12.23.2025.pdf
Ethiopia,TB,TB treatment coverage,Process,Baseline,87.0,%,Percentage,Higher is better,TB,%; DHIS2,*Remark: the above indicators and targets may be subjected to revision following the HSDIP II target-setting exercise scheduled for the end of March 2026 and approval by the JHCSC.,p.3 — single marker on the '1.1 Outcome Metrics*' and '1.2 Process Metrics*' headings; note printed beneath the §1.2 table,https://www.citizen.org/wp-content/uploads/2026-0004QN-Ethiopia-Health-12.23.2025.pdf
Ethiopia,TB,TB treatment coverage,Process,2026,89.0,%,Percentage,Higher is better,TB,%; DHIS2,*Remark: the above indicators and targets may be subjected to revision following the HSDIP II target-setting exercise scheduled for the end of March 2026 and approval by the JHCSC.,p.3 — single marker on the '1.1 Outcome Metrics*' and '1.2 Process Metrics*' headings; note printed beneath the §1.2 table,https://www.citizen.org/wp-content/uploads/2026-0004QN-Ethiopia-Health-12.23.2025.pdf
Ethiopia,TB,TB treatment coverage,Process,2027,90.0,%,Percentage,Higher is better,TB,%; DHIS2,*Remark: the above indicators and targets may be subjected to revision following the HSDIP II target-setting exercise scheduled for the end of March 2026 and approval by the JHCSC.,p.3 — single marker on the '1.1 Outcome Metrics*' and '1.2 Process Metrics*' headings; note printed beneath the §1.2 table,https://www.citizen.org/wp-content/uploads/2026-0004QN-Ethiopia-Health-12.23.2025.pdf
Ethiopia,TB,TB treatment coverage,Process,2028,91.0,%,Percentage,Higher is better,TB,%; DHIS2,*Remark: the above indicators and targets may be subjected to revision following the HSDIP II target-setting exercise scheduled for the end of March 2026 and approval by the JHCSC.,p.3 — single marker on the '1.1 Outcome Metrics*' and '1.2 Process Metrics*' headings; note printed beneath the §1.2 table,https://www.citizen.org/wp-content/uploads/2026-0004QN-Ethiopia-Health-12.23.2025.pdf
Ethiopia,TB,TB treatment coverage,Process,2029,92.0,%,Percentage,Higher is better,TB,%; DHIS2,*Remark: the above indicators and targets may be subjected to revision following the HSDIP II target-setting exercise scheduled for the end of March 2026 and approval by the JHCSC.,p.3 — single marker on the '1.1 Outcome Metrics*' and '1.2 Process Metrics*' headings; note printed beneath the §1.2 table,https://www.citizen.org/wp-content/uploads/2026-0004QN-Ethiopia-Health-12.23.2025.pdf
Ethiopia,TB,TB treatment coverage,Process,2030,92.0,%,Percentage,Higher is better,TB,%; DHIS2,*Remark: the above indicators and targets may be subjected to revision following the HSDIP II target-setting exercise scheduled for the end of March 2026 and approval by the JHCSC.,p.3 — single marker on the '1.1 Outcome Metrics*' and '1.2 Process Metrics*' headings; note printed beneath the §1.2 table,https://www.citizen.org/wp-content/uploads/2026-0004QN-Ethiopia-Health-12.23.2025.pdf
Ethiopia,Immunisation (measles),Penta 3 coverage,Process,Baseline,73.0,%,Percentage,Higher is better,Immunization,%; WUENIC,*Remark: the above indicators and targets may be subjected to revision following the HSDIP II target-setting exercise scheduled for the end of March 2026 and approval by the JHCSC.,p.3 — single marker on the '1.1 Outcome Metrics*' and '1.2 Process Metrics*' headings; note printed beneath the §1.2 table,https://www.citizen.org/wp-content/uploads/2026-0004QN-Ethiopia-Health-12.23.2025.pdf
Ethiopia,Immunisation (measles),Penta 3 coverage,Process,2026,76.0,%,Percentage,Higher is better,Immunization,%; WUENIC,*Remark: the above indicators and targets may be subjected to revision following the HSDIP II target-setting exercise scheduled for the end of March 2026 and approval by the JHCSC.,p.3 — single marker on the '1.1 Outcome Metrics*' and '1.2 Process Metrics*' headings; note printed beneath the §1.2 table,https://www.citizen.org/wp-content/uploads/2026-0004QN-Ethiopia-Health-12.23.2025.pdf
Ethiopia,Immunisation (measles),Penta 3 coverage,Process,2027,79.0,%,Percentage,Higher is better,Immunization,%; WUENIC,*Remark: the above indicators and targets may be subjected to revision following the HSDIP II target-setting exercise scheduled for the end of March 2026 and approval by the JHCSC.,p.3 — single marker on the '1.1 Outcome Metrics*' and '1.2 Process Metrics*' headings; note printed beneath the §1.2 table,https://www.citizen.org/wp-content/uploads/2026-0004QN-Ethiopia-Health-12.23.2025.pdf
Ethiopia,Immunisation (measles),Penta 3 coverage,Process,2028,82.0,%,Percentage,Higher is better,Immunization,%; WUENIC,*Remark: the above indicators and targets may be subjected to revision following the HSDIP II target-setting exercise scheduled for the end of March 2026 and approval by the JHCSC.,p.3 — single marker on the '1.1 Outcome Metrics*' and '1.2 Process Metrics*' headings; note printed beneath the §1.2 table,https://www.citizen.org/wp-content/uploads/2026-0004QN-Ethiopia-Health-12.23.2025.pdf
Ethiopia,Immunisation (measles),Penta 3 coverage,Process,2029,85.0,%,Percentage,Higher is better,Immunization,%; WUENIC,*Remark: the above indicators and targets may be subjected to revision following the HSDIP II target-setting exercise scheduled for the end of March 2026 and approval by the JHCSC.,p.3 — single marker on the '1.1 Outcome Metrics*' and '1.2 Process Metrics*' headings; note printed beneath the §1.2 table,https://www.citizen.org/wp-content/uploads/2026-0004QN-Ethiopia-Health-12.23.2025.pdf
Ethiopia,Immunisation (measles),Penta 3 coverage,Process,2030,88.0,%,Percentage,Higher is better,Immunization,%; WUENIC,*Remark: the above indicators and targets may be subjected to revision following the HSDIP II target-setting exercise scheduled for the end of March 2026 and approval by the JHCSC.,p.3 — single marker on the '1.1 Outcome Metrics*' and '1.2 Process Metrics*' headings; note printed beneath the §1.2 table,https://www.citizen.org/wp-content/uploads/2026-0004QN-Ethiopia-Health-12.23.2025.pdf
Ethiopia,Immunisation (measles),MCV2 coverage,Process,Baseline,59.0,%,Percentage,Higher is better,Immunization,%; WUENIC,*Remark: the above indicators and targets may be subjected to revision following the HSDIP II target-setting exercise scheduled for the end of March 2026 and approval by the JHCSC.,p.3 — single marker on the '1.1 Outcome Metrics*' and '1.2 Process Metrics*' headings; note printed beneath the §1.2 table,https://www.citizen.org/wp-content/uploads/2026-0004QN-Ethiopia-Health-12.23.2025.pdf
Ethiopia,Immunisation (measles),MCV2 coverage,Process,2026,64.0,%,Percentage,Higher is better,Immunization,%; WUENIC,*Remark: the above indicators and targets may be subjected to revision following the HSDIP II target-setting exercise scheduled for the end of March 2026 and approval by the JHCSC.,p.3 — single marker on the '1.1 Outcome Metrics*' and '1.2 Process Metrics*' headings; note printed beneath the §1.2 table,https://www.citizen.org/wp-content/uploads/2026-0004QN-Ethiopia-Health-12.23.2025.pdf
Ethiopia,Immunisation (measles),MCV2 coverage,Process,2027,69.0,%,Percentage,Higher is better,Immunization,%; WUENIC,*Remark: the above indicators and targets may be subjected to revision following the HSDIP II target-setting exercise scheduled for the end of March 2026 and approval by the JHCSC.,p.3 — single marker on the '1.1 Outcome Metrics*' and '1.2 Process Metrics*' headings; note printed beneath the §1.2 table,https://www.citizen.org/wp-content/uploads/2026-0004QN-Ethiopia-Health-12.23.2025.pdf
Ethiopia,Immunisation (measles),MCV2 coverage,Process,2028,74.0,%,Percentage,Higher is better,Immunization,%; WUENIC,*Remark: the above indicators and targets may be subjected to revision following the HSDIP II target-setting exercise scheduled for the end of March 2026 and approval by the JHCSC.,p.3 — single marker on the '1.1 Outcome Metrics*' and '1.2 Process Metrics*' headings; note printed beneath the §1.2 table,https://www.citizen.org/wp-content/uploads/2026-0004QN-Ethiopia-Health-12.23.2025.pdf
Ethiopia,Immunisation (measles),MCV2 coverage,Process,2029,79.0,%,Percentage,Higher is better,Immunization,%; WUENIC,*Remark: the above indicators and targets may be subjected to revision following the HSDIP II target-setting exercise scheduled for the end of March 2026 and approval by the JHCSC.,p.3 — single marker on the '1.1 Outcome Metrics*' and '1.2 Process Metrics*' headings; note printed beneath the §1.2 table,https://www.citizen.org/wp-content/uploads/2026-0004QN-Ethiopia-Health-12.23.2025.pdf
Ethiopia,Immunisation (measles),MCV2 coverage,Process,2030,84.0,%,Percentage,Higher is better,Immunization,%; WUENIC,*Remark: the above indicators and targets may be subjected to revision following the HSDIP II target-setting exercise scheduled for the end of March 2026 and approval by the JHCSC.,p.3 — single marker on the '1.1 Outcome Metrics*' and '1.2 Process Metrics*' headings; note printed beneath the §1.2 table,https://www.citizen.org/wp-content/uploads/2026-0004QN-Ethiopia-Health-12.23.2025.pdf
Ethiopia,MCH,ANC4+ coverage,Process,Baseline,86.0,%,Percentage,Higher is better,MCH,%; DHIS2,*Remark: the above indicators and targets may be subjected to revision following the HSDIP II target-setting exercise scheduled for the end of March 2026 and approval by the JHCSC.,p.3 — single marker on the '1.1 Outcome Metrics*' and '1.2 Process Metrics*' headings; note printed beneath the §1.2 table,https://www.citizen.org/wp-content/uploads/2026-0004QN-Ethiopia-Health-12.23.2025.pdf
Ethiopia,MCH,ANC4+ coverage,Process,2026,88.0,%,Percentage,Higher is better,MCH,%; DHIS2,*Remark: the above indicators and targets may be subjected to revision following the HSDIP II target-setting exercise scheduled for the end of March 2026 and approval by the JHCSC.,p.3 — single marker on the '1.1 Outcome Metrics*' and '1.2 Process Metrics*' headings; note printed beneath the §1.2 table,https://www.citizen.org/wp-content/uploads/2026-0004QN-Ethiopia-Health-12.23.2025.pdf
Ethiopia,MCH,ANC4+ coverage,Process,2027,89.0,%,Percentage,Higher is better,MCH,%; DHIS2,*Remark: the above indicators and targets may be subjected to revision following the HSDIP II target-setting exercise scheduled for the end of March 2026 and approval by the JHCSC.,p.3 — single marker on the '1.1 Outcome Metrics*' and '1.2 Process Metrics*' headings; note printed beneath the §1.2 table,https://www.citizen.org/wp-content/uploads/2026-0004QN-Ethiopia-Health-12.23.2025.pdf
Ethiopia,MCH,ANC4+ coverage,Process,2028,90.0,%,Percentage,Higher is better,MCH,%; DHIS2,*Remark: the above indicators and targets may be subjected to revision following the HSDIP II target-setting exercise scheduled for the end of March 2026 and approval by the JHCSC.,p.3 — single marker on the '1.1 Outcome Metrics*' and '1.2 Process Metrics*' headings; note printed beneath the §1.2 table,https://www.citizen.org/wp-content/uploads/2026-0004QN-Ethiopia-Health-12.23.2025.pdf
Ethiopia,MCH,ANC4+ coverage,Process,2029,91.0,%,Percentage,Higher is better,MCH,%; DHIS2,*Remark: the above indicators and targets may be subjected to revision following the HSDIP II target-setting exercise scheduled for the end of March 2026 and approval by the JHCSC.,p.3 — single marker on the '1.1 Outcome Metrics*' and '1.2 Process Metrics*' headings; note printed beneath the §1.2 table,https://www.citizen.org/wp-content/uploads/2026-0004QN-Ethiopia-Health-12.23.2025.pdf
Ethiopia,MCH,ANC4+ coverage,Process,2030,92.0,%,Percentage,Higher is better,MCH,%; DHIS2,*Remark: the above indicators and targets may be subjected to revision following the HSDIP II target-setting exercise scheduled for the end of March 2026 and approval by the JHCSC.,p.3 — single marker on the '1.1 Outcome Metrics*' and '1.2 Process Metrics*' headings; note printed beneath the §1.2 table,https://www.citizen.org/wp-content/uploads/2026-0004QN-Ethiopia-Health-12.23.2025.pdf
Ethiopia,MCH,Early initiation of ANC,Process,Baseline,33.0,%,Percentage,Higher is better,MCH,%; DHIS2,*Remark: the above indicators and targets may be subjected to revision following the HSDIP II target-setting exercise scheduled for the end of March 2026 and approval by the JHCSC.,p.3 — single marker on the '1.1 Outcome Metrics*' and '1.2 Process Metrics*' headings; note printed beneath the §1.2 table,https://www.citizen.org/wp-content/uploads/2026-0004QN-Ethiopia-Health-12.23.2025.pdf
Ethiopia,MCH,Early initiation of ANC,Process,2026,35.0,%,Percentage,Higher is better,MCH,%; DHIS2,*Remark: the above indicators and targets may be subjected to revision following the HSDIP II target-setting exercise scheduled for the end of March 2026 and approval by the JHCSC.,p.3 — single marker on the '1.1 Outcome Metrics*' and '1.2 Process Metrics*' headings; note printed beneath the §1.2 table,https://www.citizen.org/wp-content/uploads/2026-0004QN-Ethiopia-Health-12.23.2025.pdf
Ethiopia,MCH,Early initiation of ANC,Process,2027,37.0,%,Percentage,Higher is better,MCH,%; DHIS2,*Remark: the above indicators and targets may be subjected to revision following the HSDIP II target-setting exercise scheduled for the end of March 2026 and approval by the JHCSC.,p.3 — single marker on the '1.1 Outcome Metrics*' and '1.2 Process Metrics*' headings; note printed beneath the §1.2 table,https://www.citizen.org/wp-content/uploads/2026-0004QN-Ethiopia-Health-12.23.2025.pdf
Ethiopia,MCH,Early initiation of ANC,Process,2028,39.0,%,Percentage,Higher is better,MCH,%; DHIS2,*Remark: the above indicators and targets may be subjected to revision following the HSDIP II target-setting exercise scheduled for the end of March 2026 and approval by the JHCSC.,p.3 — single marker on the '1.1 Outcome Metrics*' and '1.2 Process Metrics*' headings; note printed beneath the §1.2 table,https://www.citizen.org/wp-content/uploads/2026-0004QN-Ethiopia-Health-12.23.2025.pdf
Ethiopia,MCH,Early initiation of ANC,Process,2029,41.0,%,Percentage,Higher is better,MCH,%; DHIS2,*Remark: the above indicators and targets may be subjected to revision following the HSDIP II target-setting exercise scheduled for the end of March 2026 and approval by the JHCSC.,p.3 — single marker on the '1.1 Outcome Metrics*' and '1.2 Process Metrics*' headings; note printed beneath the §1.2 table,https://www.citizen.org/wp-content/uploads/2026-0004QN-Ethiopia-Health-12.23.2025.pdf
Ethiopia,MCH,Early initiation of ANC,Process,2030,43.0,%,Percentage,Higher is better,MCH,%; DHIS2,*Remark: the above indicators and targets may be subjected to revision following the HSDIP II target-setting exercise scheduled for the end of March 2026 and approval by the JHCSC.,p.3 — single marker on the '1.1 Outcome Metrics*' and '1.2 Process Metrics*' headings; note printed beneath the §1.2 table,https://www.citizen.org/wp-content/uploads/2026-0004QN-Ethiopia-Health-12.23.2025.pdf
Ethiopia,Data systems & quality,% facilities implementing full EMR,Process,Baseline,0.0,%,Percentage,Higher is better,Data systems,%; Admin,*Remark: the above indicators and targets may be subjected to revision following the HSDIP II target-setting exercise scheduled for the end of March 2026 and approval by the JHCSC.,p.3 — single marker on the '1.1 Outcome Metrics*' and '1.2 Process Metrics*' headings; note printed beneath the §1.2 table,https://www.citizen.org/wp-content/uploads/2026-0004QN-Ethiopia-Health-12.23.2025.pdf
Ethiopia,Data systems & quality,% facilities implementing full EMR,Process,2026,0.0,%,Percentage,Higher is better,Data systems,%; Admin,*Remark: the above indicators and targets may be subjected to revision following the HSDIP II target-setting exercise scheduled for the end of March 2026 and approval by the JHCSC.,p.3 — single marker on the '1.1 Outcome Metrics*' and '1.2 Process Metrics*' headings; note printed beneath the §1.2 table,https://www.citizen.org/wp-content/uploads/2026-0004QN-Ethiopia-Health-12.23.2025.pdf
Ethiopia,Data systems & quality,% facilities implementing full EMR,Process,2027,1.0,%,Percentage,Higher is better,Data systems,%; Admin,*Remark: the above indicators and targets may be subjected to revision following the HSDIP II target-setting exercise scheduled for the end of March 2026 and approval by the JHCSC.,p.3 — single marker on the '1.1 Outcome Metrics*' and '1.2 Process Metrics*' headings; note printed beneath the §1.2 table,https://www.citizen.org/wp-content/uploads/2026-0004QN-Ethiopia-Health-12.23.2025.pdf
Ethiopia,Data systems & quality,% facilities implementing full EMR,Process,2028,4.0,%,Percentage,Higher is better,Data systems,%; Admin,*Remark: the above indicators and targets may be subjected to revision following the HSDIP II target-setting exercise scheduled for the end of March 2026 and approval by the JHCSC.,p.3 — single marker on the '1.1 Outcome Metrics*' and '1.2 Process Metrics*' headings; note printed beneath the §1.2 table,https://www.citizen.org/wp-content/uploads/2026-0004QN-Ethiopia-Health-12.23.2025.pdf
Ethiopia,Data systems & quality,% facilities implementing full EMR,Process,2029,7.0,%,Percentage,Higher is better,Data systems,%; Admin,*Remark: the above indicators and targets may be subjected to revision following the HSDIP II target-setting exercise scheduled for the end of March 2026 and approval by the JHCSC.,p.3 — single marker on the '1.1 Outcome Metrics*' and '1.2 Process Metrics*' headings; note printed beneath the §1.2 table,https://www.citizen.org/wp-content/uploads/2026-0004QN-Ethiopia-Health-12.23.2025.pdf
Ethiopia,Data systems & quality,% facilities implementing full EMR,Process,2030,10.0,%,Percentage,Higher is better,Data systems,%; Admin,*Remark: the above indicators and targets may be subjected to revision following the HSDIP II target-setting exercise scheduled for the end of March 2026 and approval by the JHCSC.,p.3 — single marker on the '1.1 Outcome Metrics*' and '1.2 Process Metrics*' headings; note printed beneath the §1.2 table,https://www.citizen.org/wp-content/uploads/2026-0004QN-Ethiopia-Health-12.23.2025.pdf
Ethiopia,Health financing,% Government share of Total Health Expenditure,Process,Baseline,32.2,%,Percentage,Higher is better,Health financing,%; NHA,*Remark: the above indicators and targets may be subjected to revision following the HSDIP II target-setting exercise scheduled for the end of March 2026 and approval by the JHCSC.,p.3 — single marker on the '1.1 Outcome Metrics*' and '1.2 Process Metrics*' headings; note printed beneath the §1.2 table,https://www.citizen.org/wp-content/uploads/2026-0004QN-Ethiopia-Health-12.23.2025.pdf
Ethiopia,Health financing,% Government share of Total Health Expenditure,Process,2026,34.0,%,Percentage,Higher is better,Health financing,%; NHA,*Remark: the above indicators and targets may be subjected to revision following the HSDIP II target-setting exercise scheduled for the end of March 2026 and approval by the JHCSC.,p.3 — single marker on the '1.1 Outcome Metrics*' and '1.2 Process Metrics*' headings; note printed beneath the §1.2 table,https://www.citizen.org/wp-content/uploads/2026-0004QN-Ethiopia-Health-12.23.2025.pdf
Ethiopia,Health financing,% Government share of Total Health Expenditure,Process,2027,35.0,%,Percentage,Higher is better,Health financing,%; NHA,*Remark: the above indicators and targets may be subjected to revision following the HSDIP II target-setting exercise scheduled for the end of March 2026 and approval by the JHCSC.,p.3 — single marker on the '1.1 Outcome Metrics*' and '1.2 Process Metrics*' headings; note printed beneath the §1.2 table,https://www.citizen.org/wp-content/uploads/2026-0004QN-Ethiopia-Health-12.23.2025.pdf
Ethiopia,Health financing,% Government share of Total Health Expenditure,Process,2028,37.0,%,Percentage,Higher is better,Health financing,%; NHA,*Remark: the above indicators and targets may be subjected to revision following the HSDIP II target-setting exercise scheduled for the end of March 2026 and approval by the JHCSC.,p.3 — single marker on the '1.1 Outcome Metrics*' and '1.2 Process Metrics*' headings; note printed beneath the §1.2 table,https://www.citizen.org/wp-content/uploads/2026-0004QN-Ethiopia-Health-12.23.2025.pdf
Ethiopia,Health financing,% Government share of Total Health Expenditure,Process,2029,38.0,%,Percentage,Higher is better,Health financing,%; NHA,*Remark: the above indicators and targets may be subjected to revision following the HSDIP II target-setting exercise scheduled for the end of March 2026 and approval by the JHCSC.,p.3 — single marker on the '1.1 Outcome Metrics*' and '1.2 Process Metrics*' headings; note printed beneath the §1.2 table,https://www.citizen.org/wp-content/uploads/2026-0004QN-Ethiopia-Health-12.23.2025.pdf
Ethiopia,Health financing,% Government share of Total Health Expenditure,Process,2030,39.0,%,Percentage,Higher is better,Health financing,%; NHA,*Remark: the above indicators and targets may be subjected to revision following the HSDIP II target-setting exercise scheduled for the end of March 2026 and approval by the JHCSC.,p.3 — single marker on the '1.1 Outcome Metrics*' and '1.2 Process Metrics*' headings; note printed beneath the §1.2 table,https://www.citizen.org/wp-content/uploads/2026-0004QN-Ethiopia-Health-12.23.2025.pdf
Ethiopia,Supply chain,EPSS procurement lead time,Process,Baseline,201.0,days,Days,Lower is better,Supply chain,days; EPSS,*Remark: the above indicators and targets may be subjected to revision following the HSDIP II target-setting exercise scheduled for the end of March 2026 and approval by the JHCSC.,p.3 — single marker on the '1.1 Outcome Metrics*' and '1.2 Process Metrics*' headings; note printed beneath the §1.2 table,https://www.citizen.org/wp-content/uploads/2026-0004QN-Ethiopia-Health-12.23.2025.pdf
Ethiopia,Supply chain,EPSS procurement lead time,Process,2026,170.0,days,Days,Lower is better,Supply chain,days; EPSS,*Remark: the above indicators and targets may be subjected to revision following the HSDIP II target-setting exercise scheduled for the end of March 2026 and approval by the JHCSC.,p.3 — single marker on the '1.1 Outcome Metrics*' and '1.2 Process Metrics*' headings; note printed beneath the §1.2 table,https://www.citizen.org/wp-content/uploads/2026-0004QN-Ethiopia-Health-12.23.2025.pdf
Ethiopia,Supply chain,EPSS procurement lead time,Process,2027,160.0,days,Days,Lower is better,Supply chain,days; EPSS,*Remark: the above indicators and targets may be subjected to revision following the HSDIP II target-setting exercise scheduled for the end of March 2026 and approval by the JHCSC.,p.3 — single marker on the '1.1 Outcome Metrics*' and '1.2 Process Metrics*' headings; note printed beneath the §1.2 table,https://www.citizen.org/wp-content/uploads/2026-0004QN-Ethiopia-Health-12.23.2025.pdf
Ethiopia,Supply chain,EPSS procurement lead time,Process,2028,148.0,days,Days,Lower is better,Supply chain,days; EPSS,*Remark: the above indicators and targets may be subjected to revision following the HSDIP II target-setting exercise scheduled for the end of March 2026 and approval by the JHCSC.,p.3 — single marker on the '1.1 Outcome Metrics*' and '1.2 Process Metrics*' headings; note printed beneath the §1.2 table,https://www.citizen.org/wp-content/uploads/2026-0004QN-Ethiopia-Health-12.23.2025.pdf
Ethiopia,Supply chain,EPSS procurement lead time,Process,2029,136.0,days,Days,Lower is better,Supply chain,days; EPSS,*Remark: the above indicators and targets may be subjected to revision following the HSDIP II target-setting exercise scheduled for the end of March 2026 and approval by the JHCSC.,p.3 — single marker on the '1.1 Outcome Metrics*' and '1.2 Process Metrics*' headings; note printed beneath the §1.2 table,https://www.citizen.org/wp-content/uploads/2026-0004QN-Ethiopia-Health-12.23.2025.pdf
Ethiopia,Supply chain,EPSS procurement lead time,Process,2030,120.0,days,Days,Lower is better,Supply chain,days; EPSS,*Remark: the above indicators and targets may be subjected to revision following the HSDIP II target-setting exercise scheduled for the end of March 2026 and approval by the JHCSC.,p.3 — single marker on the '1.1 Outcome Metrics*' and '1.2 Process Metrics*' headings; note printed beneath the §1.2 table,https://www.citizen.org/wp-content/uploads/2026-0004QN-Ethiopia-Health-12.23.2025.pdf
Ethiopia,Supply chain,Health commodities forecast accuracy,Process,Baseline,60.0,%,Percentage,Higher is better,Supply chain,%; EPSS,*Remark: the above indicators and targets may be subjected to revision following the HSDIP II target-setting exercise scheduled for the end of March 2026 and approval by the JHCSC.,p.3 — single marker on the '1.1 Outcome Metrics*' and '1.2 Process Metrics*' headings; note printed beneath the §1.2 table,https://www.citizen.org/wp-content/uploads/2026-0004QN-Ethiopia-Health-12.23.2025.pdf
Ethiopia,Supply chain,Health commodities forecast accuracy,Process,2026,65.0,%,Percentage,Higher is better,Supply chain,%; EPSS,*Remark: the above indicators and targets may be subjected to revision following the HSDIP II target-setting exercise scheduled for the end of March 2026 and approval by the JHCSC.,p.3 — single marker on the '1.1 Outcome Metrics*' and '1.2 Process Metrics*' headings; note printed beneath the §1.2 table,https://www.citizen.org/wp-content/uploads/2026-0004QN-Ethiopia-Health-12.23.2025.pdf
Ethiopia,Supply chain,Health commodities forecast accuracy,Process,2027,70.0,%,Percentage,Higher is better,Supply chain,%; EPSS,*Remark: the above indicators and targets may be subjected to revision following the HSDIP II target-setting exercise scheduled for the end of March 2026 and approval by the JHCSC.,p.3 — single marker on the '1.1 Outcome Metrics*' and '1.2 Process Metrics*' headings; note printed beneath the §1.2 table,https://www.citizen.org/wp-content/uploads/2026-0004QN-Ethiopia-Health-12.23.2025.pdf
Ethiopia,Supply chain,Health commodities forecast accuracy,Process,2028,75.0,%,Percentage,Higher is better,Supply chain,%; EPSS,*Remark: the above indicators and targets may be subjected to revision following the HSDIP II target-setting exercise scheduled for the end of March 2026 and approval by the JHCSC.,p.3 — single marker on the '1.1 Outcome Metrics*' and '1.2 Process Metrics*' headings; note printed beneath the §1.2 table,https://www.citizen.org/wp-content/uploads/2026-0004QN-Ethiopia-Health-12.23.2025.pdf
Ethiopia,Supply chain,Health commodities forecast accuracy,Process,2029,80.0,%,Percentage,Higher is better,Supply chain,%; EPSS,*Remark: the above indicators and targets may be subjected to revision following the HSDIP II target-setting exercise scheduled for the end of March 2026 and approval by the JHCSC.,p.3 — single marker on the '1.1 Outcome Metrics*' and '1.2 Process Metrics*' headings; note printed beneath the §1.2 table,https://www.citizen.org/wp-content/uploads/2026-0004QN-Ethiopia-Health-12.23.2025.pdf
Ethiopia,Supply chain,Health commodities forecast accuracy,Process,2030,85.0,%,Percentage,Higher is better,Supply chain,%; EPSS,*Remark: the above indicators and targets may be subjected to revision following the HSDIP II target-setting exercise scheduled for the end of March 2026 and approval by the JHCSC.,p.3 — single marker on the '1.1 Outcome Metrics*' and '1.2 Process Metrics*' headings; note printed beneath the §1.2 table,https://www.citizen.org/wp-content/uploads/2026-0004QN-Ethiopia-Health-12.23.2025.pdf
Ethiopia,GHS / outbreak response,Detect outbreaks within 7 days of emergence,Outbreak response (7-1-7),2026,7.0,days,Days,Lower is better,GHS,days; narrative (Sec 1.3),,,https://www.citizen.org/wp-content/uploads/2026-0004QN-Ethiopia-Health-12.23.2025.pdf
Ethiopia,GHS / outbreak response,Detect outbreaks within 7 days of emergence,Outbreak response (7-1-7),2027,7.0,days,Days,Lower is better,GHS,days; narrative (Sec 1.3),,,https://www.citizen.org/wp-content/uploads/2026-0004QN-Ethiopia-Health-12.23.2025.pdf
Ethiopia,GHS / outbreak response,Detect outbreaks within 7 days of emergence,Outbreak response (7-1-7),2028,7.0,days,Days,Lower is better,GHS,days; narrative (Sec 1.3),,,https://www.citizen.org/wp-content/uploads/2026-0004QN-Ethiopia-Health-12.23.2025.pdf
Ethiopia,GHS / outbreak response,Detect outbreaks within 7 days of emergence,Outbreak response (7-1-7),2029,7.0,days,Days,Lower is better,GHS,days; narrative (Sec 1.3),,,https://www.citizen.org/wp-content/uploads/2026-0004QN-Ethiopia-Health-12.23.2025.pdf
Ethiopia,GHS / outbreak response,Detect outbreaks within 7 days of emergence,Outbreak response (7-1-7),2030,7.0,days,Days,Lower is better,GHS,days; narrative (Sec 1.3),,,https://www.citizen.org/wp-content/uploads/2026-0004QN-Ethiopia-Health-12.23.2025.pdf
Ethiopia,GHS / outbreak response,Notify authorities & USG within 1 day of detection,Outbreak response (7-1-7),2026,1.0,days,Days,Lower is better,GHS,days; narrative,,,https://www.citizen.org/wp-content/uploads/2026-0004QN-Ethiopia-Health-12.23.2025.pdf
Ethiopia,GHS / outbreak response,Notify authorities & USG within 1 day of detection,Outbreak response (7-1-7),2027,1.0,days,Days,Lower is better,GHS,days; narrative,,,https://www.citizen.org/wp-content/uploads/2026-0004QN-Ethiopia-Health-12.23.2025.pdf
Ethiopia,GHS / outbreak response,Notify authorities & USG within 1 day of detection,Outbreak response (7-1-7),2028,1.0,days,Days,Lower is better,GHS,days; narrative,,,https://www.citizen.org/wp-content/uploads/2026-0004QN-Ethiopia-Health-12.23.2025.pdf
Ethiopia,GHS / outbreak response,Notify authorities & USG within 1 day of detection,Outbreak response (7-1-7),2029,1.0,days,Days,Lower is better,GHS,days; narrative,,,https://www.citizen.org/wp-content/uploads/2026-0004QN-Ethiopia-Health-12.23.2025.pdf
Ethiopia,GHS / outbreak response,Notify authorities & USG within 1 day of detection,Outbreak response (7-1-7),2030,1.0,days,Days,Lower is better,GHS,days; narrative,,,https://www.citizen.org/wp-content/uploads/2026-0004QN-Ethiopia-Health-12.23.2025.pdf
Ethiopia,GHS / outbreak response,Complete initial response within 7 days,Outbreak response (7-1-7),2026,7.0,days,Days,Lower is better,GHS,days; narrative,,,https://www.citizen.org/wp-content/uploads/2026-0004QN-Ethiopia-Health-12.23.2025.pdf
Ethiopia,GHS / outbreak response,Complete initial response within 7 days,Outbreak response (7-1-7),2027,7.0,days,Days,Lower is better,GHS,days; narrative,,,https://www.citizen.org/wp-content/uploads/2026-0004QN-Ethiopia-Health-12.23.2025.pdf
Ethiopia,GHS / outbreak response,Complete initial response within 7 days,Outbreak response (7-1-7),2028,7.0,days,Days,Lower is better,GHS,days; narrative,,,https://www.citizen.org/wp-content/uploads/2026-0004QN-Ethiopia-Health-12.23.2025.pdf
Ethiopia,GHS / outbreak response,Complete initial response within 7 days,Outbreak response (7-1-7),2029,7.0,days,Days,Lower is better,GHS,days; narrative,,,https://www.citizen.org/wp-content/uploads/2026-0004QN-Ethiopia-Health-12.23.2025.pdf
Ethiopia,GHS / outbreak response,Complete initial response within 7 days,Outbreak response (7-1-7),2030,7.0,days,Days,Lower is better,GHS,days; narrative,,,https://www.citizen.org/wp-content/uploads/2026-0004QN-Ethiopia-Health-12.23.2025.pdf
Rwanda,HIV/AIDS,% of PLHIV on ART who are virally suppressed,Outcome,Baseline,93.2,%,Percentage,Higher is better,HIV/AIDS,%; 2024 baseline,,,https://www.citizen.org/wp-content/uploads/Rwanda_Us_Afghs_Mou.pdf
Rwanda,HIV/AIDS,% of PLHIV on ART who are virally suppressed,Outcome,2026,95.5,%,Percentage,Higher is better,HIV/AIDS,%; 2024 baseline,,,https://www.citizen.org/wp-content/uploads/Rwanda_Us_Afghs_Mou.pdf
Rwanda,HIV/AIDS,% of PLHIV on ART who are virally suppressed,Outcome,2027,95.6,%,Percentage,Higher is better,HIV/AIDS,%; 2024 baseline,,,https://www.citizen.org/wp-content/uploads/Rwanda_Us_Afghs_Mou.pdf
Rwanda,HIV/AIDS,% of PLHIV on ART who are virally suppressed,Outcome,2028,95.7,%,Percentage,Higher is better,HIV/AIDS,%; 2024 baseline,,,https://www.citizen.org/wp-content/uploads/Rwanda_Us_Afghs_Mou.pdf
Rwanda,HIV/AIDS,% of PLHIV on ART who are virally suppressed,Outcome,2029,95.7,%,Percentage,Higher is better,HIV/AIDS,%; 2024 baseline,,,https://www.citizen.org/wp-content/uploads/Rwanda_Us_Afghs_Mou.pdf
Rwanda,HIV/AIDS,% of PLHIV on ART who are virally suppressed,Outcome,2030,95.7,%,Percentage,Higher is better,HIV/AIDS,%; 2024 baseline,,,https://www.citizen.org/wp-content/uploads/Rwanda_Us_Afghs_Mou.pdf
Rwanda,Malaria,# Malaria Deaths in Children Under 5,Outcome,Baseline,16.0,count,Absolute number,Lower is better,Malaria,count,,,https://www.citizen.org/wp-content/uploads/Rwanda_Us_Afghs_Mou.pdf
Rwanda,Malaria,# Malaria Deaths in Children Under 5,Outcome,2026,14.0,count,Absolute number,Lower is better,Malaria,count,,,https://www.citizen.org/wp-content/uploads/Rwanda_Us_Afghs_Mou.pdf
Rwanda,Malaria,# Malaria Deaths in Children Under 5,Outcome,2027,13.0,count,Absolute number,Lower is better,Malaria,count,,,https://www.citizen.org/wp-content/uploads/Rwanda_Us_Afghs_Mou.pdf
Rwanda,Malaria,# Malaria Deaths in Children Under 5,Outcome,2028,11.0,count,Absolute number,Lower is better,Malaria,count,,,https://www.citizen.org/wp-content/uploads/Rwanda_Us_Afghs_Mou.pdf
Rwanda,Malaria,# Malaria Deaths in Children Under 5,Outcome,2029,10.0,count,Absolute number,Lower is better,Malaria,count,,,https://www.citizen.org/wp-content/uploads/Rwanda_Us_Afghs_Mou.pdf
Rwanda,Malaria,# Malaria Deaths in Children Under 5,Outcome,2030,9.0,count,Absolute number,Lower is better,Malaria,count,,,https://www.citizen.org/wp-content/uploads/Rwanda_Us_Afghs_Mou.pdf
Rwanda,TB,# TB Deaths,Outcome,Baseline,348.0,count,Absolute number,Lower is better,TB,count; targets exceed baseline (verified as printed),,,https://www.citizen.org/wp-content/uploads/Rwanda_Us_Afghs_Mou.pdf
Rwanda,TB,# TB Deaths,Outcome,2026,403.0,count,Absolute number,Lower is better,TB,count; targets exceed baseline (verified as printed),,,https://www.citizen.org/wp-content/uploads/Rwanda_Us_Afghs_Mou.pdf
Rwanda,TB,# TB Deaths,Outcome,2027,402.0,count,Absolute number,Lower is better,TB,count; targets exceed baseline (verified as printed),,,https://www.citizen.org/wp-content/uploads/Rwanda_Us_Afghs_Mou.pdf
Rwanda,TB,# TB Deaths,Outcome,2028,393.0,count,Absolute number,Lower is better,TB,count; targets exceed baseline (verified as printed),,,https://www.citizen.org/wp-content/uploads/Rwanda_Us_Afghs_Mou.pdf
Rwanda,TB,# TB Deaths,Outcome,2029,384.0,count,Absolute number,Lower is better,TB,count; targets exceed baseline (verified as printed),,,https://www.citizen.org/wp-content/uploads/Rwanda_Us_Afghs_Mou.pdf
Rwanda,TB,# TB Deaths,Outcome,2030,382.0,count,Absolute number,Lower is better,TB,count; targets exceed baseline (verified as printed),,,https://www.citizen.org/wp-content/uploads/Rwanda_Us_Afghs_Mou.pdf
Rwanda,Polio,"# Polio Cases (WPV, cVDPV)",Outcome,Baseline,0.0,count,Absolute number,Lower is better,Polio,count,,,https://www.citizen.org/wp-content/uploads/Rwanda_Us_Afghs_Mou.pdf
Rwanda,Polio,"# Polio Cases (WPV, cVDPV)",Outcome,2026,0.0,count,Absolute number,Lower is better,Polio,count,,,https://www.citizen.org/wp-content/uploads/Rwanda_Us_Afghs_Mou.pdf
Rwanda,Polio,"# Polio Cases (WPV, cVDPV)",Outcome,2027,0.0,count,Absolute number,Lower is better,Polio,count,,,https://www.citizen.org/wp-content/uploads/Rwanda_Us_Afghs_Mou.pdf
Rwanda,Polio,"# Polio Cases (WPV, cVDPV)",Outcome,2028,0.0,count,Absolute number,Lower is better,Polio,count,,,https://www.citizen.org/wp-content/uploads/Rwanda_Us_Afghs_Mou.pdf
Rwanda,Polio,"# Polio Cases (WPV, cVDPV)",Outcome,2029,0.0,count,Absolute number,Lower is better,Polio,count,,,https://www.citizen.org/wp-content/uploads/Rwanda_Us_Afghs_Mou.pdf
Rwanda,Polio,"# Polio Cases (WPV, cVDPV)",Outcome,2030,0.0,count,Absolute number,Lower is better,Polio,count,,,https://www.citizen.org/wp-content/uploads/Rwanda_Us_Afghs_Mou.pdf
Rwanda,Immunisation (measles),# Measles Cases,Outcome,Baseline,43.0,count,Absolute number,Lower is better,Measles,count,,,https://www.citizen.org/wp-content/uploads/Rwanda_Us_Afghs_Mou.pdf
Rwanda,Immunisation (measles),# Measles Cases,Outcome,2026,0.0,count,Absolute number,Lower is better,Measles,count,,,https://www.citizen.org/wp-content/uploads/Rwanda_Us_Afghs_Mou.pdf
Rwanda,Immunisation (measles),# Measles Cases,Outcome,2027,0.0,count,Absolute number,Lower is better,Measles,count,,,https://www.citizen.org/wp-content/uploads/Rwanda_Us_Afghs_Mou.pdf
Rwanda,Immunisation (measles),# Measles Cases,Outcome,2028,0.0,count,Absolute number,Lower is better,Measles,count,,,https://www.citizen.org/wp-content/uploads/Rwanda_Us_Afghs_Mou.pdf
Rwanda,Immunisation (measles),# Measles Cases,Outcome,2029,0.0,count,Absolute number,Lower is better,Measles,count,,,https://www.citizen.org/wp-content/uploads/Rwanda_Us_Afghs_Mou.pdf
Rwanda,Immunisation (measles),# Measles Cases,Outcome,2030,0.0,count,Absolute number,Lower is better,Measles,count,,,https://www.citizen.org/wp-content/uploads/Rwanda_Us_Afghs_Mou.pdf
Rwanda,MCH,Maternal Mortality Rate,Outcome,Baseline,229.0,"per 100,000 live births",Rate,Lower is better,MCH,"per 100,000 live births",,,https://www.citizen.org/wp-content/uploads/Rwanda_Us_Afghs_Mou.pdf
Rwanda,MCH,Maternal Mortality Rate,Outcome,2026,218.0,"per 100,000 live births",Rate,Lower is better,MCH,"per 100,000 live births",,,https://www.citizen.org/wp-content/uploads/Rwanda_Us_Afghs_Mou.pdf
Rwanda,MCH,Maternal Mortality Rate,Outcome,2027,207.0,"per 100,000 live births",Rate,Lower is better,MCH,"per 100,000 live births",,,https://www.citizen.org/wp-content/uploads/Rwanda_Us_Afghs_Mou.pdf
Rwanda,MCH,Maternal Mortality Rate,Outcome,2028,196.0,"per 100,000 live births",Rate,Lower is better,MCH,"per 100,000 live births",,,https://www.citizen.org/wp-content/uploads/Rwanda_Us_Afghs_Mou.pdf
Rwanda,MCH,Maternal Mortality Rate,Outcome,2029,187.0,"per 100,000 live births",Rate,Lower is better,MCH,"per 100,000 live births",,,https://www.citizen.org/wp-content/uploads/Rwanda_Us_Afghs_Mou.pdf
Rwanda,MCH,Maternal Mortality Rate,Outcome,2030,178.0,"per 100,000 live births",Rate,Lower is better,MCH,"per 100,000 live births",,,https://www.citizen.org/wp-content/uploads/Rwanda_Us_Afghs_Mou.pdf
Rwanda,MCH,Under-5 Mortality Rate,Outcome,Baseline,40.0,"per 1,000 live births",Rate,Lower is better,MCH,"per 1,000 live births",,,https://www.citizen.org/wp-content/uploads/Rwanda_Us_Afghs_Mou.pdf
Rwanda,MCH,Under-5 Mortality Rate,Outcome,2026,38.0,"per 1,000 live births",Rate,Lower is better,MCH,"per 1,000 live births",,,https://www.citizen.org/wp-content/uploads/Rwanda_Us_Afghs_Mou.pdf
Rwanda,MCH,Under-5 Mortality Rate,Outcome,2027,36.0,"per 1,000 live births",Rate,Lower is better,MCH,"per 1,000 live births",,,https://www.citizen.org/wp-content/uploads/Rwanda_Us_Afghs_Mou.pdf
Rwanda,MCH,Under-5 Mortality Rate,Outcome,2028,36.0,"per 1,000 live births",Rate,Lower is better,MCH,"per 1,000 live births",,,https://www.citizen.org/wp-content/uploads/Rwanda_Us_Afghs_Mou.pdf
Rwanda,MCH,Under-5 Mortality Rate,Outcome,2029,34.0,"per 1,000 live births",Rate,Lower is better,MCH,"per 1,000 live births",,,https://www.citizen.org/wp-content/uploads/Rwanda_Us_Afghs_Mou.pdf
Rwanda,MCH,Under-5 Mortality Rate,Outcome,2030,32.0,"per 1,000 live births",Rate,Lower is better,MCH,"per 1,000 live births",,,https://www.citizen.org/wp-content/uploads/Rwanda_Us_Afghs_Mou.pdf
Rwanda,HIV/AIDS,# people on ART,Process,Baseline,226039.0,count,Absolute number,Higher is better,HIV/AIDS,count; net decline,,,https://www.citizen.org/wp-content/uploads/Rwanda_Us_Afghs_Mou.pdf
Rwanda,HIV/AIDS,# people on ART,Process,2026,227389.0,count,Absolute number,Higher is better,HIV/AIDS,count; net decline,,,https://www.citizen.org/wp-content/uploads/Rwanda_Us_Afghs_Mou.pdf
Rwanda,HIV/AIDS,# people on ART,Process,2027,225801.0,count,Absolute number,Higher is better,HIV/AIDS,count; net decline,,,https://www.citizen.org/wp-content/uploads/Rwanda_Us_Afghs_Mou.pdf
Rwanda,HIV/AIDS,# people on ART,Process,2028,223995.0,count,Absolute number,Higher is better,HIV/AIDS,count; net decline,,,https://www.citizen.org/wp-content/uploads/Rwanda_Us_Afghs_Mou.pdf
Rwanda,HIV/AIDS,# people on ART,Process,2029,221944.0,count,Absolute number,Higher is better,HIV/AIDS,count; net decline,,,https://www.citizen.org/wp-content/uploads/Rwanda_Us_Afghs_Mou.pdf
Rwanda,HIV/AIDS,# people on ART,Process,2030,219794.0,count,Absolute number,Higher is better,HIV/AIDS,count; net decline,,,https://www.citizen.org/wp-content/uploads/Rwanda_Us_Afghs_Mou.pdf
Rwanda,HIV/AIDS,# new HIV diagnoses among infants (0-18mo),Process,Baseline,335.0,count,Absolute number,Lower is better,HIV/AIDS,count,,,https://www.citizen.org/wp-content/uploads/Rwanda_Us_Afghs_Mou.pdf
Rwanda,HIV/AIDS,# new HIV diagnoses among infants (0-18mo),Process,2026,302.0,count,Absolute number,Lower is better,HIV/AIDS,count,,,https://www.citizen.org/wp-content/uploads/Rwanda_Us_Afghs_Mou.pdf
Rwanda,HIV/AIDS,# new HIV diagnoses among infants (0-18mo),Process,2027,285.0,count,Absolute number,Lower is better,HIV/AIDS,count,,,https://www.citizen.org/wp-content/uploads/Rwanda_Us_Afghs_Mou.pdf
Rwanda,HIV/AIDS,# new HIV diagnoses among infants (0-18mo),Process,2028,271.0,count,Absolute number,Lower is better,HIV/AIDS,count,,,https://www.citizen.org/wp-content/uploads/Rwanda_Us_Afghs_Mou.pdf
Rwanda,HIV/AIDS,# new HIV diagnoses among infants (0-18mo),Process,2029,257.0,count,Absolute number,Lower is better,HIV/AIDS,count,,,https://www.citizen.org/wp-content/uploads/Rwanda_Us_Afghs_Mou.pdf
Rwanda,HIV/AIDS,# new HIV diagnoses among infants (0-18mo),Process,2030,244.0,count,Absolute number,Lower is better,HIV/AIDS,count,,,https://www.citizen.org/wp-content/uploads/Rwanda_Us_Afghs_Mou.pdf
Rwanda,HIV/AIDS,# new HIV diagnoses children & adults (18mo+),Process,Baseline,13242.0,count,Absolute number,Lower is better,HIV/AIDS,count,,,https://www.citizen.org/wp-content/uploads/Rwanda_Us_Afghs_Mou.pdf
Rwanda,HIV/AIDS,# new HIV diagnoses children & adults (18mo+),Process,2026,12580.0,count,Absolute number,Lower is better,HIV/AIDS,count,,,https://www.citizen.org/wp-content/uploads/Rwanda_Us_Afghs_Mou.pdf
Rwanda,HIV/AIDS,# new HIV diagnoses children & adults (18mo+),Process,2027,11951.0,count,Absolute number,Lower is better,HIV/AIDS,count,,,https://www.citizen.org/wp-content/uploads/Rwanda_Us_Afghs_Mou.pdf
Rwanda,HIV/AIDS,# new HIV diagnoses children & adults (18mo+),Process,2028,11353.0,count,Absolute number,Lower is better,HIV/AIDS,count,,,https://www.citizen.org/wp-content/uploads/Rwanda_Us_Afghs_Mou.pdf
Rwanda,HIV/AIDS,# new HIV diagnoses children & adults (18mo+),Process,2029,10786.0,count,Absolute number,Lower is better,HIV/AIDS,count,,,https://www.citizen.org/wp-content/uploads/Rwanda_Us_Afghs_Mou.pdf
Rwanda,HIV/AIDS,# new HIV diagnoses children & adults (18mo+),Process,2030,10246.0,count,Absolute number,Lower is better,HIV/AIDS,count,,,https://www.citizen.org/wp-content/uploads/Rwanda_Us_Afghs_Mou.pdf
Rwanda,HIV/AIDS,% pregnant & breastfeeding women with HIV on ART,Process,Baseline,98.6,%,Percentage,Higher is better,HIV/AIDS,%,,,https://www.citizen.org/wp-content/uploads/Rwanda_Us_Afghs_Mou.pdf
Rwanda,HIV/AIDS,% pregnant & breastfeeding women with HIV on ART,Process,2026,98.6,%,Percentage,Higher is better,HIV/AIDS,%,,,https://www.citizen.org/wp-content/uploads/Rwanda_Us_Afghs_Mou.pdf
Rwanda,HIV/AIDS,% pregnant & breastfeeding women with HIV on ART,Process,2027,98.6,%,Percentage,Higher is better,HIV/AIDS,%,,,https://www.citizen.org/wp-content/uploads/Rwanda_Us_Afghs_Mou.pdf
Rwanda,HIV/AIDS,% pregnant & breastfeeding women with HIV on ART,Process,2028,98.6,%,Percentage,Higher is better,HIV/AIDS,%,,,https://www.citizen.org/wp-content/uploads/Rwanda_Us_Afghs_Mou.pdf
Rwanda,HIV/AIDS,% pregnant & breastfeeding women with HIV on ART,Process,2029,98.6,%,Percentage,Higher is better,HIV/AIDS,%,,,https://www.citizen.org/wp-content/uploads/Rwanda_Us_Afghs_Mou.pdf
Rwanda,HIV/AIDS,% pregnant & breastfeeding women with HIV on ART,Process,2030,98.6,%,Percentage,Higher is better,HIV/AIDS,%,,,https://www.citizen.org/wp-content/uploads/Rwanda_Us_Afghs_Mou.pdf
Rwanda,HIV/AIDS,% PLHIV retained on ART after 12 months,Process,Baseline,94.0,%,Percentage,Higher is better,HIV/AIDS,%,,,https://www.citizen.org/wp-content/uploads/Rwanda_Us_Afghs_Mou.pdf
Rwanda,HIV/AIDS,% PLHIV retained on ART after 12 months,Process,2026,95.0,%,Percentage,Higher is better,HIV/AIDS,%,,,https://www.citizen.org/wp-content/uploads/Rwanda_Us_Afghs_Mou.pdf
Rwanda,HIV/AIDS,% PLHIV retained on ART after 12 months,Process,2027,95.0,%,Percentage,Higher is better,HIV/AIDS,%,,,https://www.citizen.org/wp-content/uploads/Rwanda_Us_Afghs_Mou.pdf
Rwanda,HIV/AIDS,% PLHIV retained on ART after 12 months,Process,2028,95.0,%,Percentage,Higher is better,HIV/AIDS,%,,,https://www.citizen.org/wp-content/uploads/Rwanda_Us_Afghs_Mou.pdf
Rwanda,HIV/AIDS,% PLHIV retained on ART after 12 months,Process,2029,95.0,%,Percentage,Higher is better,HIV/AIDS,%,,,https://www.citizen.org/wp-content/uploads/Rwanda_Us_Afghs_Mou.pdf
Rwanda,HIV/AIDS,% PLHIV retained on ART after 12 months,Process,2030,95.0,%,Percentage,Higher is better,HIV/AIDS,%,,,https://www.citizen.org/wp-content/uploads/Rwanda_Us_Afghs_Mou.pdf
Rwanda,Malaria,% confirmed malaria cases receiving first-line treatment,Process,Baseline,100.0,%,Percentage,Higher is better,Malaria,%,,,https://www.citizen.org/wp-content/uploads/Rwanda_Us_Afghs_Mou.pdf
Rwanda,Malaria,% confirmed malaria cases receiving first-line treatment,Process,2026,100.0,%,Percentage,Higher is better,Malaria,%,,,https://www.citizen.org/wp-content/uploads/Rwanda_Us_Afghs_Mou.pdf
Rwanda,Malaria,% confirmed malaria cases receiving first-line treatment,Process,2027,100.0,%,Percentage,Higher is better,Malaria,%,,,https://www.citizen.org/wp-content/uploads/Rwanda_Us_Afghs_Mou.pdf
Rwanda,Malaria,% confirmed malaria cases receiving first-line treatment,Process,2028,100.0,%,Percentage,Higher is better,Malaria,%,,,https://www.citizen.org/wp-content/uploads/Rwanda_Us_Afghs_Mou.pdf
Rwanda,Malaria,% confirmed malaria cases receiving first-line treatment,Process,2029,100.0,%,Percentage,Higher is better,Malaria,%,,,https://www.citizen.org/wp-content/uploads/Rwanda_Us_Afghs_Mou.pdf
Rwanda,Malaria,% confirmed malaria cases receiving first-line treatment,Process,2030,100.0,%,Percentage,Higher is better,Malaria,%,,,https://www.citizen.org/wp-content/uploads/Rwanda_Us_Afghs_Mou.pdf
Rwanda,Malaria,% pregnant women receiving ITNs in ANC,Process,Baseline,96.5,%,Percentage,Higher is better,Malaria,%,,,https://www.citizen.org/wp-content/uploads/Rwanda_Us_Afghs_Mou.pdf
Rwanda,Malaria,% pregnant women receiving ITNs in ANC,Process,2026,98.0,%,Percentage,Higher is better,Malaria,%,,,https://www.citizen.org/wp-content/uploads/Rwanda_Us_Afghs_Mou.pdf
Rwanda,Malaria,% pregnant women receiving ITNs in ANC,Process,2027,98.0,%,Percentage,Higher is better,Malaria,%,,,https://www.citizen.org/wp-content/uploads/Rwanda_Us_Afghs_Mou.pdf
Rwanda,Malaria,% pregnant women receiving ITNs in ANC,Process,2028,98.0,%,Percentage,Higher is better,Malaria,%,,,https://www.citizen.org/wp-content/uploads/Rwanda_Us_Afghs_Mou.pdf
Rwanda,Malaria,% pregnant women receiving ITNs in ANC,Process,2029,98.0,%,Percentage,Higher is better,Malaria,%,,,https://www.citizen.org/wp-content/uploads/Rwanda_Us_Afghs_Mou.pdf
Rwanda,Malaria,% pregnant women receiving ITNs in ANC,Process,2030,98.0,%,Percentage,Higher is better,Malaria,%,,,https://www.citizen.org/wp-content/uploads/Rwanda_Us_Afghs_Mou.pdf
Rwanda,Malaria,% children under 1 receiving ITNs in EPI,Process,Baseline,96.5,%,Percentage,Higher is better,Malaria,%,,,https://www.citizen.org/wp-content/uploads/Rwanda_Us_Afghs_Mou.pdf
Rwanda,Malaria,% children under 1 receiving ITNs in EPI,Process,2026,98.0,%,Percentage,Higher is better,Malaria,%,,,https://www.citizen.org/wp-content/uploads/Rwanda_Us_Afghs_Mou.pdf
Rwanda,Malaria,% children under 1 receiving ITNs in EPI,Process,2027,98.0,%,Percentage,Higher is better,Malaria,%,,,https://www.citizen.org/wp-content/uploads/Rwanda_Us_Afghs_Mou.pdf
Rwanda,Malaria,% children under 1 receiving ITNs in EPI,Process,2028,98.0,%,Percentage,Higher is better,Malaria,%,,,https://www.citizen.org/wp-content/uploads/Rwanda_Us_Afghs_Mou.pdf
Rwanda,Malaria,% children under 1 receiving ITNs in EPI,Process,2029,98.0,%,Percentage,Higher is better,Malaria,%,,,https://www.citizen.org/wp-content/uploads/Rwanda_Us_Afghs_Mou.pdf
Rwanda,Malaria,% children under 1 receiving ITNs in EPI,Process,2030,98.0,%,Percentage,Higher is better,Malaria,%,,,https://www.citizen.org/wp-content/uploads/Rwanda_Us_Afghs_Mou.pdf
Rwanda,Malaria,% home-based management of community malaria cases,Process,Baseline,50.0,%,Percentage,Higher is better,Malaria,%,,,https://www.citizen.org/wp-content/uploads/Rwanda_Us_Afghs_Mou.pdf
Rwanda,Malaria,% home-based management of community malaria cases,Process,2026,55.0,%,Percentage,Higher is better,Malaria,%,,,https://www.citizen.org/wp-content/uploads/Rwanda_Us_Afghs_Mou.pdf
Rwanda,Malaria,% home-based management of community malaria cases,Process,2027,60.0,%,Percentage,Higher is better,Malaria,%,,,https://www.citizen.org/wp-content/uploads/Rwanda_Us_Afghs_Mou.pdf
Rwanda,Malaria,% home-based management of community malaria cases,Process,2028,65.0,%,Percentage,Higher is better,Malaria,%,,,https://www.citizen.org/wp-content/uploads/Rwanda_Us_Afghs_Mou.pdf
Rwanda,Malaria,% home-based management of community malaria cases,Process,2029,70.0,%,Percentage,Higher is better,Malaria,%,,,https://www.citizen.org/wp-content/uploads/Rwanda_Us_Afghs_Mou.pdf
Rwanda,Malaria,% home-based management of community malaria cases,Process,2030,70.0,%,Percentage,Higher is better,Malaria,%,,,https://www.citizen.org/wp-content/uploads/Rwanda_Us_Afghs_Mou.pdf
Rwanda,Malaria,"Malaria annual incidence per 1,000",Process,Baseline,76.0,"per 1,000 population",Rate,Lower is better,Malaria,"per 1,000 population",,,https://www.citizen.org/wp-content/uploads/Rwanda_Us_Afghs_Mou.pdf
Rwanda,Malaria,"Malaria annual incidence per 1,000",Process,2026,76.0,"per 1,000 population",Rate,Lower is better,Malaria,"per 1,000 population",,,https://www.citizen.org/wp-content/uploads/Rwanda_Us_Afghs_Mou.pdf
Rwanda,Malaria,"Malaria annual incidence per 1,000",Process,2027,70.0,"per 1,000 population",Rate,Lower is better,Malaria,"per 1,000 population",,,https://www.citizen.org/wp-content/uploads/Rwanda_Us_Afghs_Mou.pdf
Rwanda,Malaria,"Malaria annual incidence per 1,000",Process,2028,50.0,"per 1,000 population",Rate,Lower is better,Malaria,"per 1,000 population",,,https://www.citizen.org/wp-content/uploads/Rwanda_Us_Afghs_Mou.pdf
Rwanda,Malaria,"Malaria annual incidence per 1,000",Process,2029,45.0,"per 1,000 population",Rate,Lower is better,Malaria,"per 1,000 population",,,https://www.citizen.org/wp-content/uploads/Rwanda_Us_Afghs_Mou.pdf
Rwanda,Malaria,"Malaria annual incidence per 1,000",Process,2030,40.0,"per 1,000 population",Rate,Lower is better,Malaria,"per 1,000 population",,,https://www.citizen.org/wp-content/uploads/Rwanda_Us_Afghs_Mou.pdf
Rwanda,Data systems & quality,% accuracy of data fields (annual data audit),Process,Baseline,95.0,%,Percentage,Higher is better,Data systems,%,,,https://www.citizen.org/wp-content/uploads/Rwanda_Us_Afghs_Mou.pdf
Rwanda,Data systems & quality,% accuracy of data fields (annual data audit),Process,2026,95.0,%,Percentage,Higher is better,Data systems,%,,,https://www.citizen.org/wp-content/uploads/Rwanda_Us_Afghs_Mou.pdf
Rwanda,Data systems & quality,% accuracy of data fields (annual data audit),Process,2027,95.0,%,Percentage,Higher is better,Data systems,%,,,https://www.citizen.org/wp-content/uploads/Rwanda_Us_Afghs_Mou.pdf
Rwanda,Data systems & quality,% accuracy of data fields (annual data audit),Process,2028,95.0,%,Percentage,Higher is better,Data systems,%,,,https://www.citizen.org/wp-content/uploads/Rwanda_Us_Afghs_Mou.pdf
Rwanda,Data systems & quality,% accuracy of data fields (annual data audit),Process,2029,95.0,%,Percentage,Higher is better,Data systems,%,,,https://www.citizen.org/wp-content/uploads/Rwanda_Us_Afghs_Mou.pdf
Rwanda,Data systems & quality,% accuracy of data fields (annual data audit),Process,2030,95.0,%,Percentage,Higher is better,Data systems,%,,,https://www.citizen.org/wp-content/uploads/Rwanda_Us_Afghs_Mou.pdf
Rwanda,GHS / outbreak response,Detect suspected outbreaks within 7 days of emergence,Outbreak response (7-1-7),2026,7.0,days,Days,Lower is better,GHS,days; narrative,,,https://www.citizen.org/wp-content/uploads/Rwanda_Us_Afghs_Mou.pdf
Rwanda,GHS / outbreak response,Detect suspected outbreaks within 7 days of emergence,Outbreak response (7-1-7),2027,7.0,days,Days,Lower is better,GHS,days; narrative,,,https://www.citizen.org/wp-content/uploads/Rwanda_Us_Afghs_Mou.pdf
Rwanda,GHS / outbreak response,Detect suspected outbreaks within 7 days of emergence,Outbreak response (7-1-7),2028,7.0,days,Days,Lower is better,GHS,days; narrative,,,https://www.citizen.org/wp-content/uploads/Rwanda_Us_Afghs_Mou.pdf
Rwanda,GHS / outbreak response,Detect suspected outbreaks within 7 days of emergence,Outbreak response (7-1-7),2029,7.0,days,Days,Lower is better,GHS,days; narrative,,,https://www.citizen.org/wp-content/uploads/Rwanda_Us_Afghs_Mou.pdf
Rwanda,GHS / outbreak response,Detect suspected outbreaks within 7 days of emergence,Outbreak response (7-1-7),2030,7.0,days,Days,Lower is better,GHS,days; narrative,,,https://www.citizen.org/wp-content/uploads/Rwanda_Us_Afghs_Mou.pdf
Rwanda,GHS / outbreak response,Notify USG within 1 day of detection,Outbreak response (7-1-7),2026,1.0,days,Days,Lower is better,GHS,days; narrative,,,https://www.citizen.org/wp-content/uploads/Rwanda_Us_Afghs_Mou.pdf
Rwanda,GHS / outbreak response,Notify USG within 1 day of detection,Outbreak response (7-1-7),2027,1.0,days,Days,Lower is better,GHS,days; narrative,,,https://www.citizen.org/wp-content/uploads/Rwanda_Us_Afghs_Mou.pdf
Rwanda,GHS / outbreak response,Notify USG within 1 day of detection,Outbreak response (7-1-7),2028,1.0,days,Days,Lower is better,GHS,days; narrative,,,https://www.citizen.org/wp-content/uploads/Rwanda_Us_Afghs_Mou.pdf
Rwanda,GHS / outbreak response,Notify USG within 1 day of detection,Outbreak response (7-1-7),2029,1.0,days,Days,Lower is better,GHS,days; narrative,,,https://www.citizen.org/wp-content/uploads/Rwanda_Us_Afghs_Mou.pdf
Rwanda,GHS / outbreak response,Notify USG within 1 day of detection,Outbreak response (7-1-7),2030,1.0,days,Days,Lower is better,GHS,days; narrative,,,https://www.citizen.org/wp-content/uploads/Rwanda_Us_Afghs_Mou.pdf
Rwanda,GHS / outbreak response,Implement response actions within 7 days of notification,Outbreak response (7-1-7),2026,7.0,days,Days,Lower is better,GHS,days; narrative,,,https://www.citizen.org/wp-content/uploads/Rwanda_Us_Afghs_Mou.pdf
Rwanda,GHS / outbreak response,Implement response actions within 7 days of notification,Outbreak response (7-1-7),2027,7.0,days,Days,Lower is better,GHS,days; narrative,,,https://www.citizen.org/wp-content/uploads/Rwanda_Us_Afghs_Mou.pdf
Rwanda,GHS / outbreak response,Implement response actions within 7 days of notification,Outbreak response (7-1-7),2028,7.0,days,Days,Lower is better,GHS,days; narrative,,,https://www.citizen.org/wp-content/uploads/Rwanda_Us_Afghs_Mou.pdf
Rwanda,GHS / outbreak response,Implement response actions within 7 days of notification,Outbreak response (7-1-7),2029,7.0,days,Days,Lower is better,GHS,days; narrative,,,https://www.citizen.org/wp-content/uploads/Rwanda_Us_Afghs_Mou.pdf
Rwanda,GHS / outbreak response,Implement response actions within 7 days of notification,Outbreak response (7-1-7),2030,7.0,days,Days,Lower is better,GHS,days; narrative,,,https://www.citizen.org/wp-content/uploads/Rwanda_Us_Afghs_Mou.pdf
Liberia,HIV/AIDS,% People With HIV Who Know Their Status,Outcome,Baseline,86.0,%,Percentage,Higher is better,HIV/AIDS,%,,,https://healthpolicy-watch.news/wp-content/uploads/2025/12/US-Liberia-MOU-2025.pdf
Liberia,HIV/AIDS,% People With HIV Who Know Their Status,Outcome,2026,88.0,%,Percentage,Higher is better,HIV/AIDS,%,,,https://healthpolicy-watch.news/wp-content/uploads/2025/12/US-Liberia-MOU-2025.pdf
Liberia,HIV/AIDS,% People With HIV Who Know Their Status,Outcome,2027,89.0,%,Percentage,Higher is better,HIV/AIDS,%,,,https://healthpolicy-watch.news/wp-content/uploads/2025/12/US-Liberia-MOU-2025.pdf
Liberia,HIV/AIDS,% People With HIV Who Know Their Status,Outcome,2028,91.0,%,Percentage,Higher is better,HIV/AIDS,%,,,https://healthpolicy-watch.news/wp-content/uploads/2025/12/US-Liberia-MOU-2025.pdf
Liberia,HIV/AIDS,% People With HIV Who Know Their Status,Outcome,2029,93.0,%,Percentage,Higher is better,HIV/AIDS,%,,,https://healthpolicy-watch.news/wp-content/uploads/2025/12/US-Liberia-MOU-2025.pdf
Liberia,HIV/AIDS,% People With HIV Who Know Their Status,Outcome,2030,95.0,%,Percentage,Higher is better,HIV/AIDS,%,,,https://healthpolicy-watch.news/wp-content/uploads/2025/12/US-Liberia-MOU-2025.pdf
Liberia,HIV/AIDS,% People Who Know Their HIV Status on Treatment,Outcome,Baseline,99.0,%,Percentage,Higher is better,HIV/AIDS,%,,,https://healthpolicy-watch.news/wp-content/uploads/2025/12/US-Liberia-MOU-2025.pdf
Liberia,HIV/AIDS,% People Who Know Their HIV Status on Treatment,Outcome,2026,99.0,%,Percentage,Higher is better,HIV/AIDS,%,,,https://healthpolicy-watch.news/wp-content/uploads/2025/12/US-Liberia-MOU-2025.pdf
Liberia,HIV/AIDS,% People Who Know Their HIV Status on Treatment,Outcome,2027,99.0,%,Percentage,Higher is better,HIV/AIDS,%,,,https://healthpolicy-watch.news/wp-content/uploads/2025/12/US-Liberia-MOU-2025.pdf
Liberia,HIV/AIDS,% People Who Know Their HIV Status on Treatment,Outcome,2028,99.0,%,Percentage,Higher is better,HIV/AIDS,%,,,https://healthpolicy-watch.news/wp-content/uploads/2025/12/US-Liberia-MOU-2025.pdf
Liberia,HIV/AIDS,% People Who Know Their HIV Status on Treatment,Outcome,2029,99.0,%,Percentage,Higher is better,HIV/AIDS,%,,,https://healthpolicy-watch.news/wp-content/uploads/2025/12/US-Liberia-MOU-2025.pdf
Liberia,HIV/AIDS,% People Who Know Their HIV Status on Treatment,Outcome,2030,99.0,%,Percentage,Higher is better,HIV/AIDS,%,,,https://healthpolicy-watch.news/wp-content/uploads/2025/12/US-Liberia-MOU-2025.pdf
Liberia,HIV/AIDS,% People on ART Virally Suppressed,Outcome,Baseline,95.0,%,Percentage,Higher is better,HIV/AIDS,%,,,https://healthpolicy-watch.news/wp-content/uploads/2025/12/US-Liberia-MOU-2025.pdf
Liberia,HIV/AIDS,% People on ART Virally Suppressed,Outcome,2026,95.0,%,Percentage,Higher is better,HIV/AIDS,%,,,https://healthpolicy-watch.news/wp-content/uploads/2025/12/US-Liberia-MOU-2025.pdf
Liberia,HIV/AIDS,% People on ART Virally Suppressed,Outcome,2027,96.0,%,Percentage,Higher is better,HIV/AIDS,%,,,https://healthpolicy-watch.news/wp-content/uploads/2025/12/US-Liberia-MOU-2025.pdf
Liberia,HIV/AIDS,% People on ART Virally Suppressed,Outcome,2028,96.0,%,Percentage,Higher is better,HIV/AIDS,%,,,https://healthpolicy-watch.news/wp-content/uploads/2025/12/US-Liberia-MOU-2025.pdf
Liberia,HIV/AIDS,% People on ART Virally Suppressed,Outcome,2029,96.0,%,Percentage,Higher is better,HIV/AIDS,%,,,https://healthpolicy-watch.news/wp-content/uploads/2025/12/US-Liberia-MOU-2025.pdf
Liberia,HIV/AIDS,% People on ART Virally Suppressed,Outcome,2030,96.0,%,Percentage,Higher is better,HIV/AIDS,%,,,https://healthpolicy-watch.news/wp-content/uploads/2025/12/US-Liberia-MOU-2025.pdf
Liberia,Malaria,# confirmed Malaria Deaths in Children Under 5,Outcome,Baseline,171.0,count,Absolute number,Lower is better,Malaria,count,,,https://healthpolicy-watch.news/wp-content/uploads/2025/12/US-Liberia-MOU-2025.pdf
Liberia,Malaria,# confirmed Malaria Deaths in Children Under 5,Outcome,2026,140.0,count,Absolute number,Lower is better,Malaria,count,,,https://healthpolicy-watch.news/wp-content/uploads/2025/12/US-Liberia-MOU-2025.pdf
Liberia,Malaria,# confirmed Malaria Deaths in Children Under 5,Outcome,2027,122.0,count,Absolute number,Lower is better,Malaria,count,,,https://healthpolicy-watch.news/wp-content/uploads/2025/12/US-Liberia-MOU-2025.pdf
Liberia,Malaria,# confirmed Malaria Deaths in Children Under 5,Outcome,2028,118.0,count,Absolute number,Lower is better,Malaria,count,,,https://healthpolicy-watch.news/wp-content/uploads/2025/12/US-Liberia-MOU-2025.pdf
Liberia,Malaria,# confirmed Malaria Deaths in Children Under 5,Outcome,2029,100.0,count,Absolute number,Lower is better,Malaria,count,,,https://healthpolicy-watch.news/wp-content/uploads/2025/12/US-Liberia-MOU-2025.pdf
Liberia,Malaria,# confirmed Malaria Deaths in Children Under 5,Outcome,2030,100.0,count,Absolute number,Lower is better,Malaria,count,,,https://healthpolicy-watch.news/wp-content/uploads/2025/12/US-Liberia-MOU-2025.pdf
Liberia,Polio,"# Polio Cases (WPV, cVDPV)",Outcome,Baseline,0.0,count,Absolute number,Lower is better,Polio,count,,,https://healthpolicy-watch.news/wp-content/uploads/2025/12/US-Liberia-MOU-2025.pdf
Liberia,Polio,"# Polio Cases (WPV, cVDPV)",Outcome,2026,0.0,count,Absolute number,Lower is better,Polio,count,,,https://healthpolicy-watch.news/wp-content/uploads/2025/12/US-Liberia-MOU-2025.pdf
Liberia,Polio,"# Polio Cases (WPV, cVDPV)",Outcome,2027,0.0,count,Absolute number,Lower is better,Polio,count,,,https://healthpolicy-watch.news/wp-content/uploads/2025/12/US-Liberia-MOU-2025.pdf
Liberia,Polio,"# Polio Cases (WPV, cVDPV)",Outcome,2028,0.0,count,Absolute number,Lower is better,Polio,count,,,https://healthpolicy-watch.news/wp-content/uploads/2025/12/US-Liberia-MOU-2025.pdf
Liberia,Polio,"# Polio Cases (WPV, cVDPV)",Outcome,2029,0.0,count,Absolute number,Lower is better,Polio,count,,,https://healthpolicy-watch.news/wp-content/uploads/2025/12/US-Liberia-MOU-2025.pdf
Liberia,Polio,"# Polio Cases (WPV, cVDPV)",Outcome,2030,0.0,count,Absolute number,Lower is better,Polio,count,,,https://healthpolicy-watch.news/wp-content/uploads/2025/12/US-Liberia-MOU-2025.pdf
Liberia,Immunisation (measles),# Measles Cases,Outcome,Baseline,1283.0,count,Absolute number,Lower is better,Measles,count,,,https://healthpolicy-watch.news/wp-content/uploads/2025/12/US-Liberia-MOU-2025.pdf
Liberia,Immunisation (measles),# Measles Cases,Outcome,2026,1026.0,count,Absolute number,Lower is better,Measles,count,,,https://healthpolicy-watch.news/wp-content/uploads/2025/12/US-Liberia-MOU-2025.pdf
Liberia,Immunisation (measles),# Measles Cases,Outcome,2027,769.0,count,Absolute number,Lower is better,Measles,count,,,https://healthpolicy-watch.news/wp-content/uploads/2025/12/US-Liberia-MOU-2025.pdf
Liberia,Immunisation (measles),# Measles Cases,Outcome,2028,512.0,count,Absolute number,Lower is better,Measles,count,,,https://healthpolicy-watch.news/wp-content/uploads/2025/12/US-Liberia-MOU-2025.pdf
Liberia,Immunisation (measles),# Measles Cases,Outcome,2029,255.0,count,Absolute number,Lower is better,Measles,count,,,https://healthpolicy-watch.news/wp-content/uploads/2025/12/US-Liberia-MOU-2025.pdf
Liberia,Immunisation (measles),# Measles Cases,Outcome,2030,100.0,count,Absolute number,Lower is better,Measles,count,,,https://healthpolicy-watch.news/wp-content/uploads/2025/12/US-Liberia-MOU-2025.pdf
Liberia,MCH,Maternal Mortality Rate,Outcome,Baseline,116.0,"per 100,000",Rate,Lower is better,MCH,"per 100,000; NO qualifier in source - implausibly low vs national estimates (verified as printed)",,,https://healthpolicy-watch.news/wp-content/uploads/2025/12/US-Liberia-MOU-2025.pdf
Liberia,MCH,Maternal Mortality Rate,Outcome,2026,108.0,"per 100,000",Rate,Lower is better,MCH,"per 100,000; NO qualifier in source - implausibly low vs national estimates (verified as printed)",,,https://healthpolicy-watch.news/wp-content/uploads/2025/12/US-Liberia-MOU-2025.pdf
Liberia,MCH,Maternal Mortality Rate,Outcome,2027,96.0,"per 100,000",Rate,Lower is better,MCH,"per 100,000; NO qualifier in source - implausibly low vs national estimates (verified as printed)",,,https://healthpolicy-watch.news/wp-content/uploads/2025/12/US-Liberia-MOU-2025.pdf
Liberia,MCH,Maternal Mortality Rate,Outcome,2028,87.0,"per 100,000",Rate,Lower is better,MCH,"per 100,000; NO qualifier in source - implausibly low vs national estimates (verified as printed)",,,https://healthpolicy-watch.news/wp-content/uploads/2025/12/US-Liberia-MOU-2025.pdf
Liberia,MCH,Maternal Mortality Rate,Outcome,2029,78.0,"per 100,000",Rate,Lower is better,MCH,"per 100,000; NO qualifier in source - implausibly low vs national estimates (verified as printed)",,,https://healthpolicy-watch.news/wp-content/uploads/2025/12/US-Liberia-MOU-2025.pdf
Liberia,MCH,Maternal Mortality Rate,Outcome,2030,70.0,"per 100,000",Rate,Lower is better,MCH,"per 100,000; NO qualifier in source - implausibly low vs national estimates (verified as printed)",,,https://healthpolicy-watch.news/wp-content/uploads/2025/12/US-Liberia-MOU-2025.pdf
Liberia,MCH,Children Under 5 Mortality Rate,Outcome,Baseline,13.0,"per 1,000",Rate,Lower is better,MCH,"per 1,000; NO qualifier - implausibly low (verified as printed)",,,https://healthpolicy-watch.news/wp-content/uploads/2025/12/US-Liberia-MOU-2025.pdf
Liberia,MCH,Children Under 5 Mortality Rate,Outcome,2026,12.0,"per 1,000",Rate,Lower is better,MCH,"per 1,000; NO qualifier - implausibly low (verified as printed)",,,https://healthpolicy-watch.news/wp-content/uploads/2025/12/US-Liberia-MOU-2025.pdf
Liberia,MCH,Children Under 5 Mortality Rate,Outcome,2027,12.0,"per 1,000",Rate,Lower is better,MCH,"per 1,000; NO qualifier - implausibly low (verified as printed)",,,https://healthpolicy-watch.news/wp-content/uploads/2025/12/US-Liberia-MOU-2025.pdf
Liberia,MCH,Children Under 5 Mortality Rate,Outcome,2028,12.0,"per 1,000",Rate,Lower is better,MCH,"per 1,000; NO qualifier - implausibly low (verified as printed)",,,https://healthpolicy-watch.news/wp-content/uploads/2025/12/US-Liberia-MOU-2025.pdf
Liberia,MCH,Children Under 5 Mortality Rate,Outcome,2029,11.0,"per 1,000",Rate,Lower is better,MCH,"per 1,000; NO qualifier - implausibly low (verified as printed)",,,https://healthpolicy-watch.news/wp-content/uploads/2025/12/US-Liberia-MOU-2025.pdf
Liberia,MCH,Children Under 5 Mortality Rate,Outcome,2030,11.0,"per 1,000",Rate,Lower is better,MCH,"per 1,000; NO qualifier - implausibly low (verified as printed)",,,https://healthpolicy-watch.news/wp-content/uploads/2025/12/US-Liberia-MOU-2025.pdf
Liberia,HIV/AIDS,# people on ART,Process,Baseline,32596.0,count,Absolute number,Higher is better,HIV/AIDS,"count; +1,057/yr",,,https://healthpolicy-watch.news/wp-content/uploads/2025/12/US-Liberia-MOU-2025.pdf
Liberia,HIV/AIDS,# people on ART,Process,2026,33654.0,count,Absolute number,Higher is better,HIV/AIDS,"count; +1,057/yr",,,https://healthpolicy-watch.news/wp-content/uploads/2025/12/US-Liberia-MOU-2025.pdf
Liberia,HIV/AIDS,# people on ART,Process,2027,34711.0,count,Absolute number,Higher is better,HIV/AIDS,"count; +1,057/yr",,,https://healthpolicy-watch.news/wp-content/uploads/2025/12/US-Liberia-MOU-2025.pdf
Liberia,HIV/AIDS,# people on ART,Process,2028,35769.0,count,Absolute number,Higher is better,HIV/AIDS,"count; +1,057/yr",,,https://healthpolicy-watch.news/wp-content/uploads/2025/12/US-Liberia-MOU-2025.pdf
Liberia,HIV/AIDS,# people on ART,Process,2029,36827.0,count,Absolute number,Higher is better,HIV/AIDS,"count; +1,057/yr",,,https://healthpolicy-watch.news/wp-content/uploads/2025/12/US-Liberia-MOU-2025.pdf
Liberia,HIV/AIDS,# people on ART,Process,2030,37885.0,count,Absolute number,Higher is better,HIV/AIDS,"count; +1,057/yr",,,https://healthpolicy-watch.news/wp-content/uploads/2025/12/US-Liberia-MOU-2025.pdf
Liberia,HIV/AIDS,# new HIV diagnoses among infants (0-18mo),Process,Baseline,170.0,count,Absolute number,Lower is better,HIV/AIDS,count,,,https://healthpolicy-watch.news/wp-content/uploads/2025/12/US-Liberia-MOU-2025.pdf
Liberia,HIV/AIDS,# new HIV diagnoses among infants (0-18mo),Process,2026,120.0,count,Absolute number,Lower is better,HIV/AIDS,count,,,https://healthpolicy-watch.news/wp-content/uploads/2025/12/US-Liberia-MOU-2025.pdf
Liberia,HIV/AIDS,# new HIV diagnoses among infants (0-18mo),Process,2027,80.0,count,Absolute number,Lower is better,HIV/AIDS,count,,,https://healthpolicy-watch.news/wp-content/uploads/2025/12/US-Liberia-MOU-2025.pdf
Liberia,HIV/AIDS,# new HIV diagnoses among infants (0-18mo),Process,2028,60.0,count,Absolute number,Lower is better,HIV/AIDS,count,,,https://healthpolicy-watch.news/wp-content/uploads/2025/12/US-Liberia-MOU-2025.pdf
Liberia,HIV/AIDS,# new HIV diagnoses among infants (0-18mo),Process,2029,50.0,count,Absolute number,Lower is better,HIV/AIDS,count,,,https://healthpolicy-watch.news/wp-content/uploads/2025/12/US-Liberia-MOU-2025.pdf
Liberia,HIV/AIDS,# new HIV diagnoses among infants (0-18mo),Process,2030,40.0,count,Absolute number,Lower is better,HIV/AIDS,count,,,https://healthpolicy-watch.news/wp-content/uploads/2025/12/US-Liberia-MOU-2025.pdf
Liberia,HIV/AIDS,# new HIV diagnoses children & adults (18mo+),Process,Baseline,690.0,count,Absolute number,Lower is better,HIV/AIDS,count,,,https://healthpolicy-watch.news/wp-content/uploads/2025/12/US-Liberia-MOU-2025.pdf
Liberia,HIV/AIDS,# new HIV diagnoses children & adults (18mo+),Process,2026,600.0,count,Absolute number,Lower is better,HIV/AIDS,count,,,https://healthpolicy-watch.news/wp-content/uploads/2025/12/US-Liberia-MOU-2025.pdf
Liberia,HIV/AIDS,# new HIV diagnoses children & adults (18mo+),Process,2027,500.0,count,Absolute number,Lower is better,HIV/AIDS,count,,,https://healthpolicy-watch.news/wp-content/uploads/2025/12/US-Liberia-MOU-2025.pdf
Liberia,HIV/AIDS,# new HIV diagnoses children & adults (18mo+),Process,2028,450.0,count,Absolute number,Lower is better,HIV/AIDS,count,,,https://healthpolicy-watch.news/wp-content/uploads/2025/12/US-Liberia-MOU-2025.pdf
Liberia,HIV/AIDS,# new HIV diagnoses children & adults (18mo+),Process,2029,400.0,count,Absolute number,Lower is better,HIV/AIDS,count,,,https://healthpolicy-watch.news/wp-content/uploads/2025/12/US-Liberia-MOU-2025.pdf
Liberia,HIV/AIDS,# new HIV diagnoses children & adults (18mo+),Process,2030,350.0,count,Absolute number,Lower is better,HIV/AIDS,count,,,https://healthpolicy-watch.news/wp-content/uploads/2025/12/US-Liberia-MOU-2025.pdf
Liberia,HIV/AIDS,% pregnant & breastfeeding women with HIV on ART,Process,Baseline,79.0,%,Percentage,Higher is better,HIV/AIDS,%,,,https://healthpolicy-watch.news/wp-content/uploads/2025/12/US-Liberia-MOU-2025.pdf
Liberia,HIV/AIDS,% pregnant & breastfeeding women with HIV on ART,Process,2026,82.0,%,Percentage,Higher is better,HIV/AIDS,%,,,https://healthpolicy-watch.news/wp-content/uploads/2025/12/US-Liberia-MOU-2025.pdf
Liberia,HIV/AIDS,% pregnant & breastfeeding women with HIV on ART,Process,2027,85.0,%,Percentage,Higher is better,HIV/AIDS,%,,,https://healthpolicy-watch.news/wp-content/uploads/2025/12/US-Liberia-MOU-2025.pdf
Liberia,HIV/AIDS,% pregnant & breastfeeding women with HIV on ART,Process,2028,88.0,%,Percentage,Higher is better,HIV/AIDS,%,,,https://healthpolicy-watch.news/wp-content/uploads/2025/12/US-Liberia-MOU-2025.pdf
Liberia,HIV/AIDS,% pregnant & breastfeeding women with HIV on ART,Process,2029,91.0,%,Percentage,Higher is better,HIV/AIDS,%,,,https://healthpolicy-watch.news/wp-content/uploads/2025/12/US-Liberia-MOU-2025.pdf
Liberia,HIV/AIDS,% pregnant & breastfeeding women with HIV on ART,Process,2030,95.0,%,Percentage,Higher is better,HIV/AIDS,%,,,https://healthpolicy-watch.news/wp-content/uploads/2025/12/US-Liberia-MOU-2025.pdf
Liberia,Malaria,% confirmed malaria cases receiving first-line treatment,Process,Baseline,85.21,%,Percentage,Higher is better,Malaria,%,,,https://healthpolicy-watch.news/wp-content/uploads/2025/12/US-Liberia-MOU-2025.pdf
Liberia,Malaria,% confirmed malaria cases receiving first-line treatment,Process,2026,88.0,%,Percentage,Higher is better,Malaria,%,,,https://healthpolicy-watch.news/wp-content/uploads/2025/12/US-Liberia-MOU-2025.pdf
Liberia,Malaria,% confirmed malaria cases receiving first-line treatment,Process,2027,92.0,%,Percentage,Higher is better,Malaria,%,,,https://healthpolicy-watch.news/wp-content/uploads/2025/12/US-Liberia-MOU-2025.pdf
Liberia,Malaria,% confirmed malaria cases receiving first-line treatment,Process,2028,95.0,%,Percentage,Higher is better,Malaria,%,,,https://healthpolicy-watch.news/wp-content/uploads/2025/12/US-Liberia-MOU-2025.pdf
Liberia,Malaria,% confirmed malaria cases receiving first-line treatment,Process,2029,97.0,%,Percentage,Higher is better,Malaria,%,,,https://healthpolicy-watch.news/wp-content/uploads/2025/12/US-Liberia-MOU-2025.pdf
Liberia,Malaria,% confirmed malaria cases receiving first-line treatment,Process,2030,98.0,%,Percentage,Higher is better,Malaria,%,,,https://healthpolicy-watch.news/wp-content/uploads/2025/12/US-Liberia-MOU-2025.pdf
Liberia,Malaria,# ITNs distributed,Process,Baseline,213359.0,count,Absolute number,Higher is better,Malaria,count,,,https://healthpolicy-watch.news/wp-content/uploads/2025/12/US-Liberia-MOU-2025.pdf
Liberia,Malaria,# ITNs distributed,Process,2026,223859.0,count,Absolute number,Higher is better,Malaria,count,,,https://healthpolicy-watch.news/wp-content/uploads/2025/12/US-Liberia-MOU-2025.pdf
Liberia,Malaria,# ITNs distributed,Process,2027,234674.0,count,Absolute number,Higher is better,Malaria,count,,,https://healthpolicy-watch.news/wp-content/uploads/2025/12/US-Liberia-MOU-2025.pdf
Liberia,Malaria,# ITNs distributed,Process,2028,245813.0,count,Absolute number,Higher is better,Malaria,count,,,https://healthpolicy-watch.news/wp-content/uploads/2025/12/US-Liberia-MOU-2025.pdf
Liberia,Malaria,# ITNs distributed,Process,2029,257287.0,count,Absolute number,Higher is better,Malaria,count,,,https://healthpolicy-watch.news/wp-content/uploads/2025/12/US-Liberia-MOU-2025.pdf
Liberia,Malaria,# ITNs distributed,Process,2030,269104.0,count,Absolute number,Higher is better,Malaria,count,,,https://healthpolicy-watch.news/wp-content/uploads/2025/12/US-Liberia-MOU-2025.pdf
Liberia,Polio,% surviving infants with >=1 dose IPV,Process,Baseline,92.0,%,Percentage,Higher is better,Polio,%,,,https://healthpolicy-watch.news/wp-content/uploads/2025/12/US-Liberia-MOU-2025.pdf
Liberia,Polio,% surviving infants with >=1 dose IPV,Process,2026,94.0,%,Percentage,Higher is better,Polio,%,,,https://healthpolicy-watch.news/wp-content/uploads/2025/12/US-Liberia-MOU-2025.pdf
Liberia,Polio,% surviving infants with >=1 dose IPV,Process,2027,95.0,%,Percentage,Higher is better,Polio,%,,,https://healthpolicy-watch.news/wp-content/uploads/2025/12/US-Liberia-MOU-2025.pdf
Liberia,Polio,% surviving infants with >=1 dose IPV,Process,2028,95.0,%,Percentage,Higher is better,Polio,%,,,https://healthpolicy-watch.news/wp-content/uploads/2025/12/US-Liberia-MOU-2025.pdf
Liberia,Polio,% surviving infants with >=1 dose IPV,Process,2029,96.0,%,Percentage,Higher is better,Polio,%,,,https://healthpolicy-watch.news/wp-content/uploads/2025/12/US-Liberia-MOU-2025.pdf
Liberia,Polio,% surviving infants with >=1 dose IPV,Process,2030,97.0,%,Percentage,Higher is better,Polio,%,,,https://healthpolicy-watch.news/wp-content/uploads/2025/12/US-Liberia-MOU-2025.pdf
Liberia,Immunisation (measles),% children 12-23mo with measles vaccine,Process,Baseline,91.0,%,Percentage,Higher is better,Measles,%,,,https://healthpolicy-watch.news/wp-content/uploads/2025/12/US-Liberia-MOU-2025.pdf
Liberia,Immunisation (measles),% children 12-23mo with measles vaccine,Process,2026,92.0,%,Percentage,Higher is better,Measles,%,,,https://healthpolicy-watch.news/wp-content/uploads/2025/12/US-Liberia-MOU-2025.pdf
Liberia,Immunisation (measles),% children 12-23mo with measles vaccine,Process,2027,93.0,%,Percentage,Higher is better,Measles,%,,,https://healthpolicy-watch.news/wp-content/uploads/2025/12/US-Liberia-MOU-2025.pdf
Liberia,Immunisation (measles),% children 12-23mo with measles vaccine,Process,2028,94.0,%,Percentage,Higher is better,Measles,%,,,https://healthpolicy-watch.news/wp-content/uploads/2025/12/US-Liberia-MOU-2025.pdf
Liberia,Immunisation (measles),% children 12-23mo with measles vaccine,Process,2029,95.0,%,Percentage,Higher is better,Measles,%,,,https://healthpolicy-watch.news/wp-content/uploads/2025/12/US-Liberia-MOU-2025.pdf
Liberia,Immunisation (measles),% children 12-23mo with measles vaccine,Process,2030,95.0,%,Percentage,Higher is better,Measles,%,,,https://healthpolicy-watch.news/wp-content/uploads/2025/12/US-Liberia-MOU-2025.pdf
Liberia,MCH,Median number of ANC visits,Process,2026,4.0,visits,Count (visits),Higher is better,MCH,visits; baseline N/A,,,https://healthpolicy-watch.news/wp-content/uploads/2025/12/US-Liberia-MOU-2025.pdf
Liberia,MCH,Median number of ANC visits,Process,2027,4.0,visits,Count (visits),Higher is better,MCH,visits; baseline N/A,,,https://healthpolicy-watch.news/wp-content/uploads/2025/12/US-Liberia-MOU-2025.pdf
Liberia,MCH,Median number of ANC visits,Process,2028,4.0,visits,Count (visits),Higher is better,MCH,visits; baseline N/A,,,https://healthpolicy-watch.news/wp-content/uploads/2025/12/US-Liberia-MOU-2025.pdf
Liberia,MCH,Median number of ANC visits,Process,2029,4.0,visits,Count (visits),Higher is better,MCH,visits; baseline N/A,,,https://healthpolicy-watch.news/wp-content/uploads/2025/12/US-Liberia-MOU-2025.pdf
Liberia,MCH,Median number of ANC visits,Process,2030,4.0,visits,Count (visits),Higher is better,MCH,visits; baseline N/A,,,https://healthpolicy-watch.news/wp-content/uploads/2025/12/US-Liberia-MOU-2025.pdf
Liberia,Data systems & quality,% accuracy of data fields (annual data audit),Process,2026,70.0,%,Percentage,Higher is better,Data systems,%; baseline N/A,,,https://healthpolicy-watch.news/wp-content/uploads/2025/12/US-Liberia-MOU-2025.pdf
Liberia,Data systems & quality,% accuracy of data fields (annual data audit),Process,2027,75.0,%,Percentage,Higher is better,Data systems,%; baseline N/A,,,https://healthpolicy-watch.news/wp-content/uploads/2025/12/US-Liberia-MOU-2025.pdf
Liberia,Data systems & quality,% accuracy of data fields (annual data audit),Process,2028,80.0,%,Percentage,Higher is better,Data systems,%; baseline N/A,,,https://healthpolicy-watch.news/wp-content/uploads/2025/12/US-Liberia-MOU-2025.pdf
Liberia,Data systems & quality,% accuracy of data fields (annual data audit),Process,2029,85.0,%,Percentage,Higher is better,Data systems,%; baseline N/A,,,https://healthpolicy-watch.news/wp-content/uploads/2025/12/US-Liberia-MOU-2025.pdf
Liberia,Data systems & quality,% accuracy of data fields (annual data audit),Process,2030,90.0,%,Percentage,Higher is better,Data systems,%; baseline N/A,,,https://healthpolicy-watch.news/wp-content/uploads/2025/12/US-Liberia-MOU-2025.pdf
Liberia,GHS / outbreak response,Detect suspected outbreaks within 7 days of emergence,Outbreak response (7-1-7),2026,7.0,days,Days,Lower is better,GHS,days; narrative,,,https://healthpolicy-watch.news/wp-content/uploads/2025/12/US-Liberia-MOU-2025.pdf
Liberia,GHS / outbreak response,Detect suspected outbreaks within 7 days of emergence,Outbreak response (7-1-7),2027,7.0,days,Days,Lower is better,GHS,days; narrative,,,https://healthpolicy-watch.news/wp-content/uploads/2025/12/US-Liberia-MOU-2025.pdf
Liberia,GHS / outbreak response,Detect suspected outbreaks within 7 days of emergence,Outbreak response (7-1-7),2028,7.0,days,Days,Lower is better,GHS,days; narrative,,,https://healthpolicy-watch.news/wp-content/uploads/2025/12/US-Liberia-MOU-2025.pdf
Liberia,GHS / outbreak response,Detect suspected outbreaks within 7 days of emergence,Outbreak response (7-1-7),2029,7.0,days,Days,Lower is better,GHS,days; narrative,,,https://healthpolicy-watch.news/wp-content/uploads/2025/12/US-Liberia-MOU-2025.pdf
Liberia,GHS / outbreak response,Detect suspected outbreaks within 7 days of emergence,Outbreak response (7-1-7),2030,7.0,days,Days,Lower is better,GHS,days; narrative,,,https://healthpolicy-watch.news/wp-content/uploads/2025/12/US-Liberia-MOU-2025.pdf
Liberia,GHS / outbreak response,Notify USG within 1 day of detection,Outbreak response (7-1-7),2026,1.0,days,Days,Lower is better,GHS,days; narrative,,,https://healthpolicy-watch.news/wp-content/uploads/2025/12/US-Liberia-MOU-2025.pdf
Liberia,GHS / outbreak response,Notify USG within 1 day of detection,Outbreak response (7-1-7),2027,1.0,days,Days,Lower is better,GHS,days; narrative,,,https://healthpolicy-watch.news/wp-content/uploads/2025/12/US-Liberia-MOU-2025.pdf
Liberia,GHS / outbreak response,Notify USG within 1 day of detection,Outbreak response (7-1-7),2028,1.0,days,Days,Lower is better,GHS,days; narrative,,,https://healthpolicy-watch.news/wp-content/uploads/2025/12/US-Liberia-MOU-2025.pdf
Liberia,GHS / outbreak response,Notify USG within 1 day of detection,Outbreak response (7-1-7),2029,1.0,days,Days,Lower is better,GHS,days; narrative,,,https://healthpolicy-watch.news/wp-content/uploads/2025/12/US-Liberia-MOU-2025.pdf
Liberia,GHS / outbreak response,Notify USG within 1 day of detection,Outbreak response (7-1-7),2030,1.0,days,Days,Lower is better,GHS,days; narrative,,,https://healthpolicy-watch.news/wp-content/uploads/2025/12/US-Liberia-MOU-2025.pdf
Liberia,GHS / outbreak response,Complete initial response within 7 days of notification,Outbreak response (7-1-7),2026,7.0,days,Days,Lower is better,GHS,days; narrative,,,https://healthpolicy-watch.news/wp-content/uploads/2025/12/US-Liberia-MOU-2025.pdf
Liberia,GHS / outbreak response,Complete initial response within 7 days of notification,Outbreak response (7-1-7),2027,7.0,days,Days,Lower is better,GHS,days; narrative,,,https://healthpolicy-watch.news/wp-content/uploads/2025/12/US-Liberia-MOU-2025.pdf
Liberia,GHS / outbreak response,Complete initial response within 7 days of notification,Outbreak response (7-1-7),2028,7.0,days,Days,Lower is better,GHS,days; narrative,,,https://healthpolicy-watch.news/wp-content/uploads/2025/12/US-Liberia-MOU-2025.pdf
Liberia,GHS / outbreak response,Complete initial response within 7 days of notification,Outbreak response (7-1-7),2029,7.0,days,Days,Lower is better,GHS,days; narrative,,,https://healthpolicy-watch.news/wp-content/uploads/2025/12/US-Liberia-MOU-2025.pdf
Liberia,GHS / outbreak response,Complete initial response within 7 days of notification,Outbreak response (7-1-7),2030,7.0,days,Days,Lower is better,GHS,days; narrative,,,https://healthpolicy-watch.news/wp-content/uploads/2025/12/US-Liberia-MOU-2025.pdf
Cameroon,HIV/AIDS,% People (15+) With HIV Who Know Their Status,Outcome,Baseline,70.0,%,Percentage,Higher is better,HIV (15+),%; preliminary CAMPHIA 2024-25,"*Based on preliminary Cameroon Population-based HIV Assessment (CAMPHIA) 2024–2025 results using ARV detection in blood to adjust outcomes of status awareness and treatment coverage among those aware. These findings may change once the final CAMPHIA 2024–2025 report is released. Upon publication of the final report, a supplementary appendix with the updated baseline values and targets may be added to the MOU.","§1.1 Outcome Metrics table, p.2 — asterisks on the three 15+ HIV row labels and their baselines",https://build.thinkglobalhealth.org/wp-content/uploads/2026/04/Cameroon_MOU.pdf
Cameroon,HIV/AIDS,% People (15+) With HIV Who Know Their Status,Outcome,2026,75.0,%,Percentage,Higher is better,HIV (15+),%; preliminary CAMPHIA 2024-25,"*Based on preliminary Cameroon Population-based HIV Assessment (CAMPHIA) 2024–2025 results using ARV detection in blood to adjust outcomes of status awareness and treatment coverage among those aware. These findings may change once the final CAMPHIA 2024–2025 report is released. Upon publication of the final report, a supplementary appendix with the updated baseline values and targets may be added to the MOU.","§1.1 Outcome Metrics table, p.2 — asterisks on the three 15+ HIV row labels and their baselines",https://build.thinkglobalhealth.org/wp-content/uploads/2026/04/Cameroon_MOU.pdf
Cameroon,HIV/AIDS,% People (15+) With HIV Who Know Their Status,Outcome,2027,80.0,%,Percentage,Higher is better,HIV (15+),%; preliminary CAMPHIA 2024-25,"*Based on preliminary Cameroon Population-based HIV Assessment (CAMPHIA) 2024–2025 results using ARV detection in blood to adjust outcomes of status awareness and treatment coverage among those aware. These findings may change once the final CAMPHIA 2024–2025 report is released. Upon publication of the final report, a supplementary appendix with the updated baseline values and targets may be added to the MOU.","§1.1 Outcome Metrics table, p.2 — asterisks on the three 15+ HIV row labels and their baselines",https://build.thinkglobalhealth.org/wp-content/uploads/2026/04/Cameroon_MOU.pdf
Cameroon,HIV/AIDS,% People (15+) With HIV Who Know Their Status,Outcome,2028,85.0,%,Percentage,Higher is better,HIV (15+),%; preliminary CAMPHIA 2024-25,"*Based on preliminary Cameroon Population-based HIV Assessment (CAMPHIA) 2024–2025 results using ARV detection in blood to adjust outcomes of status awareness and treatment coverage among those aware. These findings may change once the final CAMPHIA 2024–2025 report is released. Upon publication of the final report, a supplementary appendix with the updated baseline values and targets may be added to the MOU.","§1.1 Outcome Metrics table, p.2 — asterisks on the three 15+ HIV row labels and their baselines",https://build.thinkglobalhealth.org/wp-content/uploads/2026/04/Cameroon_MOU.pdf
Cameroon,HIV/AIDS,% People (15+) With HIV Who Know Their Status,Outcome,2029,90.0,%,Percentage,Higher is better,HIV (15+),%; preliminary CAMPHIA 2024-25,"*Based on preliminary Cameroon Population-based HIV Assessment (CAMPHIA) 2024–2025 results using ARV detection in blood to adjust outcomes of status awareness and treatment coverage among those aware. These findings may change once the final CAMPHIA 2024–2025 report is released. Upon publication of the final report, a supplementary appendix with the updated baseline values and targets may be added to the MOU.","§1.1 Outcome Metrics table, p.2 — asterisks on the three 15+ HIV row labels and their baselines",https://build.thinkglobalhealth.org/wp-content/uploads/2026/04/Cameroon_MOU.pdf
Cameroon,HIV/AIDS,% People (15+) With HIV Who Know Their Status,Outcome,2030,95.0,%,Percentage,Higher is better,HIV (15+),%; preliminary CAMPHIA 2024-25,"*Based on preliminary Cameroon Population-based HIV Assessment (CAMPHIA) 2024–2025 results using ARV detection in blood to adjust outcomes of status awareness and treatment coverage among those aware. These findings may change once the final CAMPHIA 2024–2025 report is released. Upon publication of the final report, a supplementary appendix with the updated baseline values and targets may be added to the MOU.","§1.1 Outcome Metrics table, p.2 — asterisks on the three 15+ HIV row labels and their baselines",https://build.thinkglobalhealth.org/wp-content/uploads/2026/04/Cameroon_MOU.pdf
Cameroon,HIV/AIDS,% People (15+) Who Know Status on Treatment,Outcome,Baseline,96.0,%,Percentage,Higher is better,HIV (15+),%,"*Based on preliminary Cameroon Population-based HIV Assessment (CAMPHIA) 2024–2025 results using ARV detection in blood to adjust outcomes of status awareness and treatment coverage among those aware. These findings may change once the final CAMPHIA 2024–2025 report is released. Upon publication of the final report, a supplementary appendix with the updated baseline values and targets may be added to the MOU.","§1.1 Outcome Metrics table, p.2 — asterisks on the three 15+ HIV row labels and their baselines",https://build.thinkglobalhealth.org/wp-content/uploads/2026/04/Cameroon_MOU.pdf
Cameroon,HIV/AIDS,% People (15+) Who Know Status on Treatment,Outcome,2026,96.0,%,Percentage,Higher is better,HIV (15+),%,"*Based on preliminary Cameroon Population-based HIV Assessment (CAMPHIA) 2024–2025 results using ARV detection in blood to adjust outcomes of status awareness and treatment coverage among those aware. These findings may change once the final CAMPHIA 2024–2025 report is released. Upon publication of the final report, a supplementary appendix with the updated baseline values and targets may be added to the MOU.","§1.1 Outcome Metrics table, p.2 — asterisks on the three 15+ HIV row labels and their baselines",https://build.thinkglobalhealth.org/wp-content/uploads/2026/04/Cameroon_MOU.pdf
Cameroon,HIV/AIDS,% People (15+) Who Know Status on Treatment,Outcome,2027,97.0,%,Percentage,Higher is better,HIV (15+),%,"*Based on preliminary Cameroon Population-based HIV Assessment (CAMPHIA) 2024–2025 results using ARV detection in blood to adjust outcomes of status awareness and treatment coverage among those aware. These findings may change once the final CAMPHIA 2024–2025 report is released. Upon publication of the final report, a supplementary appendix with the updated baseline values and targets may be added to the MOU.","§1.1 Outcome Metrics table, p.2 — asterisks on the three 15+ HIV row labels and their baselines",https://build.thinkglobalhealth.org/wp-content/uploads/2026/04/Cameroon_MOU.pdf
Cameroon,HIV/AIDS,% People (15+) Who Know Status on Treatment,Outcome,2028,97.0,%,Percentage,Higher is better,HIV (15+),%,"*Based on preliminary Cameroon Population-based HIV Assessment (CAMPHIA) 2024–2025 results using ARV detection in blood to adjust outcomes of status awareness and treatment coverage among those aware. These findings may change once the final CAMPHIA 2024–2025 report is released. Upon publication of the final report, a supplementary appendix with the updated baseline values and targets may be added to the MOU.","§1.1 Outcome Metrics table, p.2 — asterisks on the three 15+ HIV row labels and their baselines",https://build.thinkglobalhealth.org/wp-content/uploads/2026/04/Cameroon_MOU.pdf
Cameroon,HIV/AIDS,% People (15+) Who Know Status on Treatment,Outcome,2029,98.0,%,Percentage,Higher is better,HIV (15+),%,"*Based on preliminary Cameroon Population-based HIV Assessment (CAMPHIA) 2024–2025 results using ARV detection in blood to adjust outcomes of status awareness and treatment coverage among those aware. These findings may change once the final CAMPHIA 2024–2025 report is released. Upon publication of the final report, a supplementary appendix with the updated baseline values and targets may be added to the MOU.","§1.1 Outcome Metrics table, p.2 — asterisks on the three 15+ HIV row labels and their baselines",https://build.thinkglobalhealth.org/wp-content/uploads/2026/04/Cameroon_MOU.pdf
Cameroon,HIV/AIDS,% People (15+) Who Know Status on Treatment,Outcome,2030,98.0,%,Percentage,Higher is better,HIV (15+),%,"*Based on preliminary Cameroon Population-based HIV Assessment (CAMPHIA) 2024–2025 results using ARV detection in blood to adjust outcomes of status awareness and treatment coverage among those aware. These findings may change once the final CAMPHIA 2024–2025 report is released. Upon publication of the final report, a supplementary appendix with the updated baseline values and targets may be added to the MOU.","§1.1 Outcome Metrics table, p.2 — asterisks on the three 15+ HIV row labels and their baselines",https://build.thinkglobalhealth.org/wp-content/uploads/2026/04/Cameroon_MOU.pdf
Cameroon,HIV/AIDS,% People (15+) on ART Virally Suppressed,Outcome,Baseline,94.0,%,Percentage,Higher is better,HIV (15+),%,"*Based on preliminary Cameroon Population-based HIV Assessment (CAMPHIA) 2024–2025 results using ARV detection in blood to adjust outcomes of status awareness and treatment coverage among those aware. These findings may change once the final CAMPHIA 2024–2025 report is released. Upon publication of the final report, a supplementary appendix with the updated baseline values and targets may be added to the MOU.","§1.1 Outcome Metrics table, p.2 — asterisks on the three 15+ HIV row labels and their baselines",https://build.thinkglobalhealth.org/wp-content/uploads/2026/04/Cameroon_MOU.pdf
Cameroon,HIV/AIDS,% People (15+) on ART Virally Suppressed,Outcome,2026,94.0,%,Percentage,Higher is better,HIV (15+),%,"*Based on preliminary Cameroon Population-based HIV Assessment (CAMPHIA) 2024–2025 results using ARV detection in blood to adjust outcomes of status awareness and treatment coverage among those aware. These findings may change once the final CAMPHIA 2024–2025 report is released. Upon publication of the final report, a supplementary appendix with the updated baseline values and targets may be added to the MOU.","§1.1 Outcome Metrics table, p.2 — asterisks on the three 15+ HIV row labels and their baselines",https://build.thinkglobalhealth.org/wp-content/uploads/2026/04/Cameroon_MOU.pdf
Cameroon,HIV/AIDS,% People (15+) on ART Virally Suppressed,Outcome,2027,95.0,%,Percentage,Higher is better,HIV (15+),%,"*Based on preliminary Cameroon Population-based HIV Assessment (CAMPHIA) 2024–2025 results using ARV detection in blood to adjust outcomes of status awareness and treatment coverage among those aware. These findings may change once the final CAMPHIA 2024–2025 report is released. Upon publication of the final report, a supplementary appendix with the updated baseline values and targets may be added to the MOU.","§1.1 Outcome Metrics table, p.2 — asterisks on the three 15+ HIV row labels and their baselines",https://build.thinkglobalhealth.org/wp-content/uploads/2026/04/Cameroon_MOU.pdf
Cameroon,HIV/AIDS,% People (15+) on ART Virally Suppressed,Outcome,2028,95.0,%,Percentage,Higher is better,HIV (15+),%,"*Based on preliminary Cameroon Population-based HIV Assessment (CAMPHIA) 2024–2025 results using ARV detection in blood to adjust outcomes of status awareness and treatment coverage among those aware. These findings may change once the final CAMPHIA 2024–2025 report is released. Upon publication of the final report, a supplementary appendix with the updated baseline values and targets may be added to the MOU.","§1.1 Outcome Metrics table, p.2 — asterisks on the three 15+ HIV row labels and their baselines",https://build.thinkglobalhealth.org/wp-content/uploads/2026/04/Cameroon_MOU.pdf
Cameroon,HIV/AIDS,% People (15+) on ART Virally Suppressed,Outcome,2029,96.0,%,Percentage,Higher is better,HIV (15+),%,"*Based on preliminary Cameroon Population-based HIV Assessment (CAMPHIA) 2024–2025 results using ARV detection in blood to adjust outcomes of status awareness and treatment coverage among those aware. These findings may change once the final CAMPHIA 2024–2025 report is released. Upon publication of the final report, a supplementary appendix with the updated baseline values and targets may be added to the MOU.","§1.1 Outcome Metrics table, p.2 — asterisks on the three 15+ HIV row labels and their baselines",https://build.thinkglobalhealth.org/wp-content/uploads/2026/04/Cameroon_MOU.pdf
Cameroon,HIV/AIDS,% People (15+) on ART Virally Suppressed,Outcome,2030,96.0,%,Percentage,Higher is better,HIV (15+),%,"*Based on preliminary Cameroon Population-based HIV Assessment (CAMPHIA) 2024–2025 results using ARV detection in blood to adjust outcomes of status awareness and treatment coverage among those aware. These findings may change once the final CAMPHIA 2024–2025 report is released. Upon publication of the final report, a supplementary appendix with the updated baseline values and targets may be added to the MOU.","§1.1 Outcome Metrics table, p.2 — asterisks on the three 15+ HIV row labels and their baselines",https://build.thinkglobalhealth.org/wp-content/uploads/2026/04/Cameroon_MOU.pdf
Cameroon,HIV/AIDS,% People (<15) With HIV Who Know Their Status,Outcome,Baseline,61.0,%,Percentage,Higher is better,HIV (pediatric <15),%; Spectrum 2023,"1 SPECTRUM, 2023","§1.1, p.2 — superscript ¹ on the baseline cell",https://build.thinkglobalhealth.org/wp-content/uploads/2026/04/Cameroon_MOU.pdf
Cameroon,HIV/AIDS,% People (<15) With HIV Who Know Their Status,Outcome,2026,61.0,%,Percentage,Higher is better,HIV (pediatric <15),%; Spectrum 2023,"1 SPECTRUM, 2023","§1.1, p.2 — superscript ¹ on the baseline cell",https://build.thinkglobalhealth.org/wp-content/uploads/2026/04/Cameroon_MOU.pdf
Cameroon,HIV/AIDS,% People (<15) With HIV Who Know Their Status,Outcome,2027,67.0,%,Percentage,Higher is better,HIV (pediatric <15),%; Spectrum 2023,"1 SPECTRUM, 2023","§1.1, p.2 — superscript ¹ on the baseline cell",https://build.thinkglobalhealth.org/wp-content/uploads/2026/04/Cameroon_MOU.pdf
Cameroon,HIV/AIDS,% People (<15) With HIV Who Know Their Status,Outcome,2028,75.0,%,Percentage,Higher is better,HIV (pediatric <15),%; Spectrum 2023,"1 SPECTRUM, 2023","§1.1, p.2 — superscript ¹ on the baseline cell",https://build.thinkglobalhealth.org/wp-content/uploads/2026/04/Cameroon_MOU.pdf
Cameroon,HIV/AIDS,% People (<15) With HIV Who Know Their Status,Outcome,2029,85.0,%,Percentage,Higher is better,HIV (pediatric <15),%; Spectrum 2023,"1 SPECTRUM, 2023","§1.1, p.2 — superscript ¹ on the baseline cell",https://build.thinkglobalhealth.org/wp-content/uploads/2026/04/Cameroon_MOU.pdf
Cameroon,HIV/AIDS,% People (<15) With HIV Who Know Their Status,Outcome,2030,95.0,%,Percentage,Higher is better,HIV (pediatric <15),%; Spectrum 2023,"1 SPECTRUM, 2023","§1.1, p.2 — superscript ¹ on the baseline cell",https://build.thinkglobalhealth.org/wp-content/uploads/2026/04/Cameroon_MOU.pdf
Cameroon,HIV/AIDS,% People (<15) Who Know Status on Treatment,Outcome,Baseline,89.0,%,Percentage,Higher is better,HIV (pediatric <15),%,2 NMCP/PNL Synthèse des Données de Surveillance du Paludisme en 2024,"§1.1/§1.2, p.2 — superscript ² on four baseline cells",https://build.thinkglobalhealth.org/wp-content/uploads/2026/04/Cameroon_MOU.pdf
Cameroon,HIV/AIDS,% People (<15) Who Know Status on Treatment,Outcome,2026,92.0,%,Percentage,Higher is better,HIV (pediatric <15),%,2 NMCP/PNL Synthèse des Données de Surveillance du Paludisme en 2024,"§1.1/§1.2, p.2 — superscript ² on four baseline cells",https://build.thinkglobalhealth.org/wp-content/uploads/2026/04/Cameroon_MOU.pdf
Cameroon,HIV/AIDS,% People (<15) Who Know Status on Treatment,Outcome,2027,94.0,%,Percentage,Higher is better,HIV (pediatric <15),%,2 NMCP/PNL Synthèse des Données de Surveillance du Paludisme en 2024,"§1.1/§1.2, p.2 — superscript ² on four baseline cells",https://build.thinkglobalhealth.org/wp-content/uploads/2026/04/Cameroon_MOU.pdf
Cameroon,HIV/AIDS,% People (<15) Who Know Status on Treatment,Outcome,2028,95.0,%,Percentage,Higher is better,HIV (pediatric <15),%,2 NMCP/PNL Synthèse des Données de Surveillance du Paludisme en 2024,"§1.1/§1.2, p.2 — superscript ² on four baseline cells",https://build.thinkglobalhealth.org/wp-content/uploads/2026/04/Cameroon_MOU.pdf
Cameroon,HIV/AIDS,% People (<15) Who Know Status on Treatment,Outcome,2029,95.0,%,Percentage,Higher is better,HIV (pediatric <15),%,2 NMCP/PNL Synthèse des Données de Surveillance du Paludisme en 2024,"§1.1/§1.2, p.2 — superscript ² on four baseline cells",https://build.thinkglobalhealth.org/wp-content/uploads/2026/04/Cameroon_MOU.pdf
Cameroon,HIV/AIDS,% People (<15) Who Know Status on Treatment,Outcome,2030,95.0,%,Percentage,Higher is better,HIV (pediatric <15),%,2 NMCP/PNL Synthèse des Données de Surveillance du Paludisme en 2024,"§1.1/§1.2, p.2 — superscript ² on four baseline cells",https://build.thinkglobalhealth.org/wp-content/uploads/2026/04/Cameroon_MOU.pdf
Cameroon,HIV/AIDS,% People (<15) on ART Virally Suppressed,Outcome,Baseline,85.0,%,Percentage,Higher is better,HIV (pediatric <15),%,2 NMCP/PNL Synthèse des Données de Surveillance du Paludisme en 2024,"§1.1/§1.2, p.2 — superscript ² on four baseline cells",https://build.thinkglobalhealth.org/wp-content/uploads/2026/04/Cameroon_MOU.pdf
Cameroon,HIV/AIDS,% People (<15) on ART Virally Suppressed,Outcome,2026,90.0,%,Percentage,Higher is better,HIV (pediatric <15),%,2 NMCP/PNL Synthèse des Données de Surveillance du Paludisme en 2024,"§1.1/§1.2, p.2 — superscript ² on four baseline cells",https://build.thinkglobalhealth.org/wp-content/uploads/2026/04/Cameroon_MOU.pdf
Cameroon,HIV/AIDS,% People (<15) on ART Virally Suppressed,Outcome,2027,93.0,%,Percentage,Higher is better,HIV (pediatric <15),%,2 NMCP/PNL Synthèse des Données de Surveillance du Paludisme en 2024,"§1.1/§1.2, p.2 — superscript ² on four baseline cells",https://build.thinkglobalhealth.org/wp-content/uploads/2026/04/Cameroon_MOU.pdf
Cameroon,HIV/AIDS,% People (<15) on ART Virally Suppressed,Outcome,2028,95.0,%,Percentage,Higher is better,HIV (pediatric <15),%,2 NMCP/PNL Synthèse des Données de Surveillance du Paludisme en 2024,"§1.1/§1.2, p.2 — superscript ² on four baseline cells",https://build.thinkglobalhealth.org/wp-content/uploads/2026/04/Cameroon_MOU.pdf
Cameroon,HIV/AIDS,% People (<15) on ART Virally Suppressed,Outcome,2029,95.0,%,Percentage,Higher is better,HIV (pediatric <15),%,2 NMCP/PNL Synthèse des Données de Surveillance du Paludisme en 2024,"§1.1/§1.2, p.2 — superscript ² on four baseline cells",https://build.thinkglobalhealth.org/wp-content/uploads/2026/04/Cameroon_MOU.pdf
Cameroon,HIV/AIDS,% People (<15) on ART Virally Suppressed,Outcome,2030,95.0,%,Percentage,Higher is better,HIV (pediatric <15),%,2 NMCP/PNL Synthèse des Données de Surveillance du Paludisme en 2024,"§1.1/§1.2, p.2 — superscript ² on four baseline cells",https://build.thinkglobalhealth.org/wp-content/uploads/2026/04/Cameroon_MOU.pdf
Cameroon,Malaria,# Malaria Deaths in Children Under 5,Outcome,Baseline,1370.0,count,Absolute number,Lower is better,Malaria,count; WHO 2023; 2026 target above baseline,2 NMCP/PNL Synthèse des Données de Surveillance du Paludisme en 2024,"§1.1/§1.2, p.2 — superscript ² on four baseline cells",https://build.thinkglobalhealth.org/wp-content/uploads/2026/04/Cameroon_MOU.pdf
Cameroon,Malaria,# Malaria Deaths in Children Under 5,Outcome,2026,1500.0,count,Absolute number,Lower is better,Malaria,count; WHO 2023; 2026 target above baseline,2 NMCP/PNL Synthèse des Données de Surveillance du Paludisme en 2024,"§1.1/§1.2, p.2 — superscript ² on four baseline cells",https://build.thinkglobalhealth.org/wp-content/uploads/2026/04/Cameroon_MOU.pdf
Cameroon,Malaria,# Malaria Deaths in Children Under 5,Outcome,2027,1250.0,count,Absolute number,Lower is better,Malaria,count; WHO 2023; 2026 target above baseline,2 NMCP/PNL Synthèse des Données de Surveillance du Paludisme en 2024,"§1.1/§1.2, p.2 — superscript ² on four baseline cells",https://build.thinkglobalhealth.org/wp-content/uploads/2026/04/Cameroon_MOU.pdf
Cameroon,Malaria,# Malaria Deaths in Children Under 5,Outcome,2028,1100.0,count,Absolute number,Lower is better,Malaria,count; WHO 2023; 2026 target above baseline,2 NMCP/PNL Synthèse des Données de Surveillance du Paludisme en 2024,"§1.1/§1.2, p.2 — superscript ² on four baseline cells",https://build.thinkglobalhealth.org/wp-content/uploads/2026/04/Cameroon_MOU.pdf
Cameroon,Malaria,# Malaria Deaths in Children Under 5,Outcome,2029,900.0,count,Absolute number,Lower is better,Malaria,count; WHO 2023; 2026 target above baseline,2 NMCP/PNL Synthèse des Données de Surveillance du Paludisme en 2024,"§1.1/§1.2, p.2 — superscript ² on four baseline cells",https://build.thinkglobalhealth.org/wp-content/uploads/2026/04/Cameroon_MOU.pdf
Cameroon,Malaria,# Malaria Deaths in Children Under 5,Outcome,2030,825.0,count,Absolute number,Lower is better,Malaria,count; WHO 2023; 2026 target above baseline,2 NMCP/PNL Synthèse des Données de Surveillance du Paludisme en 2024,"§1.1/§1.2, p.2 — superscript ² on four baseline cells",https://build.thinkglobalhealth.org/wp-content/uploads/2026/04/Cameroon_MOU.pdf
Cameroon,MCH,Maternal Mortality Rate,Outcome,Baseline,258.0,"per 100,000 live births",Rate,Lower is better,MCH,"per 100,000 live births",,,https://build.thinkglobalhealth.org/wp-content/uploads/2026/04/Cameroon_MOU.pdf
Cameroon,MCH,Maternal Mortality Rate,Outcome,2026,250.0,"per 100,000 live births",Rate,Lower is better,MCH,"per 100,000 live births",,,https://build.thinkglobalhealth.org/wp-content/uploads/2026/04/Cameroon_MOU.pdf
Cameroon,MCH,Maternal Mortality Rate,Outcome,2027,225.0,"per 100,000 live births",Rate,Lower is better,MCH,"per 100,000 live births",,,https://build.thinkglobalhealth.org/wp-content/uploads/2026/04/Cameroon_MOU.pdf
Cameroon,MCH,Maternal Mortality Rate,Outcome,2028,200.0,"per 100,000 live births",Rate,Lower is better,MCH,"per 100,000 live births",,,https://build.thinkglobalhealth.org/wp-content/uploads/2026/04/Cameroon_MOU.pdf
Cameroon,MCH,Maternal Mortality Rate,Outcome,2029,170.0,"per 100,000 live births",Rate,Lower is better,MCH,"per 100,000 live births",,,https://build.thinkglobalhealth.org/wp-content/uploads/2026/04/Cameroon_MOU.pdf
Cameroon,MCH,Maternal Mortality Rate,Outcome,2030,140.0,"per 100,000 live births",Rate,Lower is better,MCH,"per 100,000 live births",,,https://build.thinkglobalhealth.org/wp-content/uploads/2026/04/Cameroon_MOU.pdf
Cameroon,MCH,Children Under 5 Mortality Rate,Outcome,Baseline,70.0,"per 1,000",Rate,Lower is better,MCH,"per 1,000; WHO 2023","3 WHO, 2023","§1.1, p.2 — superscript ³ on the baseline cell",https://build.thinkglobalhealth.org/wp-content/uploads/2026/04/Cameroon_MOU.pdf
Cameroon,MCH,Children Under 5 Mortality Rate,Outcome,2026,58.0,"per 1,000",Rate,Lower is better,MCH,"per 1,000; WHO 2023","3 WHO, 2023","§1.1, p.2 — superscript ³ on the baseline cell",https://build.thinkglobalhealth.org/wp-content/uploads/2026/04/Cameroon_MOU.pdf
Cameroon,MCH,Children Under 5 Mortality Rate,Outcome,2027,40.0,"per 1,000",Rate,Lower is better,MCH,"per 1,000; WHO 2023","3 WHO, 2023","§1.1, p.2 — superscript ³ on the baseline cell",https://build.thinkglobalhealth.org/wp-content/uploads/2026/04/Cameroon_MOU.pdf
Cameroon,MCH,Children Under 5 Mortality Rate,Outcome,2028,32.0,"per 1,000",Rate,Lower is better,MCH,"per 1,000; WHO 2023","3 WHO, 2023","§1.1, p.2 — superscript ³ on the baseline cell",https://build.thinkglobalhealth.org/wp-content/uploads/2026/04/Cameroon_MOU.pdf
Cameroon,MCH,Children Under 5 Mortality Rate,Outcome,2029,28.0,"per 1,000",Rate,Lower is better,MCH,"per 1,000; WHO 2023","3 WHO, 2023","§1.1, p.2 — superscript ³ on the baseline cell",https://build.thinkglobalhealth.org/wp-content/uploads/2026/04/Cameroon_MOU.pdf
Cameroon,MCH,Children Under 5 Mortality Rate,Outcome,2030,25.0,"per 1,000",Rate,Lower is better,MCH,"per 1,000; WHO 2023","3 WHO, 2023","§1.1, p.2 — superscript ³ on the baseline cell",https://build.thinkglobalhealth.org/wp-content/uploads/2026/04/Cameroon_MOU.pdf
Cameroon,HIV/AIDS,# people on ART,Process,Baseline,449290.0,count,Absolute number,Higher is better,HIV/AIDS,count,4 Rapport annuel 2024 des activités de lutte contre le SIDA au Cameroun / 2024 Annual Report on HIV/AIDS,"§1.2, p.2 — superscript ⁴ on two baseline cells",https://build.thinkglobalhealth.org/wp-content/uploads/2026/04/Cameroon_MOU.pdf
Cameroon,HIV/AIDS,# people on ART,Process,2026,472911.0,count,Absolute number,Higher is better,HIV/AIDS,count,4 Rapport annuel 2024 des activités de lutte contre le SIDA au Cameroun / 2024 Annual Report on HIV/AIDS,"§1.2, p.2 — superscript ⁴ on two baseline cells",https://build.thinkglobalhealth.org/wp-content/uploads/2026/04/Cameroon_MOU.pdf
Cameroon,HIV/AIDS,# people on ART,Process,2027,485448.0,count,Absolute number,Higher is better,HIV/AIDS,count,4 Rapport annuel 2024 des activités de lutte contre le SIDA au Cameroun / 2024 Annual Report on HIV/AIDS,"§1.2, p.2 — superscript ⁴ on two baseline cells",https://build.thinkglobalhealth.org/wp-content/uploads/2026/04/Cameroon_MOU.pdf
Cameroon,HIV/AIDS,# people on ART,Process,2028,496000.0,count,Absolute number,Higher is better,HIV/AIDS,count,4 Rapport annuel 2024 des activités de lutte contre le SIDA au Cameroun / 2024 Annual Report on HIV/AIDS,"§1.2, p.2 — superscript ⁴ on two baseline cells",https://build.thinkglobalhealth.org/wp-content/uploads/2026/04/Cameroon_MOU.pdf
Cameroon,HIV/AIDS,# people on ART,Process,2029,505000.0,count,Absolute number,Higher is better,HIV/AIDS,count,4 Rapport annuel 2024 des activités de lutte contre le SIDA au Cameroun / 2024 Annual Report on HIV/AIDS,"§1.2, p.2 — superscript ⁴ on two baseline cells",https://build.thinkglobalhealth.org/wp-content/uploads/2026/04/Cameroon_MOU.pdf
Cameroon,HIV/AIDS,# people on ART,Process,2030,514000.0,count,Absolute number,Higher is better,HIV/AIDS,count,4 Rapport annuel 2024 des activités de lutte contre le SIDA au Cameroun / 2024 Annual Report on HIV/AIDS,"§1.2, p.2 — superscript ⁴ on two baseline cells",https://build.thinkglobalhealth.org/wp-content/uploads/2026/04/Cameroon_MOU.pdf
Cameroon,HIV/AIDS,# new HIV diagnoses among infants (0-18mo),Process,Baseline,296.0,count,Absolute number,Lower is better,HIV/AIDS,count; 2026 surge campaign,4 Rapport annuel 2024 des activités de lutte contre le SIDA au Cameroun / 2024 Annual Report on HIV/AIDS • 5 Target increases over baseline in 2026 due to a surge campaign to identify previously undiagnosed cases.,"§1.2, p.2 — superscript ⁴ on two baseline cells • §1.2, p.2 — superscript ⁵ on the 2026 cell",https://build.thinkglobalhealth.org/wp-content/uploads/2026/04/Cameroon_MOU.pdf
Cameroon,HIV/AIDS,# new HIV diagnoses among infants (0-18mo),Process,2026,550.0,count,Absolute number,Lower is better,HIV/AIDS,count; 2026 surge campaign,4 Rapport annuel 2024 des activités de lutte contre le SIDA au Cameroun / 2024 Annual Report on HIV/AIDS • 5 Target increases over baseline in 2026 due to a surge campaign to identify previously undiagnosed cases.,"§1.2, p.2 — superscript ⁴ on two baseline cells • §1.2, p.2 — superscript ⁵ on the 2026 cell",https://build.thinkglobalhealth.org/wp-content/uploads/2026/04/Cameroon_MOU.pdf
Cameroon,HIV/AIDS,# new HIV diagnoses among infants (0-18mo),Process,2027,250.0,count,Absolute number,Lower is better,HIV/AIDS,count; 2026 surge campaign,4 Rapport annuel 2024 des activités de lutte contre le SIDA au Cameroun / 2024 Annual Report on HIV/AIDS • 5 Target increases over baseline in 2026 due to a surge campaign to identify previously undiagnosed cases.,"§1.2, p.2 — superscript ⁴ on two baseline cells • §1.2, p.2 — superscript ⁵ on the 2026 cell",https://build.thinkglobalhealth.org/wp-content/uploads/2026/04/Cameroon_MOU.pdf
Cameroon,HIV/AIDS,# new HIV diagnoses among infants (0-18mo),Process,2028,220.0,count,Absolute number,Lower is better,HIV/AIDS,count; 2026 surge campaign,4 Rapport annuel 2024 des activités de lutte contre le SIDA au Cameroun / 2024 Annual Report on HIV/AIDS • 5 Target increases over baseline in 2026 due to a surge campaign to identify previously undiagnosed cases.,"§1.2, p.2 — superscript ⁴ on two baseline cells • §1.2, p.2 — superscript ⁵ on the 2026 cell",https://build.thinkglobalhealth.org/wp-content/uploads/2026/04/Cameroon_MOU.pdf
Cameroon,HIV/AIDS,# new HIV diagnoses among infants (0-18mo),Process,2029,210.0,count,Absolute number,Lower is better,HIV/AIDS,count; 2026 surge campaign,4 Rapport annuel 2024 des activités de lutte contre le SIDA au Cameroun / 2024 Annual Report on HIV/AIDS • 5 Target increases over baseline in 2026 due to a surge campaign to identify previously undiagnosed cases.,"§1.2, p.2 — superscript ⁴ on two baseline cells • §1.2, p.2 — superscript ⁵ on the 2026 cell",https://build.thinkglobalhealth.org/wp-content/uploads/2026/04/Cameroon_MOU.pdf
Cameroon,HIV/AIDS,# new HIV diagnoses among infants (0-18mo),Process,2030,185.0,count,Absolute number,Lower is better,HIV/AIDS,count; 2026 surge campaign,4 Rapport annuel 2024 des activités de lutte contre le SIDA au Cameroun / 2024 Annual Report on HIV/AIDS • 5 Target increases over baseline in 2026 due to a surge campaign to identify previously undiagnosed cases.,"§1.2, p.2 — superscript ⁴ on two baseline cells • §1.2, p.2 — superscript ⁵ on the 2026 cell",https://build.thinkglobalhealth.org/wp-content/uploads/2026/04/Cameroon_MOU.pdf
Cameroon,HIV/AIDS,# new HIV diagnoses children & adults (18mo+),Process,Baseline,35875.0,count,Absolute number,Lower is better,HIV/AIDS,count; DHIS2 2024,"6 National DHIS2, 2024.","§1.2, p.2 — superscript ⁶ on baseline cells",https://build.thinkglobalhealth.org/wp-content/uploads/2026/04/Cameroon_MOU.pdf
Cameroon,HIV/AIDS,# new HIV diagnoses children & adults (18mo+),Process,2026,33047.0,count,Absolute number,Lower is better,HIV/AIDS,count; DHIS2 2024,"6 National DHIS2, 2024.","§1.2, p.2 — superscript ⁶ on baseline cells",https://build.thinkglobalhealth.org/wp-content/uploads/2026/04/Cameroon_MOU.pdf
Cameroon,HIV/AIDS,# new HIV diagnoses children & adults (18mo+),Process,2027,22903.0,count,Absolute number,Lower is better,HIV/AIDS,count; DHIS2 2024,"6 National DHIS2, 2024.","§1.2, p.2 — superscript ⁶ on baseline cells",https://build.thinkglobalhealth.org/wp-content/uploads/2026/04/Cameroon_MOU.pdf
Cameroon,HIV/AIDS,# new HIV diagnoses children & adults (18mo+),Process,2028,21107.0,count,Absolute number,Lower is better,HIV/AIDS,count; DHIS2 2024,"6 National DHIS2, 2024.","§1.2, p.2 — superscript ⁶ on baseline cells",https://build.thinkglobalhealth.org/wp-content/uploads/2026/04/Cameroon_MOU.pdf
Cameroon,HIV/AIDS,# new HIV diagnoses children & adults (18mo+),Process,2029,19706.0,count,Absolute number,Lower is better,HIV/AIDS,count; DHIS2 2024,"6 National DHIS2, 2024.","§1.2, p.2 — superscript ⁶ on baseline cells",https://build.thinkglobalhealth.org/wp-content/uploads/2026/04/Cameroon_MOU.pdf
Cameroon,HIV/AIDS,# new HIV diagnoses children & adults (18mo+),Process,2030,19920.0,count,Absolute number,Lower is better,HIV/AIDS,count; DHIS2 2024,"6 National DHIS2, 2024.","§1.2, p.2 — superscript ⁶ on baseline cells",https://build.thinkglobalhealth.org/wp-content/uploads/2026/04/Cameroon_MOU.pdf
Cameroon,HIV/AIDS,% pregnant & breastfeeding women with HIV on ART,Process,Baseline,91.0,%,Percentage,Higher is better,HIV/AIDS,%,"6 National DHIS2, 2024.","§1.2, p.2 — superscript ⁶ on baseline cells",https://build.thinkglobalhealth.org/wp-content/uploads/2026/04/Cameroon_MOU.pdf
Cameroon,HIV/AIDS,% pregnant & breastfeeding women with HIV on ART,Process,2026,92.0,%,Percentage,Higher is better,HIV/AIDS,%,"6 National DHIS2, 2024.","§1.2, p.2 — superscript ⁶ on baseline cells",https://build.thinkglobalhealth.org/wp-content/uploads/2026/04/Cameroon_MOU.pdf
Cameroon,HIV/AIDS,% pregnant & breastfeeding women with HIV on ART,Process,2027,93.0,%,Percentage,Higher is better,HIV/AIDS,%,"6 National DHIS2, 2024.","§1.2, p.2 — superscript ⁶ on baseline cells",https://build.thinkglobalhealth.org/wp-content/uploads/2026/04/Cameroon_MOU.pdf
Cameroon,HIV/AIDS,% pregnant & breastfeeding women with HIV on ART,Process,2028,94.0,%,Percentage,Higher is better,HIV/AIDS,%,"6 National DHIS2, 2024.","§1.2, p.2 — superscript ⁶ on baseline cells",https://build.thinkglobalhealth.org/wp-content/uploads/2026/04/Cameroon_MOU.pdf
Cameroon,HIV/AIDS,% pregnant & breastfeeding women with HIV on ART,Process,2029,95.0,%,Percentage,Higher is better,HIV/AIDS,%,"6 National DHIS2, 2024.","§1.2, p.2 — superscript ⁶ on baseline cells",https://build.thinkglobalhealth.org/wp-content/uploads/2026/04/Cameroon_MOU.pdf
Cameroon,HIV/AIDS,% pregnant & breastfeeding women with HIV on ART,Process,2030,95.0,%,Percentage,Higher is better,HIV/AIDS,%,"6 National DHIS2, 2024.","§1.2, p.2 — superscript ⁶ on baseline cells",https://build.thinkglobalhealth.org/wp-content/uploads/2026/04/Cameroon_MOU.pdf
Cameroon,Malaria,% confirmed malaria cases receiving first-line treatment,Process,Baseline,89.0,%,Percentage,Higher is better,Malaria,%,2 NMCP/PNL Synthèse des Données de Surveillance du Paludisme en 2024,"§1.1/§1.2, p.2 — superscript ² on four baseline cells",https://build.thinkglobalhealth.org/wp-content/uploads/2026/04/Cameroon_MOU.pdf
Cameroon,Malaria,% confirmed malaria cases receiving first-line treatment,Process,2026,91.0,%,Percentage,Higher is better,Malaria,%,2 NMCP/PNL Synthèse des Données de Surveillance du Paludisme en 2024,"§1.1/§1.2, p.2 — superscript ² on four baseline cells",https://build.thinkglobalhealth.org/wp-content/uploads/2026/04/Cameroon_MOU.pdf
Cameroon,Malaria,% confirmed malaria cases receiving first-line treatment,Process,2027,92.0,%,Percentage,Higher is better,Malaria,%,2 NMCP/PNL Synthèse des Données de Surveillance du Paludisme en 2024,"§1.1/§1.2, p.2 — superscript ² on four baseline cells",https://build.thinkglobalhealth.org/wp-content/uploads/2026/04/Cameroon_MOU.pdf
Cameroon,Malaria,% confirmed malaria cases receiving first-line treatment,Process,2028,93.0,%,Percentage,Higher is better,Malaria,%,2 NMCP/PNL Synthèse des Données de Surveillance du Paludisme en 2024,"§1.1/§1.2, p.2 — superscript ² on four baseline cells",https://build.thinkglobalhealth.org/wp-content/uploads/2026/04/Cameroon_MOU.pdf
Cameroon,Malaria,% confirmed malaria cases receiving first-line treatment,Process,2029,95.0,%,Percentage,Higher is better,Malaria,%,2 NMCP/PNL Synthèse des Données de Surveillance du Paludisme en 2024,"§1.1/§1.2, p.2 — superscript ² on four baseline cells",https://build.thinkglobalhealth.org/wp-content/uploads/2026/04/Cameroon_MOU.pdf
Cameroon,Malaria,% confirmed malaria cases receiving first-line treatment,Process,2030,95.0,%,Percentage,Higher is better,Malaria,%,2 NMCP/PNL Synthèse des Données de Surveillance du Paludisme en 2024,"§1.1/§1.2, p.2 — superscript ² on four baseline cells",https://build.thinkglobalhealth.org/wp-content/uploads/2026/04/Cameroon_MOU.pdf
Cameroon,Malaria,# ITNs distributed (routine),Process,Baseline,886371.0,routine nets,Absolute number,Higher is better,Malaria,"routine nets; baseline also lists 13.03M campaign nets, 2028 lists 15M campaign","6 National DHIS2, 2024.","§1.2, p.2 — superscript ⁶ on baseline cells (marker glyph on this cell is unclear in the scan; most likely ⁶)",https://build.thinkglobalhealth.org/wp-content/uploads/2026/04/Cameroon_MOU.pdf
Cameroon,Malaria,# ITNs distributed (routine),Process,2026,940000.0,routine nets,Absolute number,Higher is better,Malaria,"routine nets; baseline also lists 13.03M campaign nets, 2028 lists 15M campaign","6 National DHIS2, 2024.","§1.2, p.2 — superscript ⁶ on baseline cells (marker glyph on this cell is unclear in the scan; most likely ⁶)",https://build.thinkglobalhealth.org/wp-content/uploads/2026/04/Cameroon_MOU.pdf
Cameroon,Malaria,# ITNs distributed (routine),Process,2027,1000000.0,routine nets,Absolute number,Higher is better,Malaria,"routine nets; baseline also lists 13.03M campaign nets, 2028 lists 15M campaign","6 National DHIS2, 2024.","§1.2, p.2 — superscript ⁶ on baseline cells (marker glyph on this cell is unclear in the scan; most likely ⁶)",https://build.thinkglobalhealth.org/wp-content/uploads/2026/04/Cameroon_MOU.pdf
Cameroon,Malaria,# ITNs distributed (routine),Process,2028,1075000.0,routine nets,Absolute number,Higher is better,Malaria,"routine nets; baseline also lists 13.03M campaign nets, 2028 lists 15M campaign","6 National DHIS2, 2024.","§1.2, p.2 — superscript ⁶ on baseline cells (marker glyph on this cell is unclear in the scan; most likely ⁶)",https://build.thinkglobalhealth.org/wp-content/uploads/2026/04/Cameroon_MOU.pdf
Cameroon,Malaria,# ITNs distributed (routine),Process,2029,1150000.0,routine nets,Absolute number,Higher is better,Malaria,"routine nets; baseline also lists 13.03M campaign nets, 2028 lists 15M campaign","6 National DHIS2, 2024.","§1.2, p.2 — superscript ⁶ on baseline cells (marker glyph on this cell is unclear in the scan; most likely ⁶)",https://build.thinkglobalhealth.org/wp-content/uploads/2026/04/Cameroon_MOU.pdf
Cameroon,Malaria,# ITNs distributed (routine),Process,2030,1175000.0,routine nets,Absolute number,Higher is better,Malaria,"routine nets; baseline also lists 13.03M campaign nets, 2028 lists 15M campaign","6 National DHIS2, 2024.","§1.2, p.2 — superscript ⁶ on baseline cells (marker glyph on this cell is unclear in the scan; most likely ⁶)",https://build.thinkglobalhealth.org/wp-content/uploads/2026/04/Cameroon_MOU.pdf
Cameroon,Data systems & quality,"Data accuracy score on MOH-led audits (HIV, Malaria, TB)",Process,Baseline,76.0,%,Percentage,Higher is better,Data quality,%; baseline 76% TX_CURR 15+,"**Baseline to be set within 90 days of the America First Global Health Strategy (AFGHS) start date, June 30, 2026","§1.2 Process Metrics table, p.3 — double asterisk on three row labels",https://build.thinkglobalhealth.org/wp-content/uploads/2026/04/Cameroon_MOU.pdf
Cameroon,Data systems & quality,"Data accuracy score on MOH-led audits (HIV, Malaria, TB)",Process,2026,80.0,%,Percentage,Higher is better,Data quality,%; baseline 76% TX_CURR 15+,"**Baseline to be set within 90 days of the America First Global Health Strategy (AFGHS) start date, June 30, 2026","§1.2 Process Metrics table, p.3 — double asterisk on three row labels",https://build.thinkglobalhealth.org/wp-content/uploads/2026/04/Cameroon_MOU.pdf
Cameroon,Data systems & quality,"Data accuracy score on MOH-led audits (HIV, Malaria, TB)",Process,2027,85.0,%,Percentage,Higher is better,Data quality,%; baseline 76% TX_CURR 15+,"**Baseline to be set within 90 days of the America First Global Health Strategy (AFGHS) start date, June 30, 2026","§1.2 Process Metrics table, p.3 — double asterisk on three row labels",https://build.thinkglobalhealth.org/wp-content/uploads/2026/04/Cameroon_MOU.pdf
Cameroon,Data systems & quality,"Data accuracy score on MOH-led audits (HIV, Malaria, TB)",Process,2028,90.0,%,Percentage,Higher is better,Data quality,%; baseline 76% TX_CURR 15+,"**Baseline to be set within 90 days of the America First Global Health Strategy (AFGHS) start date, June 30, 2026","§1.2 Process Metrics table, p.3 — double asterisk on three row labels",https://build.thinkglobalhealth.org/wp-content/uploads/2026/04/Cameroon_MOU.pdf
Cameroon,Data systems & quality,"Data accuracy score on MOH-led audits (HIV, Malaria, TB)",Process,2029,95.0,%,Percentage,Higher is better,Data quality,%; baseline 76% TX_CURR 15+,"**Baseline to be set within 90 days of the America First Global Health Strategy (AFGHS) start date, June 30, 2026","§1.2 Process Metrics table, p.3 — double asterisk on three row labels",https://build.thinkglobalhealth.org/wp-content/uploads/2026/04/Cameroon_MOU.pdf
Cameroon,Data systems & quality,"Data accuracy score on MOH-led audits (HIV, Malaria, TB)",Process,2030,95.0,%,Percentage,Higher is better,Data quality,%; baseline 76% TX_CURR 15+,"**Baseline to be set within 90 days of the America First Global Health Strategy (AFGHS) start date, June 30, 2026","§1.2 Process Metrics table, p.3 — double asterisk on three row labels",https://build.thinkglobalhealth.org/wp-content/uploads/2026/04/Cameroon_MOU.pdf
Cameroon,Data systems & quality,# facilities with ScanForm AI operational & DHIS2-integrated,Process,Baseline,0.0,facilities,Absolute number,Higher is better,Data systems,facilities,,,https://build.thinkglobalhealth.org/wp-content/uploads/2026/04/Cameroon_MOU.pdf
Cameroon,Data systems & quality,# facilities with ScanForm AI operational & DHIS2-integrated,Process,2026,500.0,facilities,Absolute number,Higher is better,Data systems,facilities,,,https://build.thinkglobalhealth.org/wp-content/uploads/2026/04/Cameroon_MOU.pdf
Cameroon,Data systems & quality,# facilities with ScanForm AI operational & DHIS2-integrated,Process,2027,1100.0,facilities,Absolute number,Higher is better,Data systems,facilities,,,https://build.thinkglobalhealth.org/wp-content/uploads/2026/04/Cameroon_MOU.pdf
Cameroon,Data systems & quality,# facilities with ScanForm AI operational & DHIS2-integrated,Process,2028,1200.0,facilities,Absolute number,Higher is better,Data systems,facilities,,,https://build.thinkglobalhealth.org/wp-content/uploads/2026/04/Cameroon_MOU.pdf
Cameroon,Data systems & quality,# facilities with ScanForm AI operational & DHIS2-integrated,Process,2029,1300.0,facilities,Absolute number,Higher is better,Data systems,facilities,,,https://build.thinkglobalhealth.org/wp-content/uploads/2026/04/Cameroon_MOU.pdf
Cameroon,Data systems & quality,# facilities with ScanForm AI operational & DHIS2-integrated,Process,2030,1500.0,facilities,Absolute number,Higher is better,Data systems,facilities,,,https://build.thinkglobalhealth.org/wp-content/uploads/2026/04/Cameroon_MOU.pdf
Cameroon,Supply chain,Service Delivery Point stockout rate,Process,2026,7.0,%,Percentage,Lower is better,Supply chain,%; targets are upper bounds (<); baseline set by June 30 2026,"**Baseline to be set within 90 days of the America First Global Health Strategy (AFGHS) start date, June 30, 2026","§1.2 Process Metrics table, p.3 — double asterisk on three row labels",https://build.thinkglobalhealth.org/wp-content/uploads/2026/04/Cameroon_MOU.pdf
Cameroon,Supply chain,Service Delivery Point stockout rate,Process,2027,5.0,%,Percentage,Lower is better,Supply chain,%; targets are upper bounds (<); baseline set by June 30 2026,"**Baseline to be set within 90 days of the America First Global Health Strategy (AFGHS) start date, June 30, 2026","§1.2 Process Metrics table, p.3 — double asterisk on three row labels",https://build.thinkglobalhealth.org/wp-content/uploads/2026/04/Cameroon_MOU.pdf
Cameroon,Supply chain,Service Delivery Point stockout rate,Process,2028,2.0,%,Percentage,Lower is better,Supply chain,%; targets are upper bounds (<); baseline set by June 30 2026,"**Baseline to be set within 90 days of the America First Global Health Strategy (AFGHS) start date, June 30, 2026","§1.2 Process Metrics table, p.3 — double asterisk on three row labels",https://build.thinkglobalhealth.org/wp-content/uploads/2026/04/Cameroon_MOU.pdf
Cameroon,Supply chain,Service Delivery Point stockout rate,Process,2029,2.0,%,Percentage,Lower is better,Supply chain,%; targets are upper bounds (<); baseline set by June 30 2026,"**Baseline to be set within 90 days of the America First Global Health Strategy (AFGHS) start date, June 30, 2026","§1.2 Process Metrics table, p.3 — double asterisk on three row labels",https://build.thinkglobalhealth.org/wp-content/uploads/2026/04/Cameroon_MOU.pdf
Cameroon,Supply chain,Service Delivery Point stockout rate,Process,2030,2.0,%,Percentage,Lower is better,Supply chain,%; targets are upper bounds (<); baseline set by June 30 2026,"**Baseline to be set within 90 days of the America First Global Health Strategy (AFGHS) start date, June 30, 2026","§1.2 Process Metrics table, p.3 — double asterisk on three row labels",https://build.thinkglobalhealth.org/wp-content/uploads/2026/04/Cameroon_MOU.pdf
Cameroon,Supply chain,"Product loss (expiry, damage, theft)",Process,2026,3.0,%,Percentage,Lower is better,Supply chain,%; targets are upper bounds (<); baseline set by June 30 2026,"**Baseline to be set within 90 days of the America First Global Health Strategy (AFGHS) start date, June 30, 2026","§1.2 Process Metrics table, p.3 — double asterisk on three row labels",https://build.thinkglobalhealth.org/wp-content/uploads/2026/04/Cameroon_MOU.pdf
Cameroon,Supply chain,"Product loss (expiry, damage, theft)",Process,2027,2.0,%,Percentage,Lower is better,Supply chain,%; targets are upper bounds (<); baseline set by June 30 2026,"**Baseline to be set within 90 days of the America First Global Health Strategy (AFGHS) start date, June 30, 2026","§1.2 Process Metrics table, p.3 — double asterisk on three row labels",https://build.thinkglobalhealth.org/wp-content/uploads/2026/04/Cameroon_MOU.pdf
Cameroon,Supply chain,"Product loss (expiry, damage, theft)",Process,2028,1.0,%,Percentage,Lower is better,Supply chain,%; targets are upper bounds (<); baseline set by June 30 2026,"**Baseline to be set within 90 days of the America First Global Health Strategy (AFGHS) start date, June 30, 2026","§1.2 Process Metrics table, p.3 — double asterisk on three row labels",https://build.thinkglobalhealth.org/wp-content/uploads/2026/04/Cameroon_MOU.pdf
Cameroon,Supply chain,"Product loss (expiry, damage, theft)",Process,2029,0.5,%,Percentage,Lower is better,Supply chain,%; targets are upper bounds (<); baseline set by June 30 2026,"**Baseline to be set within 90 days of the America First Global Health Strategy (AFGHS) start date, June 30, 2026","§1.2 Process Metrics table, p.3 — double asterisk on three row labels",https://build.thinkglobalhealth.org/wp-content/uploads/2026/04/Cameroon_MOU.pdf
Cameroon,Supply chain,"Product loss (expiry, damage, theft)",Process,2030,0.5,%,Percentage,Lower is better,Supply chain,%; targets are upper bounds (<); baseline set by June 30 2026,"**Baseline to be set within 90 days of the America First Global Health Strategy (AFGHS) start date, June 30, 2026","§1.2 Process Metrics table, p.3 — double asterisk on three row labels",https://build.thinkglobalhealth.org/wp-content/uploads/2026/04/Cameroon_MOU.pdf
Cameroon,GHS / outbreak response,Detect suspected outbreaks within 7 days of emergence,Outbreak response (7-1-7),2026,7.0,days,Days,Lower is better,GHS,days; baseline/targets set by June 30 2026,,,https://build.thinkglobalhealth.org/wp-content/uploads/2026/04/Cameroon_MOU.pdf
Cameroon,GHS / outbreak response,Detect suspected outbreaks within 7 days of emergence,Outbreak response (7-1-7),2027,7.0,days,Days,Lower is better,GHS,days; baseline/targets set by June 30 2026,,,https://build.thinkglobalhealth.org/wp-content/uploads/2026/04/Cameroon_MOU.pdf
Cameroon,GHS / outbreak response,Detect suspected outbreaks within 7 days of emergence,Outbreak response (7-1-7),2028,7.0,days,Days,Lower is better,GHS,days; baseline/targets set by June 30 2026,,,https://build.thinkglobalhealth.org/wp-content/uploads/2026/04/Cameroon_MOU.pdf
Cameroon,GHS / outbreak response,Detect suspected outbreaks within 7 days of emergence,Outbreak response (7-1-7),2029,7.0,days,Days,Lower is better,GHS,days; baseline/targets set by June 30 2026,,,https://build.thinkglobalhealth.org/wp-content/uploads/2026/04/Cameroon_MOU.pdf
Cameroon,GHS / outbreak response,Detect suspected outbreaks within 7 days of emergence,Outbreak response (7-1-7),2030,7.0,days,Days,Lower is better,GHS,days; baseline/targets set by June 30 2026,,,https://build.thinkglobalhealth.org/wp-content/uploads/2026/04/Cameroon_MOU.pdf
Cameroon,GHS / outbreak response,Notify USG within 1 day of detection (IHR/PHEIC events),Outbreak response (7-1-7),2026,1.0,days,Days,Lower is better,GHS,days,,,https://build.thinkglobalhealth.org/wp-content/uploads/2026/04/Cameroon_MOU.pdf
Cameroon,GHS / outbreak response,Notify USG within 1 day of detection (IHR/PHEIC events),Outbreak response (7-1-7),2027,1.0,days,Days,Lower is better,GHS,days,,,https://build.thinkglobalhealth.org/wp-content/uploads/2026/04/Cameroon_MOU.pdf
Cameroon,GHS / outbreak response,Notify USG within 1 day of detection (IHR/PHEIC events),Outbreak response (7-1-7),2028,1.0,days,Days,Lower is better,GHS,days,,,https://build.thinkglobalhealth.org/wp-content/uploads/2026/04/Cameroon_MOU.pdf
Cameroon,GHS / outbreak response,Notify USG within 1 day of detection (IHR/PHEIC events),Outbreak response (7-1-7),2029,1.0,days,Days,Lower is better,GHS,days,,,https://build.thinkglobalhealth.org/wp-content/uploads/2026/04/Cameroon_MOU.pdf
Cameroon,GHS / outbreak response,Notify USG within 1 day of detection (IHR/PHEIC events),Outbreak response (7-1-7),2030,1.0,days,Days,Lower is better,GHS,days,,,https://build.thinkglobalhealth.org/wp-content/uploads/2026/04/Cameroon_MOU.pdf
Cameroon,GHS / outbreak response,Complete initial response within 7 days of notification,Outbreak response (7-1-7),2026,7.0,days,Days,Lower is better,GHS,days,,,https://build.thinkglobalhealth.org/wp-content/uploads/2026/04/Cameroon_MOU.pdf
Cameroon,GHS / outbreak response,Complete initial response within 7 days of notification,Outbreak response (7-1-7),2027,7.0,days,Days,Lower is better,GHS,days,,,https://build.thinkglobalhealth.org/wp-content/uploads/2026/04/Cameroon_MOU.pdf
Cameroon,GHS / outbreak response,Complete initial response within 7 days of notification,Outbreak response (7-1-7),2028,7.0,days,Days,Lower is better,GHS,days,,,https://build.thinkglobalhealth.org/wp-content/uploads/2026/04/Cameroon_MOU.pdf
Cameroon,GHS / outbreak response,Complete initial response within 7 days of notification,Outbreak response (7-1-7),2029,7.0,days,Days,Lower is better,GHS,days,,,https://build.thinkglobalhealth.org/wp-content/uploads/2026/04/Cameroon_MOU.pdf
Cameroon,GHS / outbreak response,Complete initial response within 7 days of notification,Outbreak response (7-1-7),2030,7.0,days,Days,Lower is better,GHS,days,,,https://build.thinkglobalhealth.org/wp-content/uploads/2026/04/Cameroon_MOU.pdf
Côte d'Ivoire,HIV/AIDS,% People With HIV Who Know Their Status,Outcome,Baseline,85.0,%,Percentage,Higher is better,HIV/AIDS,%,,,https://build.thinkglobalhealth.org/wp-content/uploads/2026/07/Cote-dIvoire-MOU.pdf
Côte d'Ivoire,HIV/AIDS,% People With HIV Who Know Their Status,Outcome,2026,88.0,%,Percentage,Higher is better,HIV/AIDS,%,,,https://build.thinkglobalhealth.org/wp-content/uploads/2026/07/Cote-dIvoire-MOU.pdf
Côte d'Ivoire,HIV/AIDS,% People With HIV Who Know Their Status,Outcome,2027,92.0,%,Percentage,Higher is better,HIV/AIDS,%,,,https://build.thinkglobalhealth.org/wp-content/uploads/2026/07/Cote-dIvoire-MOU.pdf
Côte d'Ivoire,HIV/AIDS,% People With HIV Who Know Their Status,Outcome,2028,95.0,%,Percentage,Higher is better,HIV/AIDS,%,,,https://build.thinkglobalhealth.org/wp-content/uploads/2026/07/Cote-dIvoire-MOU.pdf
Côte d'Ivoire,HIV/AIDS,% People With HIV Who Know Their Status,Outcome,2029,95.0,%,Percentage,Higher is better,HIV/AIDS,%,,,https://build.thinkglobalhealth.org/wp-content/uploads/2026/07/Cote-dIvoire-MOU.pdf
Côte d'Ivoire,HIV/AIDS,% People With HIV Who Know Their Status,Outcome,2030,95.0,%,Percentage,Higher is better,HIV/AIDS,%,,,https://build.thinkglobalhealth.org/wp-content/uploads/2026/07/Cote-dIvoire-MOU.pdf
Côte d'Ivoire,HIV/AIDS,% People Who Know Their HIV Status on Treatment,Outcome,Baseline,92.0,%,Percentage,Higher is better,HIV/AIDS,%,,,https://build.thinkglobalhealth.org/wp-content/uploads/2026/07/Cote-dIvoire-MOU.pdf
Côte d'Ivoire,HIV/AIDS,% People Who Know Their HIV Status on Treatment,Outcome,2026,94.0,%,Percentage,Higher is better,HIV/AIDS,%,,,https://build.thinkglobalhealth.org/wp-content/uploads/2026/07/Cote-dIvoire-MOU.pdf
Côte d'Ivoire,HIV/AIDS,% People Who Know Their HIV Status on Treatment,Outcome,2027,95.0,%,Percentage,Higher is better,HIV/AIDS,%,,,https://build.thinkglobalhealth.org/wp-content/uploads/2026/07/Cote-dIvoire-MOU.pdf
Côte d'Ivoire,HIV/AIDS,% People Who Know Their HIV Status on Treatment,Outcome,2028,95.0,%,Percentage,Higher is better,HIV/AIDS,%,,,https://build.thinkglobalhealth.org/wp-content/uploads/2026/07/Cote-dIvoire-MOU.pdf
Côte d'Ivoire,HIV/AIDS,% People Who Know Their HIV Status on Treatment,Outcome,2029,95.0,%,Percentage,Higher is better,HIV/AIDS,%,,,https://build.thinkglobalhealth.org/wp-content/uploads/2026/07/Cote-dIvoire-MOU.pdf
Côte d'Ivoire,HIV/AIDS,% People Who Know Their HIV Status on Treatment,Outcome,2030,95.0,%,Percentage,Higher is better,HIV/AIDS,%,,,https://build.thinkglobalhealth.org/wp-content/uploads/2026/07/Cote-dIvoire-MOU.pdf
Côte d'Ivoire,HIV/AIDS,% People on ART Virally Suppressed,Outcome,Baseline,89.0,%,Percentage,Higher is better,HIV/AIDS,%,,,https://build.thinkglobalhealth.org/wp-content/uploads/2026/07/Cote-dIvoire-MOU.pdf
Côte d'Ivoire,HIV/AIDS,% People on ART Virally Suppressed,Outcome,2026,92.0,%,Percentage,Higher is better,HIV/AIDS,%,,,https://build.thinkglobalhealth.org/wp-content/uploads/2026/07/Cote-dIvoire-MOU.pdf
Côte d'Ivoire,HIV/AIDS,% People on ART Virally Suppressed,Outcome,2027,95.0,%,Percentage,Higher is better,HIV/AIDS,%,,,https://build.thinkglobalhealth.org/wp-content/uploads/2026/07/Cote-dIvoire-MOU.pdf
Côte d'Ivoire,HIV/AIDS,% People on ART Virally Suppressed,Outcome,2028,95.0,%,Percentage,Higher is better,HIV/AIDS,%,,,https://build.thinkglobalhealth.org/wp-content/uploads/2026/07/Cote-dIvoire-MOU.pdf
Côte d'Ivoire,HIV/AIDS,% People on ART Virally Suppressed,Outcome,2029,95.0,%,Percentage,Higher is better,HIV/AIDS,%,,,https://build.thinkglobalhealth.org/wp-content/uploads/2026/07/Cote-dIvoire-MOU.pdf
Côte d'Ivoire,HIV/AIDS,% People on ART Virally Suppressed,Outcome,2030,95.0,%,Percentage,Higher is better,HIV/AIDS,%,,,https://build.thinkglobalhealth.org/wp-content/uploads/2026/07/Cote-dIvoire-MOU.pdf
Côte d'Ivoire,Malaria,# Malaria Deaths in Children Under 5,Outcome,Baseline,931.0,count,Absolute number,Lower is better,Malaria,count,,,https://build.thinkglobalhealth.org/wp-content/uploads/2026/07/Cote-dIvoire-MOU.pdf
Côte d'Ivoire,Malaria,# Malaria Deaths in Children Under 5,Outcome,2026,745.0,count,Absolute number,Lower is better,Malaria,count,,,https://build.thinkglobalhealth.org/wp-content/uploads/2026/07/Cote-dIvoire-MOU.pdf
Côte d'Ivoire,Malaria,# Malaria Deaths in Children Under 5,Outcome,2027,596.0,count,Absolute number,Lower is better,Malaria,count,,,https://build.thinkglobalhealth.org/wp-content/uploads/2026/07/Cote-dIvoire-MOU.pdf
Côte d'Ivoire,Malaria,# Malaria Deaths in Children Under 5,Outcome,2028,477.0,count,Absolute number,Lower is better,Malaria,count,,,https://build.thinkglobalhealth.org/wp-content/uploads/2026/07/Cote-dIvoire-MOU.pdf
Côte d'Ivoire,Malaria,# Malaria Deaths in Children Under 5,Outcome,2029,381.0,count,Absolute number,Lower is better,Malaria,count,,,https://build.thinkglobalhealth.org/wp-content/uploads/2026/07/Cote-dIvoire-MOU.pdf
Côte d'Ivoire,Malaria,# Malaria Deaths in Children Under 5,Outcome,2030,186.0,count,Absolute number,Lower is better,Malaria,count,,,https://build.thinkglobalhealth.org/wp-content/uploads/2026/07/Cote-dIvoire-MOU.pdf
Côte d'Ivoire,MCH,Maternal Mortality Rate,Outcome,Baseline,385.0,"per 100,000",Rate,Lower is better,MCH,"per 100,000",,,https://build.thinkglobalhealth.org/wp-content/uploads/2026/07/Cote-dIvoire-MOU.pdf
Côte d'Ivoire,MCH,Maternal Mortality Rate,Outcome,2026,263.0,"per 100,000",Rate,Lower is better,MCH,"per 100,000",,,https://build.thinkglobalhealth.org/wp-content/uploads/2026/07/Cote-dIvoire-MOU.pdf
Côte d'Ivoire,MCH,Maternal Mortality Rate,Outcome,2027,238.0,"per 100,000",Rate,Lower is better,MCH,"per 100,000",,,https://build.thinkglobalhealth.org/wp-content/uploads/2026/07/Cote-dIvoire-MOU.pdf
Côte d'Ivoire,MCH,Maternal Mortality Rate,Outcome,2028,214.0,"per 100,000",Rate,Lower is better,MCH,"per 100,000",,,https://build.thinkglobalhealth.org/wp-content/uploads/2026/07/Cote-dIvoire-MOU.pdf
Côte d'Ivoire,MCH,Maternal Mortality Rate,Outcome,2029,189.0,"per 100,000",Rate,Lower is better,MCH,"per 100,000",,,https://build.thinkglobalhealth.org/wp-content/uploads/2026/07/Cote-dIvoire-MOU.pdf
Côte d'Ivoire,MCH,Maternal Mortality Rate,Outcome,2030,140.0,"per 100,000",Rate,Lower is better,MCH,"per 100,000",,,https://build.thinkglobalhealth.org/wp-content/uploads/2026/07/Cote-dIvoire-MOU.pdf
Côte d'Ivoire,MCH,Children Under 5 Mortality Rate,Outcome,Baseline,74.0,"per 1,000",Rate,Lower is better,MCH,"per 1,000",,,https://build.thinkglobalhealth.org/wp-content/uploads/2026/07/Cote-dIvoire-MOU.pdf
Côte d'Ivoire,MCH,Children Under 5 Mortality Rate,Outcome,2026,49.5,"per 1,000",Rate,Lower is better,MCH,"per 1,000",,,https://build.thinkglobalhealth.org/wp-content/uploads/2026/07/Cote-dIvoire-MOU.pdf
Côte d'Ivoire,MCH,Children Under 5 Mortality Rate,Outcome,2027,44.6,"per 1,000",Rate,Lower is better,MCH,"per 1,000",,,https://build.thinkglobalhealth.org/wp-content/uploads/2026/07/Cote-dIvoire-MOU.pdf
Côte d'Ivoire,MCH,Children Under 5 Mortality Rate,Outcome,2028,39.7,"per 1,000",Rate,Lower is better,MCH,"per 1,000",,,https://build.thinkglobalhealth.org/wp-content/uploads/2026/07/Cote-dIvoire-MOU.pdf
Côte d'Ivoire,MCH,Children Under 5 Mortality Rate,Outcome,2029,34.8,"per 1,000",Rate,Lower is better,MCH,"per 1,000",,,https://build.thinkglobalhealth.org/wp-content/uploads/2026/07/Cote-dIvoire-MOU.pdf
Côte d'Ivoire,MCH,Children Under 5 Mortality Rate,Outcome,2030,25.0,"per 1,000",Rate,Lower is better,MCH,"per 1,000",,,https://build.thinkglobalhealth.org/wp-content/uploads/2026/07/Cote-dIvoire-MOU.pdf
Côte d'Ivoire,HIV/AIDS,# people on ART,Process,Baseline,317668.0,count,Absolute number,Higher is better,HIV/AIDS,count,,,https://build.thinkglobalhealth.org/wp-content/uploads/2026/07/Cote-dIvoire-MOU.pdf
Côte d'Ivoire,HIV/AIDS,# people on ART,Process,2026,325430.0,count,Absolute number,Higher is better,HIV/AIDS,count,,,https://build.thinkglobalhealth.org/wp-content/uploads/2026/07/Cote-dIvoire-MOU.pdf
Côte d'Ivoire,HIV/AIDS,# people on ART,Process,2027,345651.0,count,Absolute number,Higher is better,HIV/AIDS,count,,,https://build.thinkglobalhealth.org/wp-content/uploads/2026/07/Cote-dIvoire-MOU.pdf
Côte d'Ivoire,HIV/AIDS,# people on ART,Process,2028,353118.0,count,Absolute number,Higher is better,HIV/AIDS,count,,,https://build.thinkglobalhealth.org/wp-content/uploads/2026/07/Cote-dIvoire-MOU.pdf
Côte d'Ivoire,HIV/AIDS,# people on ART,Process,2029,349201.0,count,Absolute number,Higher is better,HIV/AIDS,count,,,https://build.thinkglobalhealth.org/wp-content/uploads/2026/07/Cote-dIvoire-MOU.pdf
Côte d'Ivoire,HIV/AIDS,# people on ART,Process,2030,344382.0,count,Absolute number,Higher is better,HIV/AIDS,count,,,https://build.thinkglobalhealth.org/wp-content/uploads/2026/07/Cote-dIvoire-MOU.pdf
Côte d'Ivoire,HIV/AIDS,# new HIV diagnoses among infants (0-18mo),Process,Baseline,142.0,count,Absolute number,Lower is better,HIV/AIDS,count,,,https://build.thinkglobalhealth.org/wp-content/uploads/2026/07/Cote-dIvoire-MOU.pdf
Côte d'Ivoire,HIV/AIDS,# new HIV diagnoses among infants (0-18mo),Process,2026,82.0,count,Absolute number,Lower is better,HIV/AIDS,count,,,https://build.thinkglobalhealth.org/wp-content/uploads/2026/07/Cote-dIvoire-MOU.pdf
Côte d'Ivoire,HIV/AIDS,# new HIV diagnoses among infants (0-18mo),Process,2027,63.0,count,Absolute number,Lower is better,HIV/AIDS,count,,,https://build.thinkglobalhealth.org/wp-content/uploads/2026/07/Cote-dIvoire-MOU.pdf
Côte d'Ivoire,HIV/AIDS,# new HIV diagnoses among infants (0-18mo),Process,2028,48.0,count,Absolute number,Lower is better,HIV/AIDS,count,,,https://build.thinkglobalhealth.org/wp-content/uploads/2026/07/Cote-dIvoire-MOU.pdf
Côte d'Ivoire,HIV/AIDS,# new HIV diagnoses among infants (0-18mo),Process,2029,36.0,count,Absolute number,Lower is better,HIV/AIDS,count,,,https://build.thinkglobalhealth.org/wp-content/uploads/2026/07/Cote-dIvoire-MOU.pdf
Côte d'Ivoire,HIV/AIDS,# new HIV diagnoses among infants (0-18mo),Process,2030,28.0,count,Absolute number,Lower is better,HIV/AIDS,count,,,https://build.thinkglobalhealth.org/wp-content/uploads/2026/07/Cote-dIvoire-MOU.pdf
Côte d'Ivoire,HIV/AIDS,# new HIV diagnoses children & adults (18mo+),Process,Baseline,29835.0,count,Absolute number,Lower is better,HIV/AIDS,count,,,https://build.thinkglobalhealth.org/wp-content/uploads/2026/07/Cote-dIvoire-MOU.pdf
Côte d'Ivoire,HIV/AIDS,# new HIV diagnoses children & adults (18mo+),Process,2026,25788.0,count,Absolute number,Lower is better,HIV/AIDS,count,,,https://build.thinkglobalhealth.org/wp-content/uploads/2026/07/Cote-dIvoire-MOU.pdf
Côte d'Ivoire,HIV/AIDS,# new HIV diagnoses children & adults (18mo+),Process,2027,23580.0,count,Absolute number,Lower is better,HIV/AIDS,count,,,https://build.thinkglobalhealth.org/wp-content/uploads/2026/07/Cote-dIvoire-MOU.pdf
Côte d'Ivoire,HIV/AIDS,# new HIV diagnoses children & adults (18mo+),Process,2028,21562.0,count,Absolute number,Lower is better,HIV/AIDS,count,,,https://build.thinkglobalhealth.org/wp-content/uploads/2026/07/Cote-dIvoire-MOU.pdf
Côte d'Ivoire,HIV/AIDS,# new HIV diagnoses children & adults (18mo+),Process,2029,19716.0,count,Absolute number,Lower is better,HIV/AIDS,count,,,https://build.thinkglobalhealth.org/wp-content/uploads/2026/07/Cote-dIvoire-MOU.pdf
Côte d'Ivoire,HIV/AIDS,# new HIV diagnoses children & adults (18mo+),Process,2030,18028.0,count,Absolute number,Lower is better,HIV/AIDS,count,,,https://build.thinkglobalhealth.org/wp-content/uploads/2026/07/Cote-dIvoire-MOU.pdf
Côte d'Ivoire,HIV/AIDS,% pregnant & breastfeeding women with HIV on ART,Process,Baseline,88.0,%,Percentage,Higher is better,HIV/AIDS,%,,,https://build.thinkglobalhealth.org/wp-content/uploads/2026/07/Cote-dIvoire-MOU.pdf
Côte d'Ivoire,HIV/AIDS,% pregnant & breastfeeding women with HIV on ART,Process,2026,91.0,%,Percentage,Higher is better,HIV/AIDS,%,,,https://build.thinkglobalhealth.org/wp-content/uploads/2026/07/Cote-dIvoire-MOU.pdf
Côte d'Ivoire,HIV/AIDS,% pregnant & breastfeeding women with HIV on ART,Process,2027,93.0,%,Percentage,Higher is better,HIV/AIDS,%,,,https://build.thinkglobalhealth.org/wp-content/uploads/2026/07/Cote-dIvoire-MOU.pdf
Côte d'Ivoire,HIV/AIDS,% pregnant & breastfeeding women with HIV on ART,Process,2028,95.0,%,Percentage,Higher is better,HIV/AIDS,%,,,https://build.thinkglobalhealth.org/wp-content/uploads/2026/07/Cote-dIvoire-MOU.pdf
Côte d'Ivoire,HIV/AIDS,% pregnant & breastfeeding women with HIV on ART,Process,2029,95.0,%,Percentage,Higher is better,HIV/AIDS,%,,,https://build.thinkglobalhealth.org/wp-content/uploads/2026/07/Cote-dIvoire-MOU.pdf
Côte d'Ivoire,HIV/AIDS,% pregnant & breastfeeding women with HIV on ART,Process,2030,95.0,%,Percentage,Higher is better,HIV/AIDS,%,,,https://build.thinkglobalhealth.org/wp-content/uploads/2026/07/Cote-dIvoire-MOU.pdf
Côte d'Ivoire,Malaria,% confirmed malaria cases receiving first-line treatment,Process,Baseline,99.0,%,Percentage,Higher is better,Malaria,%,,,https://build.thinkglobalhealth.org/wp-content/uploads/2026/07/Cote-dIvoire-MOU.pdf
Côte d'Ivoire,Malaria,% confirmed malaria cases receiving first-line treatment,Process,2026,99.0,%,Percentage,Higher is better,Malaria,%,,,https://build.thinkglobalhealth.org/wp-content/uploads/2026/07/Cote-dIvoire-MOU.pdf
Côte d'Ivoire,Malaria,% confirmed malaria cases receiving first-line treatment,Process,2027,99.0,%,Percentage,Higher is better,Malaria,%,,,https://build.thinkglobalhealth.org/wp-content/uploads/2026/07/Cote-dIvoire-MOU.pdf
Côte d'Ivoire,Malaria,% confirmed malaria cases receiving first-line treatment,Process,2028,99.0,%,Percentage,Higher is better,Malaria,%,,,https://build.thinkglobalhealth.org/wp-content/uploads/2026/07/Cote-dIvoire-MOU.pdf
Côte d'Ivoire,Malaria,% confirmed malaria cases receiving first-line treatment,Process,2029,99.0,%,Percentage,Higher is better,Malaria,%,,,https://build.thinkglobalhealth.org/wp-content/uploads/2026/07/Cote-dIvoire-MOU.pdf
Côte d'Ivoire,Malaria,% confirmed malaria cases receiving first-line treatment,Process,2030,99.0,%,Percentage,Higher is better,Malaria,%,,,https://build.thinkglobalhealth.org/wp-content/uploads/2026/07/Cote-dIvoire-MOU.pdf
Côte d'Ivoire,Malaria,# ITNs distributed,Process,Baseline,1085065.0,count,Absolute number,Higher is better,Malaria,count,,,https://build.thinkglobalhealth.org/wp-content/uploads/2026/07/Cote-dIvoire-MOU.pdf
Côte d'Ivoire,Malaria,# ITNs distributed,Process,2026,1314699.0,count,Absolute number,Higher is better,Malaria,count,,,https://build.thinkglobalhealth.org/wp-content/uploads/2026/07/Cote-dIvoire-MOU.pdf
Côte d'Ivoire,Malaria,# ITNs distributed,Process,2027,1513367.0,count,Absolute number,Higher is better,Malaria,count,,,https://build.thinkglobalhealth.org/wp-content/uploads/2026/07/Cote-dIvoire-MOU.pdf
Côte d'Ivoire,Malaria,# ITNs distributed,Process,2028,1723504.0,count,Absolute number,Higher is better,Malaria,count,,,https://build.thinkglobalhealth.org/wp-content/uploads/2026/07/Cote-dIvoire-MOU.pdf
Côte d'Ivoire,Malaria,# ITNs distributed,Process,2029,1944592.0,count,Absolute number,Higher is better,Malaria,count,,,https://build.thinkglobalhealth.org/wp-content/uploads/2026/07/Cote-dIvoire-MOU.pdf
Côte d'Ivoire,Malaria,# ITNs distributed,Process,2030,2177452.0,count,Absolute number,Higher is better,Malaria,count,,,https://build.thinkglobalhealth.org/wp-content/uploads/2026/07/Cote-dIvoire-MOU.pdf
Côte d'Ivoire,MCH,% women (15-49) reporting >=4 ANC visits,Process,Baseline,56.0,%,Percentage,Higher is better,MCH,%,,,https://build.thinkglobalhealth.org/wp-content/uploads/2026/07/Cote-dIvoire-MOU.pdf
Côte d'Ivoire,MCH,% women (15-49) reporting >=4 ANC visits,Process,2026,66.0,%,Percentage,Higher is better,MCH,%,,,https://build.thinkglobalhealth.org/wp-content/uploads/2026/07/Cote-dIvoire-MOU.pdf
Côte d'Ivoire,MCH,% women (15-49) reporting >=4 ANC visits,Process,2027,68.0,%,Percentage,Higher is better,MCH,%,,,https://build.thinkglobalhealth.org/wp-content/uploads/2026/07/Cote-dIvoire-MOU.pdf
Côte d'Ivoire,MCH,% women (15-49) reporting >=4 ANC visits,Process,2028,70.0,%,Percentage,Higher is better,MCH,%,,,https://build.thinkglobalhealth.org/wp-content/uploads/2026/07/Cote-dIvoire-MOU.pdf
Côte d'Ivoire,MCH,% women (15-49) reporting >=4 ANC visits,Process,2029,73.0,%,Percentage,Higher is better,MCH,%,,,https://build.thinkglobalhealth.org/wp-content/uploads/2026/07/Cote-dIvoire-MOU.pdf
Côte d'Ivoire,MCH,% women (15-49) reporting >=4 ANC visits,Process,2030,75.0,%,Percentage,Higher is better,MCH,%,,,https://build.thinkglobalhealth.org/wp-content/uploads/2026/07/Cote-dIvoire-MOU.pdf
Côte d'Ivoire,Data systems & quality,% accuracy of data fields (annual data audit),Process,Baseline,90.0,%,Percentage,Higher is better,Data systems,%,,,https://build.thinkglobalhealth.org/wp-content/uploads/2026/07/Cote-dIvoire-MOU.pdf
Côte d'Ivoire,Data systems & quality,% accuracy of data fields (annual data audit),Process,2026,90.0,%,Percentage,Higher is better,Data systems,%,,,https://build.thinkglobalhealth.org/wp-content/uploads/2026/07/Cote-dIvoire-MOU.pdf
Côte d'Ivoire,Data systems & quality,% accuracy of data fields (annual data audit),Process,2027,90.0,%,Percentage,Higher is better,Data systems,%,,,https://build.thinkglobalhealth.org/wp-content/uploads/2026/07/Cote-dIvoire-MOU.pdf
Côte d'Ivoire,Data systems & quality,% accuracy of data fields (annual data audit),Process,2028,90.0,%,Percentage,Higher is better,Data systems,%,,,https://build.thinkglobalhealth.org/wp-content/uploads/2026/07/Cote-dIvoire-MOU.pdf
Côte d'Ivoire,Data systems & quality,% accuracy of data fields (annual data audit),Process,2029,90.0,%,Percentage,Higher is better,Data systems,%,,,https://build.thinkglobalhealth.org/wp-content/uploads/2026/07/Cote-dIvoire-MOU.pdf
Côte d'Ivoire,Data systems & quality,% accuracy of data fields (annual data audit),Process,2030,90.0,%,Percentage,Higher is better,Data systems,%,,,https://build.thinkglobalhealth.org/wp-content/uploads/2026/07/Cote-dIvoire-MOU.pdf
Côte d'Ivoire,GHS / outbreak response,Detect suspected outbreaks within 7 days of emergence,Outbreak response (7-1-7),2026,7.0,days,Days,Lower is better,GHS,days; standing commitment,,,https://build.thinkglobalhealth.org/wp-content/uploads/2026/07/Cote-dIvoire-MOU.pdf
Côte d'Ivoire,GHS / outbreak response,Detect suspected outbreaks within 7 days of emergence,Outbreak response (7-1-7),2027,7.0,days,Days,Lower is better,GHS,days; standing commitment,,,https://build.thinkglobalhealth.org/wp-content/uploads/2026/07/Cote-dIvoire-MOU.pdf
Côte d'Ivoire,GHS / outbreak response,Detect suspected outbreaks within 7 days of emergence,Outbreak response (7-1-7),2028,7.0,days,Days,Lower is better,GHS,days; standing commitment,,,https://build.thinkglobalhealth.org/wp-content/uploads/2026/07/Cote-dIvoire-MOU.pdf
Côte d'Ivoire,GHS / outbreak response,Detect suspected outbreaks within 7 days of emergence,Outbreak response (7-1-7),2029,7.0,days,Days,Lower is better,GHS,days; standing commitment,,,https://build.thinkglobalhealth.org/wp-content/uploads/2026/07/Cote-dIvoire-MOU.pdf
Côte d'Ivoire,GHS / outbreak response,Detect suspected outbreaks within 7 days of emergence,Outbreak response (7-1-7),2030,7.0,days,Days,Lower is better,GHS,days; standing commitment,,,https://build.thinkglobalhealth.org/wp-content/uploads/2026/07/Cote-dIvoire-MOU.pdf
Côte d'Ivoire,GHS / outbreak response,Notify USG within 1 day of detection,Outbreak response (7-1-7),2026,1.0,days,Days,Lower is better,GHS,days; standing commitment,,,https://build.thinkglobalhealth.org/wp-content/uploads/2026/07/Cote-dIvoire-MOU.pdf
Côte d'Ivoire,GHS / outbreak response,Notify USG within 1 day of detection,Outbreak response (7-1-7),2027,1.0,days,Days,Lower is better,GHS,days; standing commitment,,,https://build.thinkglobalhealth.org/wp-content/uploads/2026/07/Cote-dIvoire-MOU.pdf
Côte d'Ivoire,GHS / outbreak response,Notify USG within 1 day of detection,Outbreak response (7-1-7),2028,1.0,days,Days,Lower is better,GHS,days; standing commitment,,,https://build.thinkglobalhealth.org/wp-content/uploads/2026/07/Cote-dIvoire-MOU.pdf
Côte d'Ivoire,GHS / outbreak response,Notify USG within 1 day of detection,Outbreak response (7-1-7),2029,1.0,days,Days,Lower is better,GHS,days; standing commitment,,,https://build.thinkglobalhealth.org/wp-content/uploads/2026/07/Cote-dIvoire-MOU.pdf
Côte d'Ivoire,GHS / outbreak response,Notify USG within 1 day of detection,Outbreak response (7-1-7),2030,1.0,days,Days,Lower is better,GHS,days; standing commitment,,,https://build.thinkglobalhealth.org/wp-content/uploads/2026/07/Cote-dIvoire-MOU.pdf
Côte d'Ivoire,GHS / outbreak response,Complete initial response within 7 days of notification,Outbreak response (7-1-7),2026,7.0,days,Days,Lower is better,GHS,days; standing commitment,,,https://build.thinkglobalhealth.org/wp-content/uploads/2026/07/Cote-dIvoire-MOU.pdf
Côte d'Ivoire,GHS / outbreak response,Complete initial response within 7 days of notification,Outbreak response (7-1-7),2027,7.0,days,Days,Lower is better,GHS,days; standing commitment,,,https://build.thinkglobalhealth.org/wp-content/uploads/2026/07/Cote-dIvoire-MOU.pdf
Côte d'Ivoire,GHS / outbreak response,Complete initial response within 7 days of notification,Outbreak response (7-1-7),2028,7.0,days,Days,Lower is better,GHS,days; standing commitment,,,https://build.thinkglobalhealth.org/wp-content/uploads/2026/07/Cote-dIvoire-MOU.pdf
Côte d'Ivoire,GHS / outbreak response,Complete initial response within 7 days of notification,Outbreak response (7-1-7),2029,7.0,days,Days,Lower is better,GHS,days; standing commitment,,,https://build.thinkglobalhealth.org/wp-content/uploads/2026/07/Cote-dIvoire-MOU.pdf
Côte d'Ivoire,GHS / outbreak response,Complete initial response within 7 days of notification,Outbreak response (7-1-7),2030,7.0,days,Days,Lower is better,GHS,days; standing commitment,,,https://build.thinkglobalhealth.org/wp-content/uploads/2026/07/Cote-dIvoire-MOU.pdf
Lesotho,HIV/AIDS,% People With HIV Who Know Their Status,Outcome,Baseline,97.0,%,Percentage,Higher is better,HIV/AIDS,,,,https://www.citizen.org/wp-content/uploads/LESOTHO_FL-2026-00021_August-2026-Production_RELEASE.pdf
Lesotho,HIV/AIDS,% People With HIV Who Know Their Status,Outcome,2026,97.0,%,Percentage,Higher is better,HIV/AIDS,,,,https://www.citizen.org/wp-content/uploads/LESOTHO_FL-2026-00021_August-2026-Production_RELEASE.pdf
Lesotho,HIV/AIDS,% People With HIV Who Know Their Status,Outcome,2027,97.0,%,Percentage,Higher is better,HIV/AIDS,,,,https://www.citizen.org/wp-content/uploads/LESOTHO_FL-2026-00021_August-2026-Production_RELEASE.pdf
Lesotho,HIV/AIDS,% People With HIV Who Know Their Status,Outcome,2028,98.0,%,Percentage,Higher is better,HIV/AIDS,,,,https://www.citizen.org/wp-content/uploads/LESOTHO_FL-2026-00021_August-2026-Production_RELEASE.pdf
Lesotho,HIV/AIDS,% People With HIV Who Know Their Status,Outcome,2029,98.0,%,Percentage,Higher is better,HIV/AIDS,,,,https://www.citizen.org/wp-content/uploads/LESOTHO_FL-2026-00021_August-2026-Production_RELEASE.pdf
Lesotho,HIV/AIDS,% People With HIV Who Know Their Status,Outcome,2030,99.0,%,Percentage,Higher is better,HIV/AIDS,,,,https://www.citizen.org/wp-content/uploads/LESOTHO_FL-2026-00021_August-2026-Production_RELEASE.pdf
Lesotho,HIV/AIDS,% People Who Know Their HIV Status on Treatment,Outcome,Baseline,97.0,%,Percentage,Higher is better,HIV/AIDS,,,,https://www.citizen.org/wp-content/uploads/LESOTHO_FL-2026-00021_August-2026-Production_RELEASE.pdf
Lesotho,HIV/AIDS,% People Who Know Their HIV Status on Treatment,Outcome,2026,97.0,%,Percentage,Higher is better,HIV/AIDS,,,,https://www.citizen.org/wp-content/uploads/LESOTHO_FL-2026-00021_August-2026-Production_RELEASE.pdf
Lesotho,HIV/AIDS,% People Who Know Their HIV Status on Treatment,Outcome,2027,97.0,%,Percentage,Higher is better,HIV/AIDS,,,,https://www.citizen.org/wp-content/uploads/LESOTHO_FL-2026-00021_August-2026-Production_RELEASE.pdf
Lesotho,HIV/AIDS,% People Who Know Their HIV Status on Treatment,Outcome,2028,98.0,%,Percentage,Higher is better,HIV/AIDS,,,,https://www.citizen.org/wp-content/uploads/LESOTHO_FL-2026-00021_August-2026-Production_RELEASE.pdf
Lesotho,HIV/AIDS,% People Who Know Their HIV Status on Treatment,Outcome,2029,98.0,%,Percentage,Higher is better,HIV/AIDS,,,,https://www.citizen.org/wp-content/uploads/LESOTHO_FL-2026-00021_August-2026-Production_RELEASE.pdf
Lesotho,HIV/AIDS,% People Who Know Their HIV Status on Treatment,Outcome,2030,99.0,%,Percentage,Higher is better,HIV/AIDS,,,,https://www.citizen.org/wp-content/uploads/LESOTHO_FL-2026-00021_August-2026-Production_RELEASE.pdf
Lesotho,HIV/AIDS,% People On Antiretroviral Treatment (ART) Who Are Virally Suppressed,Outcome,Baseline,99.0,%,Percentage,Higher is better,HIV/AIDS,,,,https://www.citizen.org/wp-content/uploads/LESOTHO_FL-2026-00021_August-2026-Production_RELEASE.pdf
Lesotho,HIV/AIDS,% People On Antiretroviral Treatment (ART) Who Are Virally Suppressed,Outcome,2026,99.0,%,Percentage,Higher is better,HIV/AIDS,,,,https://www.citizen.org/wp-content/uploads/LESOTHO_FL-2026-00021_August-2026-Production_RELEASE.pdf
Lesotho,HIV/AIDS,% People On Antiretroviral Treatment (ART) Who Are Virally Suppressed,Outcome,2027,99.0,%,Percentage,Higher is better,HIV/AIDS,,,,https://www.citizen.org/wp-content/uploads/LESOTHO_FL-2026-00021_August-2026-Production_RELEASE.pdf
Lesotho,HIV/AIDS,% People On Antiretroviral Treatment (ART) Who Are Virally Suppressed,Outcome,2028,99.0,%,Percentage,Higher is better,HIV/AIDS,,,,https://www.citizen.org/wp-content/uploads/LESOTHO_FL-2026-00021_August-2026-Production_RELEASE.pdf
Lesotho,HIV/AIDS,% People On Antiretroviral Treatment (ART) Who Are Virally Suppressed,Outcome,2029,99.0,%,Percentage,Higher is better,HIV/AIDS,,,,https://www.citizen.org/wp-content/uploads/LESOTHO_FL-2026-00021_August-2026-Production_RELEASE.pdf
Lesotho,HIV/AIDS,% People On Antiretroviral Treatment (ART) Who Are Virally Suppressed,Outcome,2030,99.0,%,Percentage,Higher is better,HIV/AIDS,,,,https://www.citizen.org/wp-content/uploads/LESOTHO_FL-2026-00021_August-2026-Production_RELEASE.pdf
Lesotho,TB,# TB Deaths,Outcome,Baseline,1600.0,count,Absolute number,Lower is better,TB,,,,https://www.citizen.org/wp-content/uploads/LESOTHO_FL-2026-00021_August-2026-Production_RELEASE.pdf
Lesotho,TB,# TB Deaths,Outcome,2026,1200.0,count,Absolute number,Lower is better,TB,,,,https://www.citizen.org/wp-content/uploads/LESOTHO_FL-2026-00021_August-2026-Production_RELEASE.pdf
Lesotho,TB,# TB Deaths,Outcome,2027,1000.0,count,Absolute number,Lower is better,TB,,,,https://www.citizen.org/wp-content/uploads/LESOTHO_FL-2026-00021_August-2026-Production_RELEASE.pdf
Lesotho,TB,# TB Deaths,Outcome,2028,800.0,count,Absolute number,Lower is better,TB,,,,https://www.citizen.org/wp-content/uploads/LESOTHO_FL-2026-00021_August-2026-Production_RELEASE.pdf
Lesotho,TB,# TB Deaths,Outcome,2029,500.0,count,Absolute number,Lower is better,TB,,,,https://www.citizen.org/wp-content/uploads/LESOTHO_FL-2026-00021_August-2026-Production_RELEASE.pdf
Lesotho,TB,# TB Deaths,Outcome,2030,400.0,count,Absolute number,Lower is better,TB,,,,https://www.citizen.org/wp-content/uploads/LESOTHO_FL-2026-00021_August-2026-Production_RELEASE.pdf
Lesotho,MCH,Maternal Mortality Rate,Outcome,Baseline,478.0,"per 100,000",Rate,Lower is better,MCH,"The MOU prints no denominator for this row; other MOUs use per 100,000 live births.",,,https://www.citizen.org/wp-content/uploads/LESOTHO_FL-2026-00021_August-2026-Production_RELEASE.pdf
Lesotho,MCH,Maternal Mortality Rate,Outcome,2026,430.0,"per 100,000",Rate,Lower is better,MCH,"The MOU prints no denominator for this row; other MOUs use per 100,000 live births.",,,https://www.citizen.org/wp-content/uploads/LESOTHO_FL-2026-00021_August-2026-Production_RELEASE.pdf
Lesotho,MCH,Maternal Mortality Rate,Outcome,2027,405.0,"per 100,000",Rate,Lower is better,MCH,"The MOU prints no denominator for this row; other MOUs use per 100,000 live births.",,,https://www.citizen.org/wp-content/uploads/LESOTHO_FL-2026-00021_August-2026-Production_RELEASE.pdf
Lesotho,MCH,Maternal Mortality Rate,Outcome,2028,380.0,"per 100,000",Rate,Lower is better,MCH,"The MOU prints no denominator for this row; other MOUs use per 100,000 live births.",,,https://www.citizen.org/wp-content/uploads/LESOTHO_FL-2026-00021_August-2026-Production_RELEASE.pdf
Lesotho,MCH,Maternal Mortality Rate,Outcome,2029,355.0,"per 100,000",Rate,Lower is better,MCH,"The MOU prints no denominator for this row; other MOUs use per 100,000 live births.",,,https://www.citizen.org/wp-content/uploads/LESOTHO_FL-2026-00021_August-2026-Production_RELEASE.pdf
Lesotho,MCH,Maternal Mortality Rate,Outcome,2030,330.0,"per 100,000",Rate,Lower is better,MCH,"The MOU prints no denominator for this row; other MOUs use per 100,000 live births.",,,https://www.citizen.org/wp-content/uploads/LESOTHO_FL-2026-00021_August-2026-Production_RELEASE.pdf
Lesotho,MCH,Children Under 5 Mortality Rate,Outcome,Baseline,54.0,"per 1,000",Rate,Lower is better,MCH,,,,https://www.citizen.org/wp-content/uploads/LESOTHO_FL-2026-00021_August-2026-Production_RELEASE.pdf
Lesotho,MCH,Children Under 5 Mortality Rate,Outcome,2026,51.0,"per 1,000",Rate,Lower is better,MCH,,,,https://www.citizen.org/wp-content/uploads/LESOTHO_FL-2026-00021_August-2026-Production_RELEASE.pdf
Lesotho,MCH,Children Under 5 Mortality Rate,Outcome,2027,49.0,"per 1,000",Rate,Lower is better,MCH,,,,https://www.citizen.org/wp-content/uploads/LESOTHO_FL-2026-00021_August-2026-Production_RELEASE.pdf
Lesotho,MCH,Children Under 5 Mortality Rate,Outcome,2028,46.0,"per 1,000",Rate,Lower is better,MCH,,,,https://www.citizen.org/wp-content/uploads/LESOTHO_FL-2026-00021_August-2026-Production_RELEASE.pdf
Lesotho,MCH,Children Under 5 Mortality Rate,Outcome,2029,42.0,"per 1,000",Rate,Lower is better,MCH,,,,https://www.citizen.org/wp-content/uploads/LESOTHO_FL-2026-00021_August-2026-Production_RELEASE.pdf
Lesotho,MCH,Children Under 5 Mortality Rate,Outcome,2030,40.0,"per 1,000",Rate,Lower is better,MCH,,,,https://www.citizen.org/wp-content/uploads/LESOTHO_FL-2026-00021_August-2026-Production_RELEASE.pdf
Lesotho,HIV/AIDS,# people on ART,Process,Baseline,243507.0,count,Absolute number,Higher is better,HIV/AIDS,Declines after 2026 and is flat 2029-2030.,,,https://www.citizen.org/wp-content/uploads/LESOTHO_FL-2026-00021_August-2026-Production_RELEASE.pdf
Lesotho,HIV/AIDS,# people on ART,Process,2026,250320.0,count,Absolute number,Higher is better,HIV/AIDS,Declines after 2026 and is flat 2029-2030.,,,https://www.citizen.org/wp-content/uploads/LESOTHO_FL-2026-00021_August-2026-Production_RELEASE.pdf
Lesotho,HIV/AIDS,# people on ART,Process,2027,249208.0,count,Absolute number,Higher is better,HIV/AIDS,Declines after 2026 and is flat 2029-2030.,,,https://www.citizen.org/wp-content/uploads/LESOTHO_FL-2026-00021_August-2026-Production_RELEASE.pdf
Lesotho,HIV/AIDS,# people on ART,Process,2028,247865.0,count,Absolute number,Higher is better,HIV/AIDS,Declines after 2026 and is flat 2029-2030.,,,https://www.citizen.org/wp-content/uploads/LESOTHO_FL-2026-00021_August-2026-Production_RELEASE.pdf
Lesotho,HIV/AIDS,# people on ART,Process,2029,246359.0,count,Absolute number,Higher is better,HIV/AIDS,Declines after 2026 and is flat 2029-2030.,,,https://www.citizen.org/wp-content/uploads/LESOTHO_FL-2026-00021_August-2026-Production_RELEASE.pdf
Lesotho,HIV/AIDS,# people on ART,Process,2030,246359.0,count,Absolute number,Higher is better,HIV/AIDS,Declines after 2026 and is flat 2029-2030.,,,https://www.citizen.org/wp-content/uploads/LESOTHO_FL-2026-00021_August-2026-Production_RELEASE.pdf
Lesotho,HIV/AIDS,# new HIV diagnoses among infants (0-18 months),Process,Baseline,1604.0,count,Absolute number,Lower is better,HIV/AIDS,,,,https://www.citizen.org/wp-content/uploads/LESOTHO_FL-2026-00021_August-2026-Production_RELEASE.pdf
Lesotho,HIV/AIDS,# new HIV diagnoses among infants (0-18 months),Process,2026,1453.0,count,Absolute number,Lower is better,HIV/AIDS,,,,https://www.citizen.org/wp-content/uploads/LESOTHO_FL-2026-00021_August-2026-Production_RELEASE.pdf
Lesotho,HIV/AIDS,# new HIV diagnoses among infants (0-18 months),Process,2027,1333.0,count,Absolute number,Lower is better,HIV/AIDS,,,,https://www.citizen.org/wp-content/uploads/LESOTHO_FL-2026-00021_August-2026-Production_RELEASE.pdf
Lesotho,HIV/AIDS,# new HIV diagnoses among infants (0-18 months),Process,2028,1212.0,count,Absolute number,Lower is better,HIV/AIDS,,,,https://www.citizen.org/wp-content/uploads/LESOTHO_FL-2026-00021_August-2026-Production_RELEASE.pdf
Lesotho,HIV/AIDS,# new HIV diagnoses among infants (0-18 months),Process,2029,1107.0,count,Absolute number,Lower is better,HIV/AIDS,,,,https://www.citizen.org/wp-content/uploads/LESOTHO_FL-2026-00021_August-2026-Production_RELEASE.pdf
Lesotho,HIV/AIDS,# new HIV diagnoses among infants (0-18 months),Process,2030,1001.0,count,Absolute number,Lower is better,HIV/AIDS,,,,https://www.citizen.org/wp-content/uploads/LESOTHO_FL-2026-00021_August-2026-Production_RELEASE.pdf
Lesotho,HIV/AIDS,# new HIV diagnoses among children and adults (age 18 months or older),Process,Baseline,2498.0,count,Absolute number,Lower is better,HIV/AIDS,"Non-monotonic as printed: 2027 (1,703) is above 2026 (1,681) and 2029 (1,336) is above 2028 (1,305).",,,https://www.citizen.org/wp-content/uploads/LESOTHO_FL-2026-00021_August-2026-Production_RELEASE.pdf
Lesotho,HIV/AIDS,# new HIV diagnoses among children and adults (age 18 months or older),Process,2026,1681.0,count,Absolute number,Lower is better,HIV/AIDS,"Non-monotonic as printed: 2027 (1,703) is above 2026 (1,681) and 2029 (1,336) is above 2028 (1,305).",,,https://www.citizen.org/wp-content/uploads/LESOTHO_FL-2026-00021_August-2026-Production_RELEASE.pdf
Lesotho,HIV/AIDS,# new HIV diagnoses among children and adults (age 18 months or older),Process,2027,1703.0,count,Absolute number,Lower is better,HIV/AIDS,"Non-monotonic as printed: 2027 (1,703) is above 2026 (1,681) and 2029 (1,336) is above 2028 (1,305).",,,https://www.citizen.org/wp-content/uploads/LESOTHO_FL-2026-00021_August-2026-Production_RELEASE.pdf
Lesotho,HIV/AIDS,# new HIV diagnoses among children and adults (age 18 months or older),Process,2028,1305.0,count,Absolute number,Lower is better,HIV/AIDS,"Non-monotonic as printed: 2027 (1,703) is above 2026 (1,681) and 2029 (1,336) is above 2028 (1,305).",,,https://www.citizen.org/wp-content/uploads/LESOTHO_FL-2026-00021_August-2026-Production_RELEASE.pdf
Lesotho,HIV/AIDS,# new HIV diagnoses among children and adults (age 18 months or older),Process,2029,1336.0,count,Absolute number,Lower is better,HIV/AIDS,"Non-monotonic as printed: 2027 (1,703) is above 2026 (1,681) and 2029 (1,336) is above 2028 (1,305).",,,https://www.citizen.org/wp-content/uploads/LESOTHO_FL-2026-00021_August-2026-Production_RELEASE.pdf
Lesotho,HIV/AIDS,# new HIV diagnoses among children and adults (age 18 months or older),Process,2030,1098.0,count,Absolute number,Lower is better,HIV/AIDS,"Non-monotonic as printed: 2027 (1,703) is above 2026 (1,681) and 2029 (1,336) is above 2028 (1,305).",,,https://www.citizen.org/wp-content/uploads/LESOTHO_FL-2026-00021_August-2026-Production_RELEASE.pdf
Lesotho,HIV/AIDS,% pregnant and breastfeeding women living with HIV who receive ART,Process,Baseline,99.0,%,Percentage,Higher is better,HIV/AIDS,,,,https://www.citizen.org/wp-content/uploads/LESOTHO_FL-2026-00021_August-2026-Production_RELEASE.pdf
Lesotho,HIV/AIDS,% pregnant and breastfeeding women living with HIV who receive ART,Process,2026,99.0,%,Percentage,Higher is better,HIV/AIDS,,,,https://www.citizen.org/wp-content/uploads/LESOTHO_FL-2026-00021_August-2026-Production_RELEASE.pdf
Lesotho,HIV/AIDS,% pregnant and breastfeeding women living with HIV who receive ART,Process,2027,99.0,%,Percentage,Higher is better,HIV/AIDS,,,,https://www.citizen.org/wp-content/uploads/LESOTHO_FL-2026-00021_August-2026-Production_RELEASE.pdf
Lesotho,HIV/AIDS,% pregnant and breastfeeding women living with HIV who receive ART,Process,2028,99.0,%,Percentage,Higher is better,HIV/AIDS,,,,https://www.citizen.org/wp-content/uploads/LESOTHO_FL-2026-00021_August-2026-Production_RELEASE.pdf
Lesotho,HIV/AIDS,% pregnant and breastfeeding women living with HIV who receive ART,Process,2029,99.0,%,Percentage,Higher is better,HIV/AIDS,,,,https://www.citizen.org/wp-content/uploads/LESOTHO_FL-2026-00021_August-2026-Production_RELEASE.pdf
Lesotho,HIV/AIDS,% pregnant and breastfeeding women living with HIV who receive ART,Process,2030,99.0,%,Percentage,Higher is better,HIV/AIDS,,,,https://www.citizen.org/wp-content/uploads/LESOTHO_FL-2026-00021_August-2026-Production_RELEASE.pdf
Lesotho,TB,"# patients with TB notified (i.e., bacteriologically confirmed + clinically diagnosed)",Process,Baseline,6163.0,count,Absolute number,Higher is better,TB,,,,https://www.citizen.org/wp-content/uploads/LESOTHO_FL-2026-00021_August-2026-Production_RELEASE.pdf
Lesotho,TB,"# patients with TB notified (i.e., bacteriologically confirmed + clinically diagnosed)",Process,2026,8769.0,count,Absolute number,Higher is better,TB,,,,https://www.citizen.org/wp-content/uploads/LESOTHO_FL-2026-00021_August-2026-Production_RELEASE.pdf
Lesotho,TB,"# patients with TB notified (i.e., bacteriologically confirmed + clinically diagnosed)",Process,2027,9295.0,count,Absolute number,Higher is better,TB,,,,https://www.citizen.org/wp-content/uploads/LESOTHO_FL-2026-00021_August-2026-Production_RELEASE.pdf
Lesotho,TB,"# patients with TB notified (i.e., bacteriologically confirmed + clinically diagnosed)",Process,2028,9853.0,count,Absolute number,Higher is better,TB,,,,https://www.citizen.org/wp-content/uploads/LESOTHO_FL-2026-00021_August-2026-Production_RELEASE.pdf
Lesotho,TB,"# patients with TB notified (i.e., bacteriologically confirmed + clinically diagnosed)",Process,2029,9853.0,count,Absolute number,Higher is better,TB,,,,https://www.citizen.org/wp-content/uploads/LESOTHO_FL-2026-00021_August-2026-Production_RELEASE.pdf
Lesotho,TB,"# patients with TB notified (i.e., bacteriologically confirmed + clinically diagnosed)",Process,2030,9853.0,count,Absolute number,Higher is better,TB,,,,https://www.citizen.org/wp-content/uploads/LESOTHO_FL-2026-00021_August-2026-Production_RELEASE.pdf
Lesotho,TB,% patients with TB notified who completed treatment,Process,Baseline,81.0,%,Percentage,Higher is better,TB,,,,https://www.citizen.org/wp-content/uploads/LESOTHO_FL-2026-00021_August-2026-Production_RELEASE.pdf
Lesotho,TB,% patients with TB notified who completed treatment,Process,2026,85.0,%,Percentage,Higher is better,TB,,,,https://www.citizen.org/wp-content/uploads/LESOTHO_FL-2026-00021_August-2026-Production_RELEASE.pdf
Lesotho,TB,% patients with TB notified who completed treatment,Process,2027,88.0,%,Percentage,Higher is better,TB,,,,https://www.citizen.org/wp-content/uploads/LESOTHO_FL-2026-00021_August-2026-Production_RELEASE.pdf
Lesotho,TB,% patients with TB notified who completed treatment,Process,2028,90.0,%,Percentage,Higher is better,TB,,,,https://www.citizen.org/wp-content/uploads/LESOTHO_FL-2026-00021_August-2026-Production_RELEASE.pdf
Lesotho,TB,% patients with TB notified who completed treatment,Process,2029,90.0,%,Percentage,Higher is better,TB,,,,https://www.citizen.org/wp-content/uploads/LESOTHO_FL-2026-00021_August-2026-Production_RELEASE.pdf
Lesotho,TB,% patients with TB notified who completed treatment,Process,2030,90.0,%,Percentage,Higher is better,TB,,,,https://www.citizen.org/wp-content/uploads/LESOTHO_FL-2026-00021_August-2026-Production_RELEASE.pdf
Lesotho,MCH,Median number of antenatal care visits for pregnant women,Process,Baseline,3.8,visits,Count (visits),Higher is better,MCH,,,,https://www.citizen.org/wp-content/uploads/LESOTHO_FL-2026-00021_August-2026-Production_RELEASE.pdf
Lesotho,MCH,Median number of antenatal care visits for pregnant women,Process,2026,4.0,visits,Count (visits),Higher is better,MCH,,,,https://www.citizen.org/wp-content/uploads/LESOTHO_FL-2026-00021_August-2026-Production_RELEASE.pdf
Lesotho,MCH,Median number of antenatal care visits for pregnant women,Process,2027,4.0,visits,Count (visits),Higher is better,MCH,,,,https://www.citizen.org/wp-content/uploads/LESOTHO_FL-2026-00021_August-2026-Production_RELEASE.pdf
Lesotho,MCH,Median number of antenatal care visits for pregnant women,Process,2028,5.0,visits,Count (visits),Higher is better,MCH,,,,https://www.citizen.org/wp-content/uploads/LESOTHO_FL-2026-00021_August-2026-Production_RELEASE.pdf
Lesotho,MCH,Median number of antenatal care visits for pregnant women,Process,2029,5.0,visits,Count (visits),Higher is better,MCH,,,,https://www.citizen.org/wp-content/uploads/LESOTHO_FL-2026-00021_August-2026-Production_RELEASE.pdf
Lesotho,MCH,Median number of antenatal care visits for pregnant women,Process,2030,6.0,visits,Count (visits),Higher is better,MCH,,,,https://www.citizen.org/wp-content/uploads/LESOTHO_FL-2026-00021_August-2026-Production_RELEASE.pdf
Lesotho,Data systems & quality,% accuracy of data fields assessed during the annual data audit (# on ART),Process,2026,85.0,%,Percentage,Higher is better,Data systems & quality,No baseline printed.,,,https://www.citizen.org/wp-content/uploads/LESOTHO_FL-2026-00021_August-2026-Production_RELEASE.pdf
Lesotho,Data systems & quality,% accuracy of data fields assessed during the annual data audit (# on ART),Process,2027,85.0,%,Percentage,Higher is better,Data systems & quality,No baseline printed.,,,https://www.citizen.org/wp-content/uploads/LESOTHO_FL-2026-00021_August-2026-Production_RELEASE.pdf
Lesotho,Data systems & quality,% accuracy of data fields assessed during the annual data audit (# on ART),Process,2028,90.0,%,Percentage,Higher is better,Data systems & quality,No baseline printed.,,,https://www.citizen.org/wp-content/uploads/LESOTHO_FL-2026-00021_August-2026-Production_RELEASE.pdf
Lesotho,Data systems & quality,% accuracy of data fields assessed during the annual data audit (# on ART),Process,2029,95.0,%,Percentage,Higher is better,Data systems & quality,No baseline printed.,,,https://www.citizen.org/wp-content/uploads/LESOTHO_FL-2026-00021_August-2026-Production_RELEASE.pdf
Lesotho,Data systems & quality,% accuracy of data fields assessed during the annual data audit (# on ART),Process,2030,98.0,%,Percentage,Higher is better,Data systems & quality,No baseline printed.,,,https://www.citizen.org/wp-content/uploads/LESOTHO_FL-2026-00021_August-2026-Production_RELEASE.pdf
Lesotho,Data systems & quality,% accuracy of data fields assessed during the annual data audit (# Tested for HIV),Process,2026,85.0,%,Percentage,Higher is better,Data systems & quality,No baseline printed.,,,https://www.citizen.org/wp-content/uploads/LESOTHO_FL-2026-00021_August-2026-Production_RELEASE.pdf
Lesotho,Data systems & quality,% accuracy of data fields assessed during the annual data audit (# Tested for HIV),Process,2027,85.0,%,Percentage,Higher is better,Data systems & quality,No baseline printed.,,,https://www.citizen.org/wp-content/uploads/LESOTHO_FL-2026-00021_August-2026-Production_RELEASE.pdf
Lesotho,Data systems & quality,% accuracy of data fields assessed during the annual data audit (# Tested for HIV),Process,2028,90.0,%,Percentage,Higher is better,Data systems & quality,No baseline printed.,,,https://www.citizen.org/wp-content/uploads/LESOTHO_FL-2026-00021_August-2026-Production_RELEASE.pdf
Lesotho,Data systems & quality,% accuracy of data fields assessed during the annual data audit (# Tested for HIV),Process,2029,95.0,%,Percentage,Higher is better,Data systems & quality,No baseline printed.,,,https://www.citizen.org/wp-content/uploads/LESOTHO_FL-2026-00021_August-2026-Production_RELEASE.pdf
Lesotho,Data systems & quality,% accuracy of data fields assessed during the annual data audit (# Tested for HIV),Process,2030,98.0,%,Percentage,Higher is better,Data systems & quality,No baseline printed.,,,https://www.citizen.org/wp-content/uploads/LESOTHO_FL-2026-00021_August-2026-Production_RELEASE.pdf
Lesotho,Data systems & quality,% accuracy of data fields assessed during the annual data audit (# Tested for TB Screening),Process,2026,85.0,%,Percentage,Higher is better,Data systems & quality,No baseline printed.,,,https://www.citizen.org/wp-content/uploads/LESOTHO_FL-2026-00021_August-2026-Production_RELEASE.pdf
Lesotho,Data systems & quality,% accuracy of data fields assessed during the annual data audit (# Tested for TB Screening),Process,2027,85.0,%,Percentage,Higher is better,Data systems & quality,No baseline printed.,,,https://www.citizen.org/wp-content/uploads/LESOTHO_FL-2026-00021_August-2026-Production_RELEASE.pdf
Lesotho,Data systems & quality,% accuracy of data fields assessed during the annual data audit (# Tested for TB Screening),Process,2028,90.0,%,Percentage,Higher is better,Data systems & quality,No baseline printed.,,,https://www.citizen.org/wp-content/uploads/LESOTHO_FL-2026-00021_August-2026-Production_RELEASE.pdf
Lesotho,Data systems & quality,% accuracy of data fields assessed during the annual data audit (# Tested for TB Screening),Process,2029,95.0,%,Percentage,Higher is better,Data systems & quality,No baseline printed.,,,https://www.citizen.org/wp-content/uploads/LESOTHO_FL-2026-00021_August-2026-Production_RELEASE.pdf
Lesotho,Data systems & quality,% accuracy of data fields assessed during the annual data audit (# Tested for TB Screening),Process,2030,98.0,%,Percentage,Higher is better,Data systems & quality,No baseline printed.,,,https://www.citizen.org/wp-content/uploads/LESOTHO_FL-2026-00021_August-2026-Production_RELEASE.pdf
Lesotho,GHS / outbreak response,Detects suspected infectious disease outbreaks with epidemic potential within X days of disease emergence,Outbreak response (7-1-7),Baseline,7.0,days,Days,Lower is better,Infectious Disease Outbreak Response Metrics,"Standing commitment for the whole term, not a yearly target. Party named in the MOU: the Government of Lesotho",,"Sec 1.3, p.3",https://www.citizen.org/wp-content/uploads/LESOTHO_FL-2026-00021_August-2026-Production_RELEASE.pdf
Lesotho,GHS / outbreak response,Notifies the U.S. Government within X day(s) of detection of a confirmed infectious disease outbreak,Outbreak response (7-1-7),Baseline,1.0,days,Days,Lower is better,Infectious Disease Outbreak Response Metrics,"Standing commitment for the whole term, not a yearly target. Party named in the MOU: the Government of Lesotho",,"Sec 1.3, p.3",https://www.citizen.org/wp-content/uploads/LESOTHO_FL-2026-00021_August-2026-Production_RELEASE.pdf
Lesotho,GHS / outbreak response,Completes relevant initial response actions within X days of notification,Outbreak response (7-1-7),Baseline,7.0,days,Days,Lower is better,Infectious Disease Outbreak Response Metrics,"Standing commitment for the whole term, not a yearly target. Party named in the MOU: the Government of Lesotho",,"Sec 1.3, p.3",https://www.citizen.org/wp-content/uploads/LESOTHO_FL-2026-00021_August-2026-Production_RELEASE.pdf
Eswatini,HIV/AIDS,% People (15+ years) With HIV Who Know Their Status,Outcome,Baseline,98.0,%,Percentage,Higher is better,HIV/AIDS,Baseline year 2024. Superscript * = UNAIDS Spectrum.,2024 Baseline from: *UNAIDS Spectrum; ^Global TB report 2024; **World Bank estimates 2023; +MICS 2024. Subsequent years from National Multisectoral HIV Strategic Framework 2024-2028 and government projections.,"Sec 1.1 outcome-metrics table, p.2, footnote line beneath the table",https://www.citizen.org/wp-content/uploads/ESWATINI_FL-2026-00021_August-2026-Production_RELEASE.pdf
Eswatini,HIV/AIDS,% People (15+ years) With HIV Who Know Their Status,Outcome,2026,99.0,%,Percentage,Higher is better,HIV/AIDS,Baseline year 2024. Superscript * = UNAIDS Spectrum.,2024 Baseline from: *UNAIDS Spectrum; ^Global TB report 2024; **World Bank estimates 2023; +MICS 2024. Subsequent years from National Multisectoral HIV Strategic Framework 2024-2028 and government projections.,"Sec 1.1 outcome-metrics table, p.2, footnote line beneath the table",https://www.citizen.org/wp-content/uploads/ESWATINI_FL-2026-00021_August-2026-Production_RELEASE.pdf
Eswatini,HIV/AIDS,% People (15+ years) With HIV Who Know Their Status,Outcome,2027,99.0,%,Percentage,Higher is better,HIV/AIDS,Baseline year 2024. Superscript * = UNAIDS Spectrum.,2024 Baseline from: *UNAIDS Spectrum; ^Global TB report 2024; **World Bank estimates 2023; +MICS 2024. Subsequent years from National Multisectoral HIV Strategic Framework 2024-2028 and government projections.,"Sec 1.1 outcome-metrics table, p.2, footnote line beneath the table",https://www.citizen.org/wp-content/uploads/ESWATINI_FL-2026-00021_August-2026-Production_RELEASE.pdf
Eswatini,HIV/AIDS,% People (15+ years) With HIV Who Know Their Status,Outcome,2028,99.0,%,Percentage,Higher is better,HIV/AIDS,Baseline year 2024. Superscript * = UNAIDS Spectrum.,2024 Baseline from: *UNAIDS Spectrum; ^Global TB report 2024; **World Bank estimates 2023; +MICS 2024. Subsequent years from National Multisectoral HIV Strategic Framework 2024-2028 and government projections.,"Sec 1.1 outcome-metrics table, p.2, footnote line beneath the table",https://www.citizen.org/wp-content/uploads/ESWATINI_FL-2026-00021_August-2026-Production_RELEASE.pdf
Eswatini,HIV/AIDS,% People (15+ years) With HIV Who Know Their Status,Outcome,2029,99.0,%,Percentage,Higher is better,HIV/AIDS,Baseline year 2024. Superscript * = UNAIDS Spectrum.,2024 Baseline from: *UNAIDS Spectrum; ^Global TB report 2024; **World Bank estimates 2023; +MICS 2024. Subsequent years from National Multisectoral HIV Strategic Framework 2024-2028 and government projections.,"Sec 1.1 outcome-metrics table, p.2, footnote line beneath the table",https://www.citizen.org/wp-content/uploads/ESWATINI_FL-2026-00021_August-2026-Production_RELEASE.pdf
Eswatini,HIV/AIDS,% People (15+ years) With HIV Who Know Their Status,Outcome,2030,99.0,%,Percentage,Higher is better,HIV/AIDS,Baseline year 2024. Superscript * = UNAIDS Spectrum.,2024 Baseline from: *UNAIDS Spectrum; ^Global TB report 2024; **World Bank estimates 2023; +MICS 2024. Subsequent years from National Multisectoral HIV Strategic Framework 2024-2028 and government projections.,"Sec 1.1 outcome-metrics table, p.2, footnote line beneath the table",https://www.citizen.org/wp-content/uploads/ESWATINI_FL-2026-00021_August-2026-Production_RELEASE.pdf
Eswatini,HIV/AIDS,% People (15+ years) Who Know Their HIV Status on Treatment,Outcome,Baseline,98.5,%,Percentage,Higher is better,HIV/AIDS,Baseline year 2024. Superscript * = UNAIDS Spectrum.,2024 Baseline from: *UNAIDS Spectrum; ^Global TB report 2024; **World Bank estimates 2023; +MICS 2024. Subsequent years from National Multisectoral HIV Strategic Framework 2024-2028 and government projections.,"Sec 1.1 outcome-metrics table, p.2, footnote line beneath the table",https://www.citizen.org/wp-content/uploads/ESWATINI_FL-2026-00021_August-2026-Production_RELEASE.pdf
Eswatini,HIV/AIDS,% People (15+ years) Who Know Their HIV Status on Treatment,Outcome,2026,99.0,%,Percentage,Higher is better,HIV/AIDS,Baseline year 2024. Superscript * = UNAIDS Spectrum.,2024 Baseline from: *UNAIDS Spectrum; ^Global TB report 2024; **World Bank estimates 2023; +MICS 2024. Subsequent years from National Multisectoral HIV Strategic Framework 2024-2028 and government projections.,"Sec 1.1 outcome-metrics table, p.2, footnote line beneath the table",https://www.citizen.org/wp-content/uploads/ESWATINI_FL-2026-00021_August-2026-Production_RELEASE.pdf
Eswatini,HIV/AIDS,% People (15+ years) Who Know Their HIV Status on Treatment,Outcome,2027,99.0,%,Percentage,Higher is better,HIV/AIDS,Baseline year 2024. Superscript * = UNAIDS Spectrum.,2024 Baseline from: *UNAIDS Spectrum; ^Global TB report 2024; **World Bank estimates 2023; +MICS 2024. Subsequent years from National Multisectoral HIV Strategic Framework 2024-2028 and government projections.,"Sec 1.1 outcome-metrics table, p.2, footnote line beneath the table",https://www.citizen.org/wp-content/uploads/ESWATINI_FL-2026-00021_August-2026-Production_RELEASE.pdf
Eswatini,HIV/AIDS,% People (15+ years) Who Know Their HIV Status on Treatment,Outcome,2028,99.0,%,Percentage,Higher is better,HIV/AIDS,Baseline year 2024. Superscript * = UNAIDS Spectrum.,2024 Baseline from: *UNAIDS Spectrum; ^Global TB report 2024; **World Bank estimates 2023; +MICS 2024. Subsequent years from National Multisectoral HIV Strategic Framework 2024-2028 and government projections.,"Sec 1.1 outcome-metrics table, p.2, footnote line beneath the table",https://www.citizen.org/wp-content/uploads/ESWATINI_FL-2026-00021_August-2026-Production_RELEASE.pdf
Eswatini,HIV/AIDS,% People (15+ years) Who Know Their HIV Status on Treatment,Outcome,2029,99.0,%,Percentage,Higher is better,HIV/AIDS,Baseline year 2024. Superscript * = UNAIDS Spectrum.,2024 Baseline from: *UNAIDS Spectrum; ^Global TB report 2024; **World Bank estimates 2023; +MICS 2024. Subsequent years from National Multisectoral HIV Strategic Framework 2024-2028 and government projections.,"Sec 1.1 outcome-metrics table, p.2, footnote line beneath the table",https://www.citizen.org/wp-content/uploads/ESWATINI_FL-2026-00021_August-2026-Production_RELEASE.pdf
Eswatini,HIV/AIDS,% People (15+ years) Who Know Their HIV Status on Treatment,Outcome,2030,99.0,%,Percentage,Higher is better,HIV/AIDS,Baseline year 2024. Superscript * = UNAIDS Spectrum.,2024 Baseline from: *UNAIDS Spectrum; ^Global TB report 2024; **World Bank estimates 2023; +MICS 2024. Subsequent years from National Multisectoral HIV Strategic Framework 2024-2028 and government projections.,"Sec 1.1 outcome-metrics table, p.2, footnote line beneath the table",https://www.citizen.org/wp-content/uploads/ESWATINI_FL-2026-00021_August-2026-Production_RELEASE.pdf
Eswatini,HIV/AIDS,% People (15+ years) On Antiretroviral Treatment (ART) Who Are Virally Suppressed,Outcome,Baseline,98.0,%,Percentage,Higher is better,HIV/AIDS,Baseline year 2024. Superscript * = UNAIDS Spectrum.,2024 Baseline from: *UNAIDS Spectrum; ^Global TB report 2024; **World Bank estimates 2023; +MICS 2024. Subsequent years from National Multisectoral HIV Strategic Framework 2024-2028 and government projections.,"Sec 1.1 outcome-metrics table, p.2, footnote line beneath the table",https://www.citizen.org/wp-content/uploads/ESWATINI_FL-2026-00021_August-2026-Production_RELEASE.pdf
Eswatini,HIV/AIDS,% People (15+ years) On Antiretroviral Treatment (ART) Who Are Virally Suppressed,Outcome,2026,99.0,%,Percentage,Higher is better,HIV/AIDS,Baseline year 2024. Superscript * = UNAIDS Spectrum.,2024 Baseline from: *UNAIDS Spectrum; ^Global TB report 2024; **World Bank estimates 2023; +MICS 2024. Subsequent years from National Multisectoral HIV Strategic Framework 2024-2028 and government projections.,"Sec 1.1 outcome-metrics table, p.2, footnote line beneath the table",https://www.citizen.org/wp-content/uploads/ESWATINI_FL-2026-00021_August-2026-Production_RELEASE.pdf
Eswatini,HIV/AIDS,% People (15+ years) On Antiretroviral Treatment (ART) Who Are Virally Suppressed,Outcome,2027,99.0,%,Percentage,Higher is better,HIV/AIDS,Baseline year 2024. Superscript * = UNAIDS Spectrum.,2024 Baseline from: *UNAIDS Spectrum; ^Global TB report 2024; **World Bank estimates 2023; +MICS 2024. Subsequent years from National Multisectoral HIV Strategic Framework 2024-2028 and government projections.,"Sec 1.1 outcome-metrics table, p.2, footnote line beneath the table",https://www.citizen.org/wp-content/uploads/ESWATINI_FL-2026-00021_August-2026-Production_RELEASE.pdf
Eswatini,HIV/AIDS,% People (15+ years) On Antiretroviral Treatment (ART) Who Are Virally Suppressed,Outcome,2028,99.0,%,Percentage,Higher is better,HIV/AIDS,Baseline year 2024. Superscript * = UNAIDS Spectrum.,2024 Baseline from: *UNAIDS Spectrum; ^Global TB report 2024; **World Bank estimates 2023; +MICS 2024. Subsequent years from National Multisectoral HIV Strategic Framework 2024-2028 and government projections.,"Sec 1.1 outcome-metrics table, p.2, footnote line beneath the table",https://www.citizen.org/wp-content/uploads/ESWATINI_FL-2026-00021_August-2026-Production_RELEASE.pdf
Eswatini,HIV/AIDS,% People (15+ years) On Antiretroviral Treatment (ART) Who Are Virally Suppressed,Outcome,2029,99.0,%,Percentage,Higher is better,HIV/AIDS,Baseline year 2024. Superscript * = UNAIDS Spectrum.,2024 Baseline from: *UNAIDS Spectrum; ^Global TB report 2024; **World Bank estimates 2023; +MICS 2024. Subsequent years from National Multisectoral HIV Strategic Framework 2024-2028 and government projections.,"Sec 1.1 outcome-metrics table, p.2, footnote line beneath the table",https://www.citizen.org/wp-content/uploads/ESWATINI_FL-2026-00021_August-2026-Production_RELEASE.pdf
Eswatini,HIV/AIDS,% People (15+ years) On Antiretroviral Treatment (ART) Who Are Virally Suppressed,Outcome,2030,99.0,%,Percentage,Higher is better,HIV/AIDS,Baseline year 2024. Superscript * = UNAIDS Spectrum.,2024 Baseline from: *UNAIDS Spectrum; ^Global TB report 2024; **World Bank estimates 2023; +MICS 2024. Subsequent years from National Multisectoral HIV Strategic Framework 2024-2028 and government projections.,"Sec 1.1 outcome-metrics table, p.2, footnote line beneath the table",https://www.citizen.org/wp-content/uploads/ESWATINI_FL-2026-00021_August-2026-Production_RELEASE.pdf
Eswatini,Malaria,# Malaria Deaths in Children Under 5,Outcome,Baseline,0.0,count,Absolute number,Lower is better,Malaria,Baseline year 2024.,,,https://www.citizen.org/wp-content/uploads/ESWATINI_FL-2026-00021_August-2026-Production_RELEASE.pdf
Eswatini,Malaria,# Malaria Deaths in Children Under 5,Outcome,2026,0.0,count,Absolute number,Lower is better,Malaria,Baseline year 2024.,,,https://www.citizen.org/wp-content/uploads/ESWATINI_FL-2026-00021_August-2026-Production_RELEASE.pdf
Eswatini,Malaria,# Malaria Deaths in Children Under 5,Outcome,2027,0.0,count,Absolute number,Lower is better,Malaria,Baseline year 2024.,,,https://www.citizen.org/wp-content/uploads/ESWATINI_FL-2026-00021_August-2026-Production_RELEASE.pdf
Eswatini,Malaria,# Malaria Deaths in Children Under 5,Outcome,2028,0.0,count,Absolute number,Lower is better,Malaria,Baseline year 2024.,,,https://www.citizen.org/wp-content/uploads/ESWATINI_FL-2026-00021_August-2026-Production_RELEASE.pdf
Eswatini,Malaria,# Malaria Deaths in Children Under 5,Outcome,2029,0.0,count,Absolute number,Lower is better,Malaria,Baseline year 2024.,,,https://www.citizen.org/wp-content/uploads/ESWATINI_FL-2026-00021_August-2026-Production_RELEASE.pdf
Eswatini,Malaria,# Malaria Deaths in Children Under 5,Outcome,2030,0.0,count,Absolute number,Lower is better,Malaria,Baseline year 2024.,,,https://www.citizen.org/wp-content/uploads/ESWATINI_FL-2026-00021_August-2026-Production_RELEASE.pdf
Eswatini,TB,"# TB Deaths (per 100,000)",Outcome,Baseline,79.0,"per 100,000",Rate,Lower is better,TB,Baseline year 2024. Superscript ^ = Global TB report 2024. Eswatini is the only MOU to express TB deaths as a rate rather than a count.,2024 Baseline from: *UNAIDS Spectrum; ^Global TB report 2024; **World Bank estimates 2023; +MICS 2024. Subsequent years from National Multisectoral HIV Strategic Framework 2024-2028 and government projections.,"Sec 1.1 outcome-metrics table, p.2, footnote line beneath the table",https://www.citizen.org/wp-content/uploads/ESWATINI_FL-2026-00021_August-2026-Production_RELEASE.pdf
Eswatini,TB,"# TB Deaths (per 100,000)",Outcome,2026,49.0,"per 100,000",Rate,Lower is better,TB,Baseline year 2024. Superscript ^ = Global TB report 2024. Eswatini is the only MOU to express TB deaths as a rate rather than a count.,2024 Baseline from: *UNAIDS Spectrum; ^Global TB report 2024; **World Bank estimates 2023; +MICS 2024. Subsequent years from National Multisectoral HIV Strategic Framework 2024-2028 and government projections.,"Sec 1.1 outcome-metrics table, p.2, footnote line beneath the table",https://www.citizen.org/wp-content/uploads/ESWATINI_FL-2026-00021_August-2026-Production_RELEASE.pdf
Eswatini,TB,"# TB Deaths (per 100,000)",Outcome,2027,41.0,"per 100,000",Rate,Lower is better,TB,Baseline year 2024. Superscript ^ = Global TB report 2024. Eswatini is the only MOU to express TB deaths as a rate rather than a count.,2024 Baseline from: *UNAIDS Spectrum; ^Global TB report 2024; **World Bank estimates 2023; +MICS 2024. Subsequent years from National Multisectoral HIV Strategic Framework 2024-2028 and government projections.,"Sec 1.1 outcome-metrics table, p.2, footnote line beneath the table",https://www.citizen.org/wp-content/uploads/ESWATINI_FL-2026-00021_August-2026-Production_RELEASE.pdf
Eswatini,TB,"# TB Deaths (per 100,000)",Outcome,2028,35.0,"per 100,000",Rate,Lower is better,TB,Baseline year 2024. Superscript ^ = Global TB report 2024. Eswatini is the only MOU to express TB deaths as a rate rather than a count.,2024 Baseline from: *UNAIDS Spectrum; ^Global TB report 2024; **World Bank estimates 2023; +MICS 2024. Subsequent years from National Multisectoral HIV Strategic Framework 2024-2028 and government projections.,"Sec 1.1 outcome-metrics table, p.2, footnote line beneath the table",https://www.citizen.org/wp-content/uploads/ESWATINI_FL-2026-00021_August-2026-Production_RELEASE.pdf
Eswatini,TB,"# TB Deaths (per 100,000)",Outcome,2029,20.0,"per 100,000",Rate,Lower is better,TB,Baseline year 2024. Superscript ^ = Global TB report 2024. Eswatini is the only MOU to express TB deaths as a rate rather than a count.,2024 Baseline from: *UNAIDS Spectrum; ^Global TB report 2024; **World Bank estimates 2023; +MICS 2024. Subsequent years from National Multisectoral HIV Strategic Framework 2024-2028 and government projections.,"Sec 1.1 outcome-metrics table, p.2, footnote line beneath the table",https://www.citizen.org/wp-content/uploads/ESWATINI_FL-2026-00021_August-2026-Production_RELEASE.pdf
Eswatini,TB,"# TB Deaths (per 100,000)",Outcome,2030,10.0,"per 100,000",Rate,Lower is better,TB,Baseline year 2024. Superscript ^ = Global TB report 2024. Eswatini is the only MOU to express TB deaths as a rate rather than a count.,2024 Baseline from: *UNAIDS Spectrum; ^Global TB report 2024; **World Bank estimates 2023; +MICS 2024. Subsequent years from National Multisectoral HIV Strategic Framework 2024-2028 and government projections.,"Sec 1.1 outcome-metrics table, p.2, footnote line beneath the table",https://www.citizen.org/wp-content/uploads/ESWATINI_FL-2026-00021_August-2026-Production_RELEASE.pdf
Eswatini,MCH,"Maternal Mortality Rate (per 100,000)",Outcome,Baseline,118.0,"per 100,000",Rate,Lower is better,MCH,Superscript ** = World Bank estimates 2023.,2024 Baseline from: *UNAIDS Spectrum; ^Global TB report 2024; **World Bank estimates 2023; +MICS 2024. Subsequent years from National Multisectoral HIV Strategic Framework 2024-2028 and government projections.,"Sec 1.1 outcome-metrics table, p.2, footnote line beneath the table",https://www.citizen.org/wp-content/uploads/ESWATINI_FL-2026-00021_August-2026-Production_RELEASE.pdf
Eswatini,MCH,"Maternal Mortality Rate (per 100,000)",Outcome,2026,110.0,"per 100,000",Rate,Lower is better,MCH,Superscript ** = World Bank estimates 2023.,2024 Baseline from: *UNAIDS Spectrum; ^Global TB report 2024; **World Bank estimates 2023; +MICS 2024. Subsequent years from National Multisectoral HIV Strategic Framework 2024-2028 and government projections.,"Sec 1.1 outcome-metrics table, p.2, footnote line beneath the table",https://www.citizen.org/wp-content/uploads/ESWATINI_FL-2026-00021_August-2026-Production_RELEASE.pdf
Eswatini,MCH,"Maternal Mortality Rate (per 100,000)",Outcome,2027,95.0,"per 100,000",Rate,Lower is better,MCH,Superscript ** = World Bank estimates 2023.,2024 Baseline from: *UNAIDS Spectrum; ^Global TB report 2024; **World Bank estimates 2023; +MICS 2024. Subsequent years from National Multisectoral HIV Strategic Framework 2024-2028 and government projections.,"Sec 1.1 outcome-metrics table, p.2, footnote line beneath the table",https://www.citizen.org/wp-content/uploads/ESWATINI_FL-2026-00021_August-2026-Production_RELEASE.pdf
Eswatini,MCH,"Maternal Mortality Rate (per 100,000)",Outcome,2028,80.0,"per 100,000",Rate,Lower is better,MCH,Superscript ** = World Bank estimates 2023.,2024 Baseline from: *UNAIDS Spectrum; ^Global TB report 2024; **World Bank estimates 2023; +MICS 2024. Subsequent years from National Multisectoral HIV Strategic Framework 2024-2028 and government projections.,"Sec 1.1 outcome-metrics table, p.2, footnote line beneath the table",https://www.citizen.org/wp-content/uploads/ESWATINI_FL-2026-00021_August-2026-Production_RELEASE.pdf
Eswatini,MCH,"Maternal Mortality Rate (per 100,000)",Outcome,2029,75.0,"per 100,000",Rate,Lower is better,MCH,Superscript ** = World Bank estimates 2023.,2024 Baseline from: *UNAIDS Spectrum; ^Global TB report 2024; **World Bank estimates 2023; +MICS 2024. Subsequent years from National Multisectoral HIV Strategic Framework 2024-2028 and government projections.,"Sec 1.1 outcome-metrics table, p.2, footnote line beneath the table",https://www.citizen.org/wp-content/uploads/ESWATINI_FL-2026-00021_August-2026-Production_RELEASE.pdf
Eswatini,MCH,"Maternal Mortality Rate (per 100,000)",Outcome,2030,70.0,"per 100,000",Rate,Lower is better,MCH,Superscript ** = World Bank estimates 2023.,2024 Baseline from: *UNAIDS Spectrum; ^Global TB report 2024; **World Bank estimates 2023; +MICS 2024. Subsequent years from National Multisectoral HIV Strategic Framework 2024-2028 and government projections.,"Sec 1.1 outcome-metrics table, p.2, footnote line beneath the table",https://www.citizen.org/wp-content/uploads/ESWATINI_FL-2026-00021_August-2026-Production_RELEASE.pdf
Eswatini,MCH,"Institutional Maternal Mortality Ratio (per 100,000 live births)",Outcome,Baseline,90.0,"per 100,000 live births",Rate,Lower is better,MCH,Superscript ** = World Bank estimates 2023. Unique to Eswatini among the published MOUs.,2024 Baseline from: *UNAIDS Spectrum; ^Global TB report 2024; **World Bank estimates 2023; +MICS 2024. Subsequent years from National Multisectoral HIV Strategic Framework 2024-2028 and government projections.,"Sec 1.1 outcome-metrics table, p.2, footnote line beneath the table",https://www.citizen.org/wp-content/uploads/ESWATINI_FL-2026-00021_August-2026-Production_RELEASE.pdf
Eswatini,MCH,"Institutional Maternal Mortality Ratio (per 100,000 live births)",Outcome,2026,85.0,"per 100,000 live births",Rate,Lower is better,MCH,Superscript ** = World Bank estimates 2023. Unique to Eswatini among the published MOUs.,2024 Baseline from: *UNAIDS Spectrum; ^Global TB report 2024; **World Bank estimates 2023; +MICS 2024. Subsequent years from National Multisectoral HIV Strategic Framework 2024-2028 and government projections.,"Sec 1.1 outcome-metrics table, p.2, footnote line beneath the table",https://www.citizen.org/wp-content/uploads/ESWATINI_FL-2026-00021_August-2026-Production_RELEASE.pdf
Eswatini,MCH,"Institutional Maternal Mortality Ratio (per 100,000 live births)",Outcome,2027,80.0,"per 100,000 live births",Rate,Lower is better,MCH,Superscript ** = World Bank estimates 2023. Unique to Eswatini among the published MOUs.,2024 Baseline from: *UNAIDS Spectrum; ^Global TB report 2024; **World Bank estimates 2023; +MICS 2024. Subsequent years from National Multisectoral HIV Strategic Framework 2024-2028 and government projections.,"Sec 1.1 outcome-metrics table, p.2, footnote line beneath the table",https://www.citizen.org/wp-content/uploads/ESWATINI_FL-2026-00021_August-2026-Production_RELEASE.pdf
Eswatini,MCH,"Institutional Maternal Mortality Ratio (per 100,000 live births)",Outcome,2028,75.0,"per 100,000 live births",Rate,Lower is better,MCH,Superscript ** = World Bank estimates 2023. Unique to Eswatini among the published MOUs.,2024 Baseline from: *UNAIDS Spectrum; ^Global TB report 2024; **World Bank estimates 2023; +MICS 2024. Subsequent years from National Multisectoral HIV Strategic Framework 2024-2028 and government projections.,"Sec 1.1 outcome-metrics table, p.2, footnote line beneath the table",https://www.citizen.org/wp-content/uploads/ESWATINI_FL-2026-00021_August-2026-Production_RELEASE.pdf
Eswatini,MCH,"Institutional Maternal Mortality Ratio (per 100,000 live births)",Outcome,2029,70.0,"per 100,000 live births",Rate,Lower is better,MCH,Superscript ** = World Bank estimates 2023. Unique to Eswatini among the published MOUs.,2024 Baseline from: *UNAIDS Spectrum; ^Global TB report 2024; **World Bank estimates 2023; +MICS 2024. Subsequent years from National Multisectoral HIV Strategic Framework 2024-2028 and government projections.,"Sec 1.1 outcome-metrics table, p.2, footnote line beneath the table",https://www.citizen.org/wp-content/uploads/ESWATINI_FL-2026-00021_August-2026-Production_RELEASE.pdf
Eswatini,MCH,"Institutional Maternal Mortality Ratio (per 100,000 live births)",Outcome,2030,60.0,"per 100,000 live births",Rate,Lower is better,MCH,Superscript ** = World Bank estimates 2023. Unique to Eswatini among the published MOUs.,2024 Baseline from: *UNAIDS Spectrum; ^Global TB report 2024; **World Bank estimates 2023; +MICS 2024. Subsequent years from National Multisectoral HIV Strategic Framework 2024-2028 and government projections.,"Sec 1.1 outcome-metrics table, p.2, footnote line beneath the table",https://www.citizen.org/wp-content/uploads/ESWATINI_FL-2026-00021_August-2026-Production_RELEASE.pdf
Eswatini,MCH,Children Under 5 Mortality Rate (per 1000),Outcome,Baseline,41.0,"per 1,000",Rate,Lower is better,MCH,Superscript + = MICS 2024.,2024 Baseline from: *UNAIDS Spectrum; ^Global TB report 2024; **World Bank estimates 2023; +MICS 2024. Subsequent years from National Multisectoral HIV Strategic Framework 2024-2028 and government projections.,"Sec 1.1 outcome-metrics table, p.2, footnote line beneath the table",https://www.citizen.org/wp-content/uploads/ESWATINI_FL-2026-00021_August-2026-Production_RELEASE.pdf
Eswatini,MCH,Children Under 5 Mortality Rate (per 1000),Outcome,2026,33.0,"per 1,000",Rate,Lower is better,MCH,Superscript + = MICS 2024.,2024 Baseline from: *UNAIDS Spectrum; ^Global TB report 2024; **World Bank estimates 2023; +MICS 2024. Subsequent years from National Multisectoral HIV Strategic Framework 2024-2028 and government projections.,"Sec 1.1 outcome-metrics table, p.2, footnote line beneath the table",https://www.citizen.org/wp-content/uploads/ESWATINI_FL-2026-00021_August-2026-Production_RELEASE.pdf
Eswatini,MCH,Children Under 5 Mortality Rate (per 1000),Outcome,2027,30.0,"per 1,000",Rate,Lower is better,MCH,Superscript + = MICS 2024.,2024 Baseline from: *UNAIDS Spectrum; ^Global TB report 2024; **World Bank estimates 2023; +MICS 2024. Subsequent years from National Multisectoral HIV Strategic Framework 2024-2028 and government projections.,"Sec 1.1 outcome-metrics table, p.2, footnote line beneath the table",https://www.citizen.org/wp-content/uploads/ESWATINI_FL-2026-00021_August-2026-Production_RELEASE.pdf
Eswatini,MCH,Children Under 5 Mortality Rate (per 1000),Outcome,2028,25.0,"per 1,000",Rate,Lower is better,MCH,Superscript + = MICS 2024.,2024 Baseline from: *UNAIDS Spectrum; ^Global TB report 2024; **World Bank estimates 2023; +MICS 2024. Subsequent years from National Multisectoral HIV Strategic Framework 2024-2028 and government projections.,"Sec 1.1 outcome-metrics table, p.2, footnote line beneath the table",https://www.citizen.org/wp-content/uploads/ESWATINI_FL-2026-00021_August-2026-Production_RELEASE.pdf
Eswatini,MCH,Children Under 5 Mortality Rate (per 1000),Outcome,2029,20.0,"per 1,000",Rate,Lower is better,MCH,Superscript + = MICS 2024.,2024 Baseline from: *UNAIDS Spectrum; ^Global TB report 2024; **World Bank estimates 2023; +MICS 2024. Subsequent years from National Multisectoral HIV Strategic Framework 2024-2028 and government projections.,"Sec 1.1 outcome-metrics table, p.2, footnote line beneath the table",https://www.citizen.org/wp-content/uploads/ESWATINI_FL-2026-00021_August-2026-Production_RELEASE.pdf
Eswatini,MCH,Children Under 5 Mortality Rate (per 1000),Outcome,2030,20.0,"per 1,000",Rate,Lower is better,MCH,Superscript + = MICS 2024.,2024 Baseline from: *UNAIDS Spectrum; ^Global TB report 2024; **World Bank estimates 2023; +MICS 2024. Subsequent years from National Multisectoral HIV Strategic Framework 2024-2028 and government projections.,"Sec 1.1 outcome-metrics table, p.2, footnote line beneath the table",https://www.citizen.org/wp-content/uploads/ESWATINI_FL-2026-00021_August-2026-Production_RELEASE.pdf
Eswatini,HIV/AIDS,# people on ART,Process,Baseline,214884.0,count,Absolute number,Higher is better,HIV/AIDS,Sources 1 (QSCR 2025) and 2 (HIV Annual Report 2024).,Data sources: 1QSCR 2025; 2HIV Annual Report 2024; 3SRH annual report 2024; 4UNAIDS Spectrum; 5Global TB Report 2024; 6WHO and UNICEF estimates of national infant immunization coverage; 7World Malaria Report.,"Sec 1.2 process-metrics table, p.3, footnote line beneath the table",https://www.citizen.org/wp-content/uploads/ESWATINI_FL-2026-00021_August-2026-Production_RELEASE.pdf
Eswatini,HIV/AIDS,# people on ART,Process,2026,216496.0,count,Absolute number,Higher is better,HIV/AIDS,Sources 1 (QSCR 2025) and 2 (HIV Annual Report 2024).,Data sources: 1QSCR 2025; 2HIV Annual Report 2024; 3SRH annual report 2024; 4UNAIDS Spectrum; 5Global TB Report 2024; 6WHO and UNICEF estimates of national infant immunization coverage; 7World Malaria Report.,"Sec 1.2 process-metrics table, p.3, footnote line beneath the table",https://www.citizen.org/wp-content/uploads/ESWATINI_FL-2026-00021_August-2026-Production_RELEASE.pdf
Eswatini,HIV/AIDS,# people on ART,Process,2027,218119.0,count,Absolute number,Higher is better,HIV/AIDS,Sources 1 (QSCR 2025) and 2 (HIV Annual Report 2024).,Data sources: 1QSCR 2025; 2HIV Annual Report 2024; 3SRH annual report 2024; 4UNAIDS Spectrum; 5Global TB Report 2024; 6WHO and UNICEF estimates of national infant immunization coverage; 7World Malaria Report.,"Sec 1.2 process-metrics table, p.3, footnote line beneath the table",https://www.citizen.org/wp-content/uploads/ESWATINI_FL-2026-00021_August-2026-Production_RELEASE.pdf
Eswatini,HIV/AIDS,# people on ART,Process,2028,219755.0,count,Absolute number,Higher is better,HIV/AIDS,Sources 1 (QSCR 2025) and 2 (HIV Annual Report 2024).,Data sources: 1QSCR 2025; 2HIV Annual Report 2024; 3SRH annual report 2024; 4UNAIDS Spectrum; 5Global TB Report 2024; 6WHO and UNICEF estimates of national infant immunization coverage; 7World Malaria Report.,"Sec 1.2 process-metrics table, p.3, footnote line beneath the table",https://www.citizen.org/wp-content/uploads/ESWATINI_FL-2026-00021_August-2026-Production_RELEASE.pdf
Eswatini,HIV/AIDS,# people on ART,Process,2029,220854.0,count,Absolute number,Higher is better,HIV/AIDS,Sources 1 (QSCR 2025) and 2 (HIV Annual Report 2024).,Data sources: 1QSCR 2025; 2HIV Annual Report 2024; 3SRH annual report 2024; 4UNAIDS Spectrum; 5Global TB Report 2024; 6WHO and UNICEF estimates of national infant immunization coverage; 7World Malaria Report.,"Sec 1.2 process-metrics table, p.3, footnote line beneath the table",https://www.citizen.org/wp-content/uploads/ESWATINI_FL-2026-00021_August-2026-Production_RELEASE.pdf
Eswatini,HIV/AIDS,# people on ART,Process,2030,221958.0,count,Absolute number,Higher is better,HIV/AIDS,Sources 1 (QSCR 2025) and 2 (HIV Annual Report 2024).,Data sources: 1QSCR 2025; 2HIV Annual Report 2024; 3SRH annual report 2024; 4UNAIDS Spectrum; 5Global TB Report 2024; 6WHO and UNICEF estimates of national infant immunization coverage; 7World Malaria Report.,"Sec 1.2 process-metrics table, p.3, footnote line beneath the table",https://www.citizen.org/wp-content/uploads/ESWATINI_FL-2026-00021_August-2026-Production_RELEASE.pdf
Eswatini,HIV/AIDS,# new HIV diagnoses among infants (0-18 months),Process,Baseline,75.0,count,Absolute number,Lower is better,HIV/AIDS,Source 3 (SRH annual report 2024).,Data sources: 1QSCR 2025; 2HIV Annual Report 2024; 3SRH annual report 2024; 4UNAIDS Spectrum; 5Global TB Report 2024; 6WHO and UNICEF estimates of national infant immunization coverage; 7World Malaria Report.,"Sec 1.2 process-metrics table, p.3, footnote line beneath the table",https://www.citizen.org/wp-content/uploads/ESWATINI_FL-2026-00021_August-2026-Production_RELEASE.pdf
Eswatini,HIV/AIDS,# new HIV diagnoses among infants (0-18 months),Process,2026,65.0,count,Absolute number,Lower is better,HIV/AIDS,Source 3 (SRH annual report 2024).,Data sources: 1QSCR 2025; 2HIV Annual Report 2024; 3SRH annual report 2024; 4UNAIDS Spectrum; 5Global TB Report 2024; 6WHO and UNICEF estimates of national infant immunization coverage; 7World Malaria Report.,"Sec 1.2 process-metrics table, p.3, footnote line beneath the table",https://www.citizen.org/wp-content/uploads/ESWATINI_FL-2026-00021_August-2026-Production_RELEASE.pdf
Eswatini,HIV/AIDS,# new HIV diagnoses among infants (0-18 months),Process,2027,55.0,count,Absolute number,Lower is better,HIV/AIDS,Source 3 (SRH annual report 2024).,Data sources: 1QSCR 2025; 2HIV Annual Report 2024; 3SRH annual report 2024; 4UNAIDS Spectrum; 5Global TB Report 2024; 6WHO and UNICEF estimates of national infant immunization coverage; 7World Malaria Report.,"Sec 1.2 process-metrics table, p.3, footnote line beneath the table",https://www.citizen.org/wp-content/uploads/ESWATINI_FL-2026-00021_August-2026-Production_RELEASE.pdf
Eswatini,HIV/AIDS,# new HIV diagnoses among infants (0-18 months),Process,2028,45.0,count,Absolute number,Lower is better,HIV/AIDS,Source 3 (SRH annual report 2024).,Data sources: 1QSCR 2025; 2HIV Annual Report 2024; 3SRH annual report 2024; 4UNAIDS Spectrum; 5Global TB Report 2024; 6WHO and UNICEF estimates of national infant immunization coverage; 7World Malaria Report.,"Sec 1.2 process-metrics table, p.3, footnote line beneath the table",https://www.citizen.org/wp-content/uploads/ESWATINI_FL-2026-00021_August-2026-Production_RELEASE.pdf
Eswatini,HIV/AIDS,# new HIV diagnoses among infants (0-18 months),Process,2029,40.0,count,Absolute number,Lower is better,HIV/AIDS,Source 3 (SRH annual report 2024).,Data sources: 1QSCR 2025; 2HIV Annual Report 2024; 3SRH annual report 2024; 4UNAIDS Spectrum; 5Global TB Report 2024; 6WHO and UNICEF estimates of national infant immunization coverage; 7World Malaria Report.,"Sec 1.2 process-metrics table, p.3, footnote line beneath the table",https://www.citizen.org/wp-content/uploads/ESWATINI_FL-2026-00021_August-2026-Production_RELEASE.pdf
Eswatini,HIV/AIDS,# new HIV diagnoses among infants (0-18 months),Process,2030,35.0,count,Absolute number,Lower is better,HIV/AIDS,Source 3 (SRH annual report 2024).,Data sources: 1QSCR 2025; 2HIV Annual Report 2024; 3SRH annual report 2024; 4UNAIDS Spectrum; 5Global TB Report 2024; 6WHO and UNICEF estimates of national infant immunization coverage; 7World Malaria Report.,"Sec 1.2 process-metrics table, p.3, footnote line beneath the table",https://www.citizen.org/wp-content/uploads/ESWATINI_FL-2026-00021_August-2026-Production_RELEASE.pdf
Eswatini,HIV/AIDS,# new HIV diagnoses among children and adults (age 24 months or older),Process,Baseline,3956.0,count,Absolute number,Lower is better,HIV/AIDS,"Source 4 (UNAIDS Spectrum). Age cut-off is 24 months, not the 18 months used by most other MOUs.",Data sources: 1QSCR 2025; 2HIV Annual Report 2024; 3SRH annual report 2024; 4UNAIDS Spectrum; 5Global TB Report 2024; 6WHO and UNICEF estimates of national infant immunization coverage; 7World Malaria Report.,"Sec 1.2 process-metrics table, p.3, footnote line beneath the table",https://www.citizen.org/wp-content/uploads/ESWATINI_FL-2026-00021_August-2026-Production_RELEASE.pdf
Eswatini,HIV/AIDS,# new HIV diagnoses among children and adults (age 24 months or older),Process,2026,3800.0,count,Absolute number,Lower is better,HIV/AIDS,"Source 4 (UNAIDS Spectrum). Age cut-off is 24 months, not the 18 months used by most other MOUs.",Data sources: 1QSCR 2025; 2HIV Annual Report 2024; 3SRH annual report 2024; 4UNAIDS Spectrum; 5Global TB Report 2024; 6WHO and UNICEF estimates of national infant immunization coverage; 7World Malaria Report.,"Sec 1.2 process-metrics table, p.3, footnote line beneath the table",https://www.citizen.org/wp-content/uploads/ESWATINI_FL-2026-00021_August-2026-Production_RELEASE.pdf
Eswatini,HIV/AIDS,# new HIV diagnoses among children and adults (age 24 months or older),Process,2027,3600.0,count,Absolute number,Lower is better,HIV/AIDS,"Source 4 (UNAIDS Spectrum). Age cut-off is 24 months, not the 18 months used by most other MOUs.",Data sources: 1QSCR 2025; 2HIV Annual Report 2024; 3SRH annual report 2024; 4UNAIDS Spectrum; 5Global TB Report 2024; 6WHO and UNICEF estimates of national infant immunization coverage; 7World Malaria Report.,"Sec 1.2 process-metrics table, p.3, footnote line beneath the table",https://www.citizen.org/wp-content/uploads/ESWATINI_FL-2026-00021_August-2026-Production_RELEASE.pdf
Eswatini,HIV/AIDS,# new HIV diagnoses among children and adults (age 24 months or older),Process,2028,3350.0,count,Absolute number,Lower is better,HIV/AIDS,"Source 4 (UNAIDS Spectrum). Age cut-off is 24 months, not the 18 months used by most other MOUs.",Data sources: 1QSCR 2025; 2HIV Annual Report 2024; 3SRH annual report 2024; 4UNAIDS Spectrum; 5Global TB Report 2024; 6WHO and UNICEF estimates of national infant immunization coverage; 7World Malaria Report.,"Sec 1.2 process-metrics table, p.3, footnote line beneath the table",https://www.citizen.org/wp-content/uploads/ESWATINI_FL-2026-00021_August-2026-Production_RELEASE.pdf
Eswatini,HIV/AIDS,# new HIV diagnoses among children and adults (age 24 months or older),Process,2029,3200.0,count,Absolute number,Lower is better,HIV/AIDS,"Source 4 (UNAIDS Spectrum). Age cut-off is 24 months, not the 18 months used by most other MOUs.",Data sources: 1QSCR 2025; 2HIV Annual Report 2024; 3SRH annual report 2024; 4UNAIDS Spectrum; 5Global TB Report 2024; 6WHO and UNICEF estimates of national infant immunization coverage; 7World Malaria Report.,"Sec 1.2 process-metrics table, p.3, footnote line beneath the table",https://www.citizen.org/wp-content/uploads/ESWATINI_FL-2026-00021_August-2026-Production_RELEASE.pdf
Eswatini,HIV/AIDS,# new HIV diagnoses among children and adults (age 24 months or older),Process,2030,3000.0,count,Absolute number,Lower is better,HIV/AIDS,"Source 4 (UNAIDS Spectrum). Age cut-off is 24 months, not the 18 months used by most other MOUs.",Data sources: 1QSCR 2025; 2HIV Annual Report 2024; 3SRH annual report 2024; 4UNAIDS Spectrum; 5Global TB Report 2024; 6WHO and UNICEF estimates of national infant immunization coverage; 7World Malaria Report.,"Sec 1.2 process-metrics table, p.3, footnote line beneath the table",https://www.citizen.org/wp-content/uploads/ESWATINI_FL-2026-00021_August-2026-Production_RELEASE.pdf
Eswatini,HIV/AIDS,% pregnant and breastfeeding women living with HIV who receive ART,Process,Baseline,97.0,%,Percentage,Higher is better,HIV/AIDS,Source 3 (SRH annual report 2024).,Data sources: 1QSCR 2025; 2HIV Annual Report 2024; 3SRH annual report 2024; 4UNAIDS Spectrum; 5Global TB Report 2024; 6WHO and UNICEF estimates of national infant immunization coverage; 7World Malaria Report.,"Sec 1.2 process-metrics table, p.3, footnote line beneath the table",https://www.citizen.org/wp-content/uploads/ESWATINI_FL-2026-00021_August-2026-Production_RELEASE.pdf
Eswatini,HIV/AIDS,% pregnant and breastfeeding women living with HIV who receive ART,Process,2026,100.0,%,Percentage,Higher is better,HIV/AIDS,Source 3 (SRH annual report 2024).,Data sources: 1QSCR 2025; 2HIV Annual Report 2024; 3SRH annual report 2024; 4UNAIDS Spectrum; 5Global TB Report 2024; 6WHO and UNICEF estimates of national infant immunization coverage; 7World Malaria Report.,"Sec 1.2 process-metrics table, p.3, footnote line beneath the table",https://www.citizen.org/wp-content/uploads/ESWATINI_FL-2026-00021_August-2026-Production_RELEASE.pdf
Eswatini,HIV/AIDS,% pregnant and breastfeeding women living with HIV who receive ART,Process,2027,100.0,%,Percentage,Higher is better,HIV/AIDS,Source 3 (SRH annual report 2024).,Data sources: 1QSCR 2025; 2HIV Annual Report 2024; 3SRH annual report 2024; 4UNAIDS Spectrum; 5Global TB Report 2024; 6WHO and UNICEF estimates of national infant immunization coverage; 7World Malaria Report.,"Sec 1.2 process-metrics table, p.3, footnote line beneath the table",https://www.citizen.org/wp-content/uploads/ESWATINI_FL-2026-00021_August-2026-Production_RELEASE.pdf
Eswatini,HIV/AIDS,% pregnant and breastfeeding women living with HIV who receive ART,Process,2028,100.0,%,Percentage,Higher is better,HIV/AIDS,Source 3 (SRH annual report 2024).,Data sources: 1QSCR 2025; 2HIV Annual Report 2024; 3SRH annual report 2024; 4UNAIDS Spectrum; 5Global TB Report 2024; 6WHO and UNICEF estimates of national infant immunization coverage; 7World Malaria Report.,"Sec 1.2 process-metrics table, p.3, footnote line beneath the table",https://www.citizen.org/wp-content/uploads/ESWATINI_FL-2026-00021_August-2026-Production_RELEASE.pdf
Eswatini,HIV/AIDS,% pregnant and breastfeeding women living with HIV who receive ART,Process,2029,100.0,%,Percentage,Higher is better,HIV/AIDS,Source 3 (SRH annual report 2024).,Data sources: 1QSCR 2025; 2HIV Annual Report 2024; 3SRH annual report 2024; 4UNAIDS Spectrum; 5Global TB Report 2024; 6WHO and UNICEF estimates of national infant immunization coverage; 7World Malaria Report.,"Sec 1.2 process-metrics table, p.3, footnote line beneath the table",https://www.citizen.org/wp-content/uploads/ESWATINI_FL-2026-00021_August-2026-Production_RELEASE.pdf
Eswatini,HIV/AIDS,% pregnant and breastfeeding women living with HIV who receive ART,Process,2030,100.0,%,Percentage,Higher is better,HIV/AIDS,Source 3 (SRH annual report 2024).,Data sources: 1QSCR 2025; 2HIV Annual Report 2024; 3SRH annual report 2024; 4UNAIDS Spectrum; 5Global TB Report 2024; 6WHO and UNICEF estimates of national infant immunization coverage; 7World Malaria Report.,"Sec 1.2 process-metrics table, p.3, footnote line beneath the table",https://www.citizen.org/wp-content/uploads/ESWATINI_FL-2026-00021_August-2026-Production_RELEASE.pdf
Eswatini,TB,"# patients with TB notified (i.e., bacteriologically confirmed + clinically diagnosed)",Process,Baseline,2374.0,count,Absolute number,Higher is better,TB,Source 5 (Global TB Report 2024).,Data sources: 1QSCR 2025; 2HIV Annual Report 2024; 3SRH annual report 2024; 4UNAIDS Spectrum; 5Global TB Report 2024; 6WHO and UNICEF estimates of national infant immunization coverage; 7World Malaria Report.,"Sec 1.2 process-metrics table, p.3, footnote line beneath the table",https://www.citizen.org/wp-content/uploads/ESWATINI_FL-2026-00021_August-2026-Production_RELEASE.pdf
Eswatini,TB,"# patients with TB notified (i.e., bacteriologically confirmed + clinically diagnosed)",Process,2026,2964.0,count,Absolute number,Higher is better,TB,Source 5 (Global TB Report 2024).,Data sources: 1QSCR 2025; 2HIV Annual Report 2024; 3SRH annual report 2024; 4UNAIDS Spectrum; 5Global TB Report 2024; 6WHO and UNICEF estimates of national infant immunization coverage; 7World Malaria Report.,"Sec 1.2 process-metrics table, p.3, footnote line beneath the table",https://www.citizen.org/wp-content/uploads/ESWATINI_FL-2026-00021_August-2026-Production_RELEASE.pdf
Eswatini,TB,"# patients with TB notified (i.e., bacteriologically confirmed + clinically diagnosed)",Process,2027,3168.0,count,Absolute number,Higher is better,TB,Source 5 (Global TB Report 2024).,Data sources: 1QSCR 2025; 2HIV Annual Report 2024; 3SRH annual report 2024; 4UNAIDS Spectrum; 5Global TB Report 2024; 6WHO and UNICEF estimates of national infant immunization coverage; 7World Malaria Report.,"Sec 1.2 process-metrics table, p.3, footnote line beneath the table",https://www.citizen.org/wp-content/uploads/ESWATINI_FL-2026-00021_August-2026-Production_RELEASE.pdf
Eswatini,TB,"# patients with TB notified (i.e., bacteriologically confirmed + clinically diagnosed)",Process,2028,2851.0,count,Absolute number,Higher is better,TB,Source 5 (Global TB Report 2024).,Data sources: 1QSCR 2025; 2HIV Annual Report 2024; 3SRH annual report 2024; 4UNAIDS Spectrum; 5Global TB Report 2024; 6WHO and UNICEF estimates of national infant immunization coverage; 7World Malaria Report.,"Sec 1.2 process-metrics table, p.3, footnote line beneath the table",https://www.citizen.org/wp-content/uploads/ESWATINI_FL-2026-00021_August-2026-Production_RELEASE.pdf
Eswatini,TB,"# patients with TB notified (i.e., bacteriologically confirmed + clinically diagnosed)",Process,2029,2566.0,count,Absolute number,Higher is better,TB,Source 5 (Global TB Report 2024).,Data sources: 1QSCR 2025; 2HIV Annual Report 2024; 3SRH annual report 2024; 4UNAIDS Spectrum; 5Global TB Report 2024; 6WHO and UNICEF estimates of national infant immunization coverage; 7World Malaria Report.,"Sec 1.2 process-metrics table, p.3, footnote line beneath the table",https://www.citizen.org/wp-content/uploads/ESWATINI_FL-2026-00021_August-2026-Production_RELEASE.pdf
Eswatini,TB,"# patients with TB notified (i.e., bacteriologically confirmed + clinically diagnosed)",Process,2030,2309.0,count,Absolute number,Higher is better,TB,Source 5 (Global TB Report 2024).,Data sources: 1QSCR 2025; 2HIV Annual Report 2024; 3SRH annual report 2024; 4UNAIDS Spectrum; 5Global TB Report 2024; 6WHO and UNICEF estimates of national infant immunization coverage; 7World Malaria Report.,"Sec 1.2 process-metrics table, p.3, footnote line beneath the table",https://www.citizen.org/wp-content/uploads/ESWATINI_FL-2026-00021_August-2026-Production_RELEASE.pdf
Eswatini,TB,% patients with TB notified who completed treatment,Process,Baseline,83.0,%,Percentage,Higher is better,TB,"Source 5. 2028-2030 printed as "">90%""; stored as 90 with the inequality noted here.",Data sources: 1QSCR 2025; 2HIV Annual Report 2024; 3SRH annual report 2024; 4UNAIDS Spectrum; 5Global TB Report 2024; 6WHO and UNICEF estimates of national infant immunization coverage; 7World Malaria Report.,"Sec 1.2 process-metrics table, p.3, footnote line beneath the table",https://www.citizen.org/wp-content/uploads/ESWATINI_FL-2026-00021_August-2026-Production_RELEASE.pdf
Eswatini,TB,% patients with TB notified who completed treatment,Process,2026,90.0,%,Percentage,Higher is better,TB,"Source 5. 2028-2030 printed as "">90%""; stored as 90 with the inequality noted here.",Data sources: 1QSCR 2025; 2HIV Annual Report 2024; 3SRH annual report 2024; 4UNAIDS Spectrum; 5Global TB Report 2024; 6WHO and UNICEF estimates of national infant immunization coverage; 7World Malaria Report.,"Sec 1.2 process-metrics table, p.3, footnote line beneath the table",https://www.citizen.org/wp-content/uploads/ESWATINI_FL-2026-00021_August-2026-Production_RELEASE.pdf
Eswatini,TB,% patients with TB notified who completed treatment,Process,2027,90.0,%,Percentage,Higher is better,TB,"Source 5. 2028-2030 printed as "">90%""; stored as 90 with the inequality noted here.",Data sources: 1QSCR 2025; 2HIV Annual Report 2024; 3SRH annual report 2024; 4UNAIDS Spectrum; 5Global TB Report 2024; 6WHO and UNICEF estimates of national infant immunization coverage; 7World Malaria Report.,"Sec 1.2 process-metrics table, p.3, footnote line beneath the table",https://www.citizen.org/wp-content/uploads/ESWATINI_FL-2026-00021_August-2026-Production_RELEASE.pdf
Eswatini,TB,% patients with TB notified who completed treatment,Process,2028,90.0,%,Percentage,Higher is better,TB,"Source 5. 2028-2030 printed as "">90%""; stored as 90 with the inequality noted here.",Data sources: 1QSCR 2025; 2HIV Annual Report 2024; 3SRH annual report 2024; 4UNAIDS Spectrum; 5Global TB Report 2024; 6WHO and UNICEF estimates of national infant immunization coverage; 7World Malaria Report.,"Sec 1.2 process-metrics table, p.3, footnote line beneath the table",https://www.citizen.org/wp-content/uploads/ESWATINI_FL-2026-00021_August-2026-Production_RELEASE.pdf
Eswatini,TB,% patients with TB notified who completed treatment,Process,2029,90.0,%,Percentage,Higher is better,TB,"Source 5. 2028-2030 printed as "">90%""; stored as 90 with the inequality noted here.",Data sources: 1QSCR 2025; 2HIV Annual Report 2024; 3SRH annual report 2024; 4UNAIDS Spectrum; 5Global TB Report 2024; 6WHO and UNICEF estimates of national infant immunization coverage; 7World Malaria Report.,"Sec 1.2 process-metrics table, p.3, footnote line beneath the table",https://www.citizen.org/wp-content/uploads/ESWATINI_FL-2026-00021_August-2026-Production_RELEASE.pdf
Eswatini,TB,% patients with TB notified who completed treatment,Process,2030,90.0,%,Percentage,Higher is better,TB,"Source 5. 2028-2030 printed as "">90%""; stored as 90 with the inequality noted here.",Data sources: 1QSCR 2025; 2HIV Annual Report 2024; 3SRH annual report 2024; 4UNAIDS Spectrum; 5Global TB Report 2024; 6WHO and UNICEF estimates of national infant immunization coverage; 7World Malaria Report.,"Sec 1.2 process-metrics table, p.3, footnote line beneath the table",https://www.citizen.org/wp-content/uploads/ESWATINI_FL-2026-00021_August-2026-Production_RELEASE.pdf
Eswatini,Polio,% surviving infants who received at least one dose of inactivated polio vaccine,Process,Baseline,70.0,%,Percentage,Higher is better,Polio,"Source 6. 2030 printed as "">=90%""; stored as 90.",Data sources: 1QSCR 2025; 2HIV Annual Report 2024; 3SRH annual report 2024; 4UNAIDS Spectrum; 5Global TB Report 2024; 6WHO and UNICEF estimates of national infant immunization coverage; 7World Malaria Report.,"Sec 1.2 process-metrics table, p.3, footnote line beneath the table",https://www.citizen.org/wp-content/uploads/ESWATINI_FL-2026-00021_August-2026-Production_RELEASE.pdf
Eswatini,Polio,% surviving infants who received at least one dose of inactivated polio vaccine,Process,2026,74.0,%,Percentage,Higher is better,Polio,"Source 6. 2030 printed as "">=90%""; stored as 90.",Data sources: 1QSCR 2025; 2HIV Annual Report 2024; 3SRH annual report 2024; 4UNAIDS Spectrum; 5Global TB Report 2024; 6WHO and UNICEF estimates of national infant immunization coverage; 7World Malaria Report.,"Sec 1.2 process-metrics table, p.3, footnote line beneath the table",https://www.citizen.org/wp-content/uploads/ESWATINI_FL-2026-00021_August-2026-Production_RELEASE.pdf
Eswatini,Polio,% surviving infants who received at least one dose of inactivated polio vaccine,Process,2027,79.0,%,Percentage,Higher is better,Polio,"Source 6. 2030 printed as "">=90%""; stored as 90.",Data sources: 1QSCR 2025; 2HIV Annual Report 2024; 3SRH annual report 2024; 4UNAIDS Spectrum; 5Global TB Report 2024; 6WHO and UNICEF estimates of national infant immunization coverage; 7World Malaria Report.,"Sec 1.2 process-metrics table, p.3, footnote line beneath the table",https://www.citizen.org/wp-content/uploads/ESWATINI_FL-2026-00021_August-2026-Production_RELEASE.pdf
Eswatini,Polio,% surviving infants who received at least one dose of inactivated polio vaccine,Process,2028,80.0,%,Percentage,Higher is better,Polio,"Source 6. 2030 printed as "">=90%""; stored as 90.",Data sources: 1QSCR 2025; 2HIV Annual Report 2024; 3SRH annual report 2024; 4UNAIDS Spectrum; 5Global TB Report 2024; 6WHO and UNICEF estimates of national infant immunization coverage; 7World Malaria Report.,"Sec 1.2 process-metrics table, p.3, footnote line beneath the table",https://www.citizen.org/wp-content/uploads/ESWATINI_FL-2026-00021_August-2026-Production_RELEASE.pdf
Eswatini,Polio,% surviving infants who received at least one dose of inactivated polio vaccine,Process,2029,85.0,%,Percentage,Higher is better,Polio,"Source 6. 2030 printed as "">=90%""; stored as 90.",Data sources: 1QSCR 2025; 2HIV Annual Report 2024; 3SRH annual report 2024; 4UNAIDS Spectrum; 5Global TB Report 2024; 6WHO and UNICEF estimates of national infant immunization coverage; 7World Malaria Report.,"Sec 1.2 process-metrics table, p.3, footnote line beneath the table",https://www.citizen.org/wp-content/uploads/ESWATINI_FL-2026-00021_August-2026-Production_RELEASE.pdf
Eswatini,Polio,% surviving infants who received at least one dose of inactivated polio vaccine,Process,2030,90.0,%,Percentage,Higher is better,Polio,"Source 6. 2030 printed as "">=90%""; stored as 90.",Data sources: 1QSCR 2025; 2HIV Annual Report 2024; 3SRH annual report 2024; 4UNAIDS Spectrum; 5Global TB Report 2024; 6WHO and UNICEF estimates of national infant immunization coverage; 7World Malaria Report.,"Sec 1.2 process-metrics table, p.3, footnote line beneath the table",https://www.citizen.org/wp-content/uploads/ESWATINI_FL-2026-00021_August-2026-Production_RELEASE.pdf
Eswatini,Immunisation (measles),% of children aged 12-23 months who received one dose of measles-containing vaccine,Process,Baseline,85.0,%,Percentage,Higher is better,Immunisation (measles),"Source 6. 2028-2030 printed as "">=90%""; stored as 90.",Data sources: 1QSCR 2025; 2HIV Annual Report 2024; 3SRH annual report 2024; 4UNAIDS Spectrum; 5Global TB Report 2024; 6WHO and UNICEF estimates of national infant immunization coverage; 7World Malaria Report.,"Sec 1.2 process-metrics table, p.3, footnote line beneath the table",https://www.citizen.org/wp-content/uploads/ESWATINI_FL-2026-00021_August-2026-Production_RELEASE.pdf
Eswatini,Immunisation (measles),% of children aged 12-23 months who received one dose of measles-containing vaccine,Process,2026,87.0,%,Percentage,Higher is better,Immunisation (measles),"Source 6. 2028-2030 printed as "">=90%""; stored as 90.",Data sources: 1QSCR 2025; 2HIV Annual Report 2024; 3SRH annual report 2024; 4UNAIDS Spectrum; 5Global TB Report 2024; 6WHO and UNICEF estimates of national infant immunization coverage; 7World Malaria Report.,"Sec 1.2 process-metrics table, p.3, footnote line beneath the table",https://www.citizen.org/wp-content/uploads/ESWATINI_FL-2026-00021_August-2026-Production_RELEASE.pdf
Eswatini,Immunisation (measles),% of children aged 12-23 months who received one dose of measles-containing vaccine,Process,2027,89.0,%,Percentage,Higher is better,Immunisation (measles),"Source 6. 2028-2030 printed as "">=90%""; stored as 90.",Data sources: 1QSCR 2025; 2HIV Annual Report 2024; 3SRH annual report 2024; 4UNAIDS Spectrum; 5Global TB Report 2024; 6WHO and UNICEF estimates of national infant immunization coverage; 7World Malaria Report.,"Sec 1.2 process-metrics table, p.3, footnote line beneath the table",https://www.citizen.org/wp-content/uploads/ESWATINI_FL-2026-00021_August-2026-Production_RELEASE.pdf
Eswatini,Immunisation (measles),% of children aged 12-23 months who received one dose of measles-containing vaccine,Process,2028,90.0,%,Percentage,Higher is better,Immunisation (measles),"Source 6. 2028-2030 printed as "">=90%""; stored as 90.",Data sources: 1QSCR 2025; 2HIV Annual Report 2024; 3SRH annual report 2024; 4UNAIDS Spectrum; 5Global TB Report 2024; 6WHO and UNICEF estimates of national infant immunization coverage; 7World Malaria Report.,"Sec 1.2 process-metrics table, p.3, footnote line beneath the table",https://www.citizen.org/wp-content/uploads/ESWATINI_FL-2026-00021_August-2026-Production_RELEASE.pdf
Eswatini,Immunisation (measles),% of children aged 12-23 months who received one dose of measles-containing vaccine,Process,2029,90.0,%,Percentage,Higher is better,Immunisation (measles),"Source 6. 2028-2030 printed as "">=90%""; stored as 90.",Data sources: 1QSCR 2025; 2HIV Annual Report 2024; 3SRH annual report 2024; 4UNAIDS Spectrum; 5Global TB Report 2024; 6WHO and UNICEF estimates of national infant immunization coverage; 7World Malaria Report.,"Sec 1.2 process-metrics table, p.3, footnote line beneath the table",https://www.citizen.org/wp-content/uploads/ESWATINI_FL-2026-00021_August-2026-Production_RELEASE.pdf
Eswatini,Immunisation (measles),% of children aged 12-23 months who received one dose of measles-containing vaccine,Process,2030,90.0,%,Percentage,Higher is better,Immunisation (measles),"Source 6. 2028-2030 printed as "">=90%""; stored as 90.",Data sources: 1QSCR 2025; 2HIV Annual Report 2024; 3SRH annual report 2024; 4UNAIDS Spectrum; 5Global TB Report 2024; 6WHO and UNICEF estimates of national infant immunization coverage; 7World Malaria Report.,"Sec 1.2 process-metrics table, p.3, footnote line beneath the table",https://www.citizen.org/wp-content/uploads/ESWATINI_FL-2026-00021_August-2026-Production_RELEASE.pdf
Eswatini,MCH,ANC coverage,Process,Baseline,97.0,%,Percentage,Higher is better,MCH,Source 3 (SRH annual report 2024).,Data sources: 1QSCR 2025; 2HIV Annual Report 2024; 3SRH annual report 2024; 4UNAIDS Spectrum; 5Global TB Report 2024; 6WHO and UNICEF estimates of national infant immunization coverage; 7World Malaria Report.,"Sec 1.2 process-metrics table, p.3, footnote line beneath the table",https://www.citizen.org/wp-content/uploads/ESWATINI_FL-2026-00021_August-2026-Production_RELEASE.pdf
Eswatini,MCH,ANC coverage,Process,2026,97.0,%,Percentage,Higher is better,MCH,Source 3 (SRH annual report 2024).,Data sources: 1QSCR 2025; 2HIV Annual Report 2024; 3SRH annual report 2024; 4UNAIDS Spectrum; 5Global TB Report 2024; 6WHO and UNICEF estimates of national infant immunization coverage; 7World Malaria Report.,"Sec 1.2 process-metrics table, p.3, footnote line beneath the table",https://www.citizen.org/wp-content/uploads/ESWATINI_FL-2026-00021_August-2026-Production_RELEASE.pdf
Eswatini,MCH,ANC coverage,Process,2027,97.0,%,Percentage,Higher is better,MCH,Source 3 (SRH annual report 2024).,Data sources: 1QSCR 2025; 2HIV Annual Report 2024; 3SRH annual report 2024; 4UNAIDS Spectrum; 5Global TB Report 2024; 6WHO and UNICEF estimates of national infant immunization coverage; 7World Malaria Report.,"Sec 1.2 process-metrics table, p.3, footnote line beneath the table",https://www.citizen.org/wp-content/uploads/ESWATINI_FL-2026-00021_August-2026-Production_RELEASE.pdf
Eswatini,MCH,ANC coverage,Process,2028,97.0,%,Percentage,Higher is better,MCH,Source 3 (SRH annual report 2024).,Data sources: 1QSCR 2025; 2HIV Annual Report 2024; 3SRH annual report 2024; 4UNAIDS Spectrum; 5Global TB Report 2024; 6WHO and UNICEF estimates of national infant immunization coverage; 7World Malaria Report.,"Sec 1.2 process-metrics table, p.3, footnote line beneath the table",https://www.citizen.org/wp-content/uploads/ESWATINI_FL-2026-00021_August-2026-Production_RELEASE.pdf
Eswatini,MCH,ANC coverage,Process,2029,99.0,%,Percentage,Higher is better,MCH,Source 3 (SRH annual report 2024).,Data sources: 1QSCR 2025; 2HIV Annual Report 2024; 3SRH annual report 2024; 4UNAIDS Spectrum; 5Global TB Report 2024; 6WHO and UNICEF estimates of national infant immunization coverage; 7World Malaria Report.,"Sec 1.2 process-metrics table, p.3, footnote line beneath the table",https://www.citizen.org/wp-content/uploads/ESWATINI_FL-2026-00021_August-2026-Production_RELEASE.pdf
Eswatini,MCH,ANC coverage,Process,2030,99.0,%,Percentage,Higher is better,MCH,Source 3 (SRH annual report 2024).,Data sources: 1QSCR 2025; 2HIV Annual Report 2024; 3SRH annual report 2024; 4UNAIDS Spectrum; 5Global TB Report 2024; 6WHO and UNICEF estimates of national infant immunization coverage; 7World Malaria Report.,"Sec 1.2 process-metrics table, p.3, footnote line beneath the table",https://www.citizen.org/wp-content/uploads/ESWATINI_FL-2026-00021_August-2026-Production_RELEASE.pdf
Eswatini,Data systems & quality,% accuracy of data fields assessed during the annual data audit,Process,Baseline,95.0,%,Percentage,Higher is better,Data systems & quality,,,,https://www.citizen.org/wp-content/uploads/ESWATINI_FL-2026-00021_August-2026-Production_RELEASE.pdf
Eswatini,Data systems & quality,% accuracy of data fields assessed during the annual data audit,Process,2026,95.0,%,Percentage,Higher is better,Data systems & quality,,,,https://www.citizen.org/wp-content/uploads/ESWATINI_FL-2026-00021_August-2026-Production_RELEASE.pdf
Eswatini,Data systems & quality,% accuracy of data fields assessed during the annual data audit,Process,2027,95.0,%,Percentage,Higher is better,Data systems & quality,,,,https://www.citizen.org/wp-content/uploads/ESWATINI_FL-2026-00021_August-2026-Production_RELEASE.pdf
Eswatini,Data systems & quality,% accuracy of data fields assessed during the annual data audit,Process,2028,95.0,%,Percentage,Higher is better,Data systems & quality,,,,https://www.citizen.org/wp-content/uploads/ESWATINI_FL-2026-00021_August-2026-Production_RELEASE.pdf
Eswatini,Data systems & quality,% accuracy of data fields assessed during the annual data audit,Process,2029,95.0,%,Percentage,Higher is better,Data systems & quality,,,,https://www.citizen.org/wp-content/uploads/ESWATINI_FL-2026-00021_August-2026-Production_RELEASE.pdf
Eswatini,Data systems & quality,% accuracy of data fields assessed during the annual data audit,Process,2030,95.0,%,Percentage,Higher is better,Data systems & quality,,,,https://www.citizen.org/wp-content/uploads/ESWATINI_FL-2026-00021_August-2026-Production_RELEASE.pdf
Eswatini,GHS / outbreak response,Detects suspected infectious disease outbreaks with epidemic potential within X days of disease emergence,Outbreak response (7-1-7),Baseline,7.0,days,Days,Lower is better,Infectious Disease Outbreak Response Metrics,"Standing commitment for the whole term, not a yearly target. Party named in the MOU: the GOKE (Government of the Kingdom of Eswatini)",,"Sec 1.3, p.3",https://www.citizen.org/wp-content/uploads/ESWATINI_FL-2026-00021_August-2026-Production_RELEASE.pdf
Eswatini,GHS / outbreak response,Notifies the U.S. Government within X day(s) of detection of a confirmed infectious disease outbreak,Outbreak response (7-1-7),Baseline,1.0,days,Days,Lower is better,Infectious Disease Outbreak Response Metrics,"Standing commitment for the whole term, not a yearly target. Party named in the MOU: the GOKE (Government of the Kingdom of Eswatini)",,"Sec 1.3, p.3",https://www.citizen.org/wp-content/uploads/ESWATINI_FL-2026-00021_August-2026-Production_RELEASE.pdf
Eswatini,GHS / outbreak response,Completes relevant initial response actions within X days of notification,Outbreak response (7-1-7),Baseline,7.0,days,Days,Lower is better,Infectious Disease Outbreak Response Metrics,"Standing commitment for the whole term, not a yearly target. Party named in the MOU: the GOKE (Government of the Kingdom of Eswatini)",,"Sec 1.3, p.3",https://www.citizen.org/wp-content/uploads/ESWATINI_FL-2026-00021_August-2026-Production_RELEASE.pdf
Sierra Leone,HIV/AIDS,% People With HIV Who Know Their Status,Outcome,Baseline,87.0,%,Percentage,Higher is better,HIV/AIDS,Baseline year 2024.,"The Participants acknowledge that the outcome and process metrics in Sections 1.1 and 1.2 are jointly determined targets intended to guide planning, resource allocation, and performance improvement. These metrics should be reviewed periodically to reflect new data, changing epidemiology, fiscal constraints, and external shocks. Shortfalls against one or more targets should not, by themselves, constitute noncompliance with this MOU but should prompt a joint review and course correction.","Sec 1.2, p.3, paragraph beneath the process-metrics table",https://www.citizen.org/wp-content/uploads/SIERRA-LEONE_FL-2026-00021_August-2026-Production_RELEASE.pdf
Sierra Leone,HIV/AIDS,% People With HIV Who Know Their Status,Outcome,2026,90.0,%,Percentage,Higher is better,HIV/AIDS,Baseline year 2024.,"The Participants acknowledge that the outcome and process metrics in Sections 1.1 and 1.2 are jointly determined targets intended to guide planning, resource allocation, and performance improvement. These metrics should be reviewed periodically to reflect new data, changing epidemiology, fiscal constraints, and external shocks. Shortfalls against one or more targets should not, by themselves, constitute noncompliance with this MOU but should prompt a joint review and course correction.","Sec 1.2, p.3, paragraph beneath the process-metrics table",https://www.citizen.org/wp-content/uploads/SIERRA-LEONE_FL-2026-00021_August-2026-Production_RELEASE.pdf
Sierra Leone,HIV/AIDS,% People With HIV Who Know Their Status,Outcome,2027,95.0,%,Percentage,Higher is better,HIV/AIDS,Baseline year 2024.,"The Participants acknowledge that the outcome and process metrics in Sections 1.1 and 1.2 are jointly determined targets intended to guide planning, resource allocation, and performance improvement. These metrics should be reviewed periodically to reflect new data, changing epidemiology, fiscal constraints, and external shocks. Shortfalls against one or more targets should not, by themselves, constitute noncompliance with this MOU but should prompt a joint review and course correction.","Sec 1.2, p.3, paragraph beneath the process-metrics table",https://www.citizen.org/wp-content/uploads/SIERRA-LEONE_FL-2026-00021_August-2026-Production_RELEASE.pdf
Sierra Leone,HIV/AIDS,% People With HIV Who Know Their Status,Outcome,2028,98.0,%,Percentage,Higher is better,HIV/AIDS,Baseline year 2024.,"The Participants acknowledge that the outcome and process metrics in Sections 1.1 and 1.2 are jointly determined targets intended to guide planning, resource allocation, and performance improvement. These metrics should be reviewed periodically to reflect new data, changing epidemiology, fiscal constraints, and external shocks. Shortfalls against one or more targets should not, by themselves, constitute noncompliance with this MOU but should prompt a joint review and course correction.","Sec 1.2, p.3, paragraph beneath the process-metrics table",https://www.citizen.org/wp-content/uploads/SIERRA-LEONE_FL-2026-00021_August-2026-Production_RELEASE.pdf
Sierra Leone,HIV/AIDS,% People With HIV Who Know Their Status,Outcome,2029,98.0,%,Percentage,Higher is better,HIV/AIDS,Baseline year 2024.,"The Participants acknowledge that the outcome and process metrics in Sections 1.1 and 1.2 are jointly determined targets intended to guide planning, resource allocation, and performance improvement. These metrics should be reviewed periodically to reflect new data, changing epidemiology, fiscal constraints, and external shocks. Shortfalls against one or more targets should not, by themselves, constitute noncompliance with this MOU but should prompt a joint review and course correction.","Sec 1.2, p.3, paragraph beneath the process-metrics table",https://www.citizen.org/wp-content/uploads/SIERRA-LEONE_FL-2026-00021_August-2026-Production_RELEASE.pdf
Sierra Leone,HIV/AIDS,% People With HIV Who Know Their Status,Outcome,2030,98.0,%,Percentage,Higher is better,HIV/AIDS,Baseline year 2024.,"The Participants acknowledge that the outcome and process metrics in Sections 1.1 and 1.2 are jointly determined targets intended to guide planning, resource allocation, and performance improvement. These metrics should be reviewed periodically to reflect new data, changing epidemiology, fiscal constraints, and external shocks. Shortfalls against one or more targets should not, by themselves, constitute noncompliance with this MOU but should prompt a joint review and course correction.","Sec 1.2, p.3, paragraph beneath the process-metrics table",https://www.citizen.org/wp-content/uploads/SIERRA-LEONE_FL-2026-00021_August-2026-Production_RELEASE.pdf
Sierra Leone,HIV/AIDS,% People Who Know Their HIV Status on Treatment,Outcome,Baseline,86.0,%,Percentage,Higher is better,HIV/AIDS,Baseline year 2024.,"The Participants acknowledge that the outcome and process metrics in Sections 1.1 and 1.2 are jointly determined targets intended to guide planning, resource allocation, and performance improvement. These metrics should be reviewed periodically to reflect new data, changing epidemiology, fiscal constraints, and external shocks. Shortfalls against one or more targets should not, by themselves, constitute noncompliance with this MOU but should prompt a joint review and course correction.","Sec 1.2, p.3, paragraph beneath the process-metrics table",https://www.citizen.org/wp-content/uploads/SIERRA-LEONE_FL-2026-00021_August-2026-Production_RELEASE.pdf
Sierra Leone,HIV/AIDS,% People Who Know Their HIV Status on Treatment,Outcome,2026,90.0,%,Percentage,Higher is better,HIV/AIDS,Baseline year 2024.,"The Participants acknowledge that the outcome and process metrics in Sections 1.1 and 1.2 are jointly determined targets intended to guide planning, resource allocation, and performance improvement. These metrics should be reviewed periodically to reflect new data, changing epidemiology, fiscal constraints, and external shocks. Shortfalls against one or more targets should not, by themselves, constitute noncompliance with this MOU but should prompt a joint review and course correction.","Sec 1.2, p.3, paragraph beneath the process-metrics table",https://www.citizen.org/wp-content/uploads/SIERRA-LEONE_FL-2026-00021_August-2026-Production_RELEASE.pdf
Sierra Leone,HIV/AIDS,% People Who Know Their HIV Status on Treatment,Outcome,2027,95.0,%,Percentage,Higher is better,HIV/AIDS,Baseline year 2024.,"The Participants acknowledge that the outcome and process metrics in Sections 1.1 and 1.2 are jointly determined targets intended to guide planning, resource allocation, and performance improvement. These metrics should be reviewed periodically to reflect new data, changing epidemiology, fiscal constraints, and external shocks. Shortfalls against one or more targets should not, by themselves, constitute noncompliance with this MOU but should prompt a joint review and course correction.","Sec 1.2, p.3, paragraph beneath the process-metrics table",https://www.citizen.org/wp-content/uploads/SIERRA-LEONE_FL-2026-00021_August-2026-Production_RELEASE.pdf
Sierra Leone,HIV/AIDS,% People Who Know Their HIV Status on Treatment,Outcome,2028,98.0,%,Percentage,Higher is better,HIV/AIDS,Baseline year 2024.,"The Participants acknowledge that the outcome and process metrics in Sections 1.1 and 1.2 are jointly determined targets intended to guide planning, resource allocation, and performance improvement. These metrics should be reviewed periodically to reflect new data, changing epidemiology, fiscal constraints, and external shocks. Shortfalls against one or more targets should not, by themselves, constitute noncompliance with this MOU but should prompt a joint review and course correction.","Sec 1.2, p.3, paragraph beneath the process-metrics table",https://www.citizen.org/wp-content/uploads/SIERRA-LEONE_FL-2026-00021_August-2026-Production_RELEASE.pdf
Sierra Leone,HIV/AIDS,% People Who Know Their HIV Status on Treatment,Outcome,2029,98.0,%,Percentage,Higher is better,HIV/AIDS,Baseline year 2024.,"The Participants acknowledge that the outcome and process metrics in Sections 1.1 and 1.2 are jointly determined targets intended to guide planning, resource allocation, and performance improvement. These metrics should be reviewed periodically to reflect new data, changing epidemiology, fiscal constraints, and external shocks. Shortfalls against one or more targets should not, by themselves, constitute noncompliance with this MOU but should prompt a joint review and course correction.","Sec 1.2, p.3, paragraph beneath the process-metrics table",https://www.citizen.org/wp-content/uploads/SIERRA-LEONE_FL-2026-00021_August-2026-Production_RELEASE.pdf
Sierra Leone,HIV/AIDS,% People Who Know Their HIV Status on Treatment,Outcome,2030,98.0,%,Percentage,Higher is better,HIV/AIDS,Baseline year 2024.,"The Participants acknowledge that the outcome and process metrics in Sections 1.1 and 1.2 are jointly determined targets intended to guide planning, resource allocation, and performance improvement. These metrics should be reviewed periodically to reflect new data, changing epidemiology, fiscal constraints, and external shocks. Shortfalls against one or more targets should not, by themselves, constitute noncompliance with this MOU but should prompt a joint review and course correction.","Sec 1.2, p.3, paragraph beneath the process-metrics table",https://www.citizen.org/wp-content/uploads/SIERRA-LEONE_FL-2026-00021_August-2026-Production_RELEASE.pdf
Sierra Leone,HIV/AIDS,% People On Antiretroviral Treatment (ART) Who Are Virally Suppressed,Outcome,Baseline,65.0,%,Percentage,Higher is better,HIV/AIDS,Baseline year 2024. A 33-point jump from baseline to 2026 - the steepest first-year outcome target in any published MOU.,"The Participants acknowledge that the outcome and process metrics in Sections 1.1 and 1.2 are jointly determined targets intended to guide planning, resource allocation, and performance improvement. These metrics should be reviewed periodically to reflect new data, changing epidemiology, fiscal constraints, and external shocks. Shortfalls against one or more targets should not, by themselves, constitute noncompliance with this MOU but should prompt a joint review and course correction.","Sec 1.2, p.3, paragraph beneath the process-metrics table",https://www.citizen.org/wp-content/uploads/SIERRA-LEONE_FL-2026-00021_August-2026-Production_RELEASE.pdf
Sierra Leone,HIV/AIDS,% People On Antiretroviral Treatment (ART) Who Are Virally Suppressed,Outcome,2026,90.0,%,Percentage,Higher is better,HIV/AIDS,Baseline year 2024. A 33-point jump from baseline to 2026 - the steepest first-year outcome target in any published MOU.,"The Participants acknowledge that the outcome and process metrics in Sections 1.1 and 1.2 are jointly determined targets intended to guide planning, resource allocation, and performance improvement. These metrics should be reviewed periodically to reflect new data, changing epidemiology, fiscal constraints, and external shocks. Shortfalls against one or more targets should not, by themselves, constitute noncompliance with this MOU but should prompt a joint review and course correction.","Sec 1.2, p.3, paragraph beneath the process-metrics table",https://www.citizen.org/wp-content/uploads/SIERRA-LEONE_FL-2026-00021_August-2026-Production_RELEASE.pdf
Sierra Leone,HIV/AIDS,% People On Antiretroviral Treatment (ART) Who Are Virally Suppressed,Outcome,2027,95.0,%,Percentage,Higher is better,HIV/AIDS,Baseline year 2024. A 33-point jump from baseline to 2026 - the steepest first-year outcome target in any published MOU.,"The Participants acknowledge that the outcome and process metrics in Sections 1.1 and 1.2 are jointly determined targets intended to guide planning, resource allocation, and performance improvement. These metrics should be reviewed periodically to reflect new data, changing epidemiology, fiscal constraints, and external shocks. Shortfalls against one or more targets should not, by themselves, constitute noncompliance with this MOU but should prompt a joint review and course correction.","Sec 1.2, p.3, paragraph beneath the process-metrics table",https://www.citizen.org/wp-content/uploads/SIERRA-LEONE_FL-2026-00021_August-2026-Production_RELEASE.pdf
Sierra Leone,HIV/AIDS,% People On Antiretroviral Treatment (ART) Who Are Virally Suppressed,Outcome,2028,98.0,%,Percentage,Higher is better,HIV/AIDS,Baseline year 2024. A 33-point jump from baseline to 2026 - the steepest first-year outcome target in any published MOU.,"The Participants acknowledge that the outcome and process metrics in Sections 1.1 and 1.2 are jointly determined targets intended to guide planning, resource allocation, and performance improvement. These metrics should be reviewed periodically to reflect new data, changing epidemiology, fiscal constraints, and external shocks. Shortfalls against one or more targets should not, by themselves, constitute noncompliance with this MOU but should prompt a joint review and course correction.","Sec 1.2, p.3, paragraph beneath the process-metrics table",https://www.citizen.org/wp-content/uploads/SIERRA-LEONE_FL-2026-00021_August-2026-Production_RELEASE.pdf
Sierra Leone,HIV/AIDS,% People On Antiretroviral Treatment (ART) Who Are Virally Suppressed,Outcome,2029,98.0,%,Percentage,Higher is better,HIV/AIDS,Baseline year 2024. A 33-point jump from baseline to 2026 - the steepest first-year outcome target in any published MOU.,"The Participants acknowledge that the outcome and process metrics in Sections 1.1 and 1.2 are jointly determined targets intended to guide planning, resource allocation, and performance improvement. These metrics should be reviewed periodically to reflect new data, changing epidemiology, fiscal constraints, and external shocks. Shortfalls against one or more targets should not, by themselves, constitute noncompliance with this MOU but should prompt a joint review and course correction.","Sec 1.2, p.3, paragraph beneath the process-metrics table",https://www.citizen.org/wp-content/uploads/SIERRA-LEONE_FL-2026-00021_August-2026-Production_RELEASE.pdf
Sierra Leone,HIV/AIDS,% People On Antiretroviral Treatment (ART) Who Are Virally Suppressed,Outcome,2030,98.0,%,Percentage,Higher is better,HIV/AIDS,Baseline year 2024. A 33-point jump from baseline to 2026 - the steepest first-year outcome target in any published MOU.,"The Participants acknowledge that the outcome and process metrics in Sections 1.1 and 1.2 are jointly determined targets intended to guide planning, resource allocation, and performance improvement. These metrics should be reviewed periodically to reflect new data, changing epidemiology, fiscal constraints, and external shocks. Shortfalls against one or more targets should not, by themselves, constitute noncompliance with this MOU but should prompt a joint review and course correction.","Sec 1.2, p.3, paragraph beneath the process-metrics table",https://www.citizen.org/wp-content/uploads/SIERRA-LEONE_FL-2026-00021_August-2026-Production_RELEASE.pdf
Sierra Leone,Malaria,# Malaria Deaths in Children Under 5,Outcome,Baseline,1477.0,count,Absolute number,Lower is better,Malaria,Baseline year 2024.,,,https://www.citizen.org/wp-content/uploads/SIERRA-LEONE_FL-2026-00021_August-2026-Production_RELEASE.pdf
Sierra Leone,Malaria,# Malaria Deaths in Children Under 5,Outcome,2026,960.0,count,Absolute number,Lower is better,Malaria,Baseline year 2024.,,,https://www.citizen.org/wp-content/uploads/SIERRA-LEONE_FL-2026-00021_August-2026-Production_RELEASE.pdf
Sierra Leone,Malaria,# Malaria Deaths in Children Under 5,Outcome,2027,812.0,count,Absolute number,Lower is better,Malaria,Baseline year 2024.,,,https://www.citizen.org/wp-content/uploads/SIERRA-LEONE_FL-2026-00021_August-2026-Production_RELEASE.pdf
Sierra Leone,Malaria,# Malaria Deaths in Children Under 5,Outcome,2028,665.0,count,Absolute number,Lower is better,Malaria,Baseline year 2024.,,,https://www.citizen.org/wp-content/uploads/SIERRA-LEONE_FL-2026-00021_August-2026-Production_RELEASE.pdf
Sierra Leone,Malaria,# Malaria Deaths in Children Under 5,Outcome,2029,517.0,count,Absolute number,Lower is better,Malaria,Baseline year 2024.,,,https://www.citizen.org/wp-content/uploads/SIERRA-LEONE_FL-2026-00021_August-2026-Production_RELEASE.pdf
Sierra Leone,Malaria,# Malaria Deaths in Children Under 5,Outcome,2030,369.0,count,Absolute number,Lower is better,Malaria,Baseline year 2024.,,,https://www.citizen.org/wp-content/uploads/SIERRA-LEONE_FL-2026-00021_August-2026-Production_RELEASE.pdf
Sierra Leone,TB,# TB Deaths,Outcome,Baseline,48.0,count,Absolute number,Lower is better,TB,Baseline year 2024.,,,https://www.citizen.org/wp-content/uploads/SIERRA-LEONE_FL-2026-00021_August-2026-Production_RELEASE.pdf
Sierra Leone,TB,# TB Deaths,Outcome,2026,40.0,count,Absolute number,Lower is better,TB,Baseline year 2024.,,,https://www.citizen.org/wp-content/uploads/SIERRA-LEONE_FL-2026-00021_August-2026-Production_RELEASE.pdf
Sierra Leone,TB,# TB Deaths,Outcome,2027,32.0,count,Absolute number,Lower is better,TB,Baseline year 2024.,,,https://www.citizen.org/wp-content/uploads/SIERRA-LEONE_FL-2026-00021_August-2026-Production_RELEASE.pdf
Sierra Leone,TB,# TB Deaths,Outcome,2028,24.0,count,Absolute number,Lower is better,TB,Baseline year 2024.,,,https://www.citizen.org/wp-content/uploads/SIERRA-LEONE_FL-2026-00021_August-2026-Production_RELEASE.pdf
Sierra Leone,TB,# TB Deaths,Outcome,2029,16.0,count,Absolute number,Lower is better,TB,Baseline year 2024.,,,https://www.citizen.org/wp-content/uploads/SIERRA-LEONE_FL-2026-00021_August-2026-Production_RELEASE.pdf
Sierra Leone,TB,# TB Deaths,Outcome,2030,10.0,count,Absolute number,Lower is better,TB,Baseline year 2024.,,,https://www.citizen.org/wp-content/uploads/SIERRA-LEONE_FL-2026-00021_August-2026-Production_RELEASE.pdf
Sierra Leone,Polio,"# Polio Cases (e.g., WPV, cVDPVB)",Outcome,Baseline,15.0,count,Absolute number,Lower is better,Polio,Baseline year 2024.,,,https://www.citizen.org/wp-content/uploads/SIERRA-LEONE_FL-2026-00021_August-2026-Production_RELEASE.pdf
Sierra Leone,Polio,"# Polio Cases (e.g., WPV, cVDPVB)",Outcome,2026,0.0,count,Absolute number,Lower is better,Polio,Baseline year 2024.,,,https://www.citizen.org/wp-content/uploads/SIERRA-LEONE_FL-2026-00021_August-2026-Production_RELEASE.pdf
Sierra Leone,Polio,"# Polio Cases (e.g., WPV, cVDPVB)",Outcome,2027,0.0,count,Absolute number,Lower is better,Polio,Baseline year 2024.,,,https://www.citizen.org/wp-content/uploads/SIERRA-LEONE_FL-2026-00021_August-2026-Production_RELEASE.pdf
Sierra Leone,Polio,"# Polio Cases (e.g., WPV, cVDPVB)",Outcome,2028,0.0,count,Absolute number,Lower is better,Polio,Baseline year 2024.,,,https://www.citizen.org/wp-content/uploads/SIERRA-LEONE_FL-2026-00021_August-2026-Production_RELEASE.pdf
Sierra Leone,Polio,"# Polio Cases (e.g., WPV, cVDPVB)",Outcome,2029,0.0,count,Absolute number,Lower is better,Polio,Baseline year 2024.,,,https://www.citizen.org/wp-content/uploads/SIERRA-LEONE_FL-2026-00021_August-2026-Production_RELEASE.pdf
Sierra Leone,Polio,"# Polio Cases (e.g., WPV, cVDPVB)",Outcome,2030,0.0,count,Absolute number,Lower is better,Polio,Baseline year 2024.,,,https://www.citizen.org/wp-content/uploads/SIERRA-LEONE_FL-2026-00021_August-2026-Production_RELEASE.pdf
Sierra Leone,Immunisation (measles),# Measles Cases,Outcome,Baseline,129.0,count,Absolute number,Lower is better,Immunisation (measles),Baseline year 2024.,,,https://www.citizen.org/wp-content/uploads/SIERRA-LEONE_FL-2026-00021_August-2026-Production_RELEASE.pdf
Sierra Leone,Immunisation (measles),# Measles Cases,Outcome,2026,110.0,count,Absolute number,Lower is better,Immunisation (measles),Baseline year 2024.,,,https://www.citizen.org/wp-content/uploads/SIERRA-LEONE_FL-2026-00021_August-2026-Production_RELEASE.pdf
Sierra Leone,Immunisation (measles),# Measles Cases,Outcome,2027,80.0,count,Absolute number,Lower is better,Immunisation (measles),Baseline year 2024.,,,https://www.citizen.org/wp-content/uploads/SIERRA-LEONE_FL-2026-00021_August-2026-Production_RELEASE.pdf
Sierra Leone,Immunisation (measles),# Measles Cases,Outcome,2028,60.0,count,Absolute number,Lower is better,Immunisation (measles),Baseline year 2024.,,,https://www.citizen.org/wp-content/uploads/SIERRA-LEONE_FL-2026-00021_August-2026-Production_RELEASE.pdf
Sierra Leone,Immunisation (measles),# Measles Cases,Outcome,2029,40.0,count,Absolute number,Lower is better,Immunisation (measles),Baseline year 2024.,,,https://www.citizen.org/wp-content/uploads/SIERRA-LEONE_FL-2026-00021_August-2026-Production_RELEASE.pdf
Sierra Leone,Immunisation (measles),# Measles Cases,Outcome,2030,20.0,count,Absolute number,Lower is better,Immunisation (measles),Baseline year 2024.,,,https://www.citizen.org/wp-content/uploads/SIERRA-LEONE_FL-2026-00021_August-2026-Production_RELEASE.pdf
Sierra Leone,MCH,"Maternal Mortality Rate (per 100,000 live births)",Outcome,Baseline,354.0,"per 100,000 live births",Rate,Lower is better,MCH,Baseline year 2023. The 2029 figure (190) breaks the constant -25 step of the preceding years; transcribed as printed.,,,https://www.citizen.org/wp-content/uploads/SIERRA-LEONE_FL-2026-00021_August-2026-Production_RELEASE.pdf
Sierra Leone,MCH,"Maternal Mortality Rate (per 100,000 live births)",Outcome,2026,279.0,"per 100,000 live births",Rate,Lower is better,MCH,Baseline year 2023. The 2029 figure (190) breaks the constant -25 step of the preceding years; transcribed as printed.,,,https://www.citizen.org/wp-content/uploads/SIERRA-LEONE_FL-2026-00021_August-2026-Production_RELEASE.pdf
Sierra Leone,MCH,"Maternal Mortality Rate (per 100,000 live births)",Outcome,2027,254.0,"per 100,000 live births",Rate,Lower is better,MCH,Baseline year 2023. The 2029 figure (190) breaks the constant -25 step of the preceding years; transcribed as printed.,,,https://www.citizen.org/wp-content/uploads/SIERRA-LEONE_FL-2026-00021_August-2026-Production_RELEASE.pdf
Sierra Leone,MCH,"Maternal Mortality Rate (per 100,000 live births)",Outcome,2028,229.0,"per 100,000 live births",Rate,Lower is better,MCH,Baseline year 2023. The 2029 figure (190) breaks the constant -25 step of the preceding years; transcribed as printed.,,,https://www.citizen.org/wp-content/uploads/SIERRA-LEONE_FL-2026-00021_August-2026-Production_RELEASE.pdf
Sierra Leone,MCH,"Maternal Mortality Rate (per 100,000 live births)",Outcome,2029,190.0,"per 100,000 live births",Rate,Lower is better,MCH,Baseline year 2023. The 2029 figure (190) breaks the constant -25 step of the preceding years; transcribed as printed.,,,https://www.citizen.org/wp-content/uploads/SIERRA-LEONE_FL-2026-00021_August-2026-Production_RELEASE.pdf
Sierra Leone,MCH,"Maternal Mortality Rate (per 100,000 live births)",Outcome,2030,140.0,"per 100,000 live births",Rate,Lower is better,MCH,Baseline year 2023. The 2029 figure (190) breaks the constant -25 step of the preceding years; transcribed as printed.,,,https://www.citizen.org/wp-content/uploads/SIERRA-LEONE_FL-2026-00021_August-2026-Production_RELEASE.pdf
Sierra Leone,MCH,"Children Under 5 Mortality Rate (per 1,000 live births)",Outcome,Baseline,94.0,"per 1,000 live births",Rate,Lower is better,MCH,Baseline year 2023.,,,https://www.citizen.org/wp-content/uploads/SIERRA-LEONE_FL-2026-00021_August-2026-Production_RELEASE.pdf
Sierra Leone,MCH,"Children Under 5 Mortality Rate (per 1,000 live births)",Outcome,2026,82.0,"per 1,000 live births",Rate,Lower is better,MCH,Baseline year 2023.,,,https://www.citizen.org/wp-content/uploads/SIERRA-LEONE_FL-2026-00021_August-2026-Production_RELEASE.pdf
Sierra Leone,MCH,"Children Under 5 Mortality Rate (per 1,000 live births)",Outcome,2027,78.0,"per 1,000 live births",Rate,Lower is better,MCH,Baseline year 2023.,,,https://www.citizen.org/wp-content/uploads/SIERRA-LEONE_FL-2026-00021_August-2026-Production_RELEASE.pdf
Sierra Leone,MCH,"Children Under 5 Mortality Rate (per 1,000 live births)",Outcome,2028,74.0,"per 1,000 live births",Rate,Lower is better,MCH,Baseline year 2023.,,,https://www.citizen.org/wp-content/uploads/SIERRA-LEONE_FL-2026-00021_August-2026-Production_RELEASE.pdf
Sierra Leone,MCH,"Children Under 5 Mortality Rate (per 1,000 live births)",Outcome,2029,70.0,"per 1,000 live births",Rate,Lower is better,MCH,Baseline year 2023.,,,https://www.citizen.org/wp-content/uploads/SIERRA-LEONE_FL-2026-00021_August-2026-Production_RELEASE.pdf
Sierra Leone,MCH,"Children Under 5 Mortality Rate (per 1,000 live births)",Outcome,2030,66.0,"per 1,000 live births",Rate,Lower is better,MCH,Baseline year 2023.,,,https://www.citizen.org/wp-content/uploads/SIERRA-LEONE_FL-2026-00021_August-2026-Production_RELEASE.pdf
Sierra Leone,HIV/AIDS,# people on ART,Process,Baseline,81155.0,count,Absolute number,Higher is better,HIV/AIDS,Baseline year 2024.,,,https://www.citizen.org/wp-content/uploads/SIERRA-LEONE_FL-2026-00021_August-2026-Production_RELEASE.pdf
Sierra Leone,HIV/AIDS,# people on ART,Process,2026,85000.0,count,Absolute number,Higher is better,HIV/AIDS,Baseline year 2024.,,,https://www.citizen.org/wp-content/uploads/SIERRA-LEONE_FL-2026-00021_August-2026-Production_RELEASE.pdf
Sierra Leone,HIV/AIDS,# people on ART,Process,2027,88000.0,count,Absolute number,Higher is better,HIV/AIDS,Baseline year 2024.,,,https://www.citizen.org/wp-content/uploads/SIERRA-LEONE_FL-2026-00021_August-2026-Production_RELEASE.pdf
Sierra Leone,HIV/AIDS,# people on ART,Process,2028,90500.0,count,Absolute number,Higher is better,HIV/AIDS,Baseline year 2024.,,,https://www.citizen.org/wp-content/uploads/SIERRA-LEONE_FL-2026-00021_August-2026-Production_RELEASE.pdf
Sierra Leone,HIV/AIDS,# people on ART,Process,2029,92500.0,count,Absolute number,Higher is better,HIV/AIDS,Baseline year 2024.,,,https://www.citizen.org/wp-content/uploads/SIERRA-LEONE_FL-2026-00021_August-2026-Production_RELEASE.pdf
Sierra Leone,HIV/AIDS,# people on ART,Process,2030,94000.0,count,Absolute number,Higher is better,HIV/AIDS,Baseline year 2024.,,,https://www.citizen.org/wp-content/uploads/SIERRA-LEONE_FL-2026-00021_August-2026-Production_RELEASE.pdf
Sierra Leone,HIV/AIDS,# new HIV diagnoses among infants (0-18 months),Process,Baseline,623.0,count,Absolute number,Lower is better,HIV/AIDS,Baseline year 2024.,,,https://www.citizen.org/wp-content/uploads/SIERRA-LEONE_FL-2026-00021_August-2026-Production_RELEASE.pdf
Sierra Leone,HIV/AIDS,# new HIV diagnoses among infants (0-18 months),Process,2026,529.0,count,Absolute number,Lower is better,HIV/AIDS,Baseline year 2024.,,,https://www.citizen.org/wp-content/uploads/SIERRA-LEONE_FL-2026-00021_August-2026-Production_RELEASE.pdf
Sierra Leone,HIV/AIDS,# new HIV diagnoses among infants (0-18 months),Process,2027,506.0,count,Absolute number,Lower is better,HIV/AIDS,Baseline year 2024.,,,https://www.citizen.org/wp-content/uploads/SIERRA-LEONE_FL-2026-00021_August-2026-Production_RELEASE.pdf
Sierra Leone,HIV/AIDS,# new HIV diagnoses among infants (0-18 months),Process,2028,489.0,count,Absolute number,Lower is better,HIV/AIDS,Baseline year 2024.,,,https://www.citizen.org/wp-content/uploads/SIERRA-LEONE_FL-2026-00021_August-2026-Production_RELEASE.pdf
Sierra Leone,HIV/AIDS,# new HIV diagnoses among infants (0-18 months),Process,2029,469.0,count,Absolute number,Lower is better,HIV/AIDS,Baseline year 2024.,,,https://www.citizen.org/wp-content/uploads/SIERRA-LEONE_FL-2026-00021_August-2026-Production_RELEASE.pdf
Sierra Leone,HIV/AIDS,# new HIV diagnoses among infants (0-18 months),Process,2030,447.0,count,Absolute number,Lower is better,HIV/AIDS,Baseline year 2024.,,,https://www.citizen.org/wp-content/uploads/SIERRA-LEONE_FL-2026-00021_August-2026-Production_RELEASE.pdf
Sierra Leone,HIV/AIDS,# new HIV diagnoses among children and adults (age 18 months or older),Process,Baseline,15289.0,count,Absolute number,Lower is better,HIV/AIDS,Baseline year 2024.,,,https://www.citizen.org/wp-content/uploads/SIERRA-LEONE_FL-2026-00021_August-2026-Production_RELEASE.pdf
Sierra Leone,HIV/AIDS,# new HIV diagnoses among children and adults (age 18 months or older),Process,2026,12592.0,count,Absolute number,Lower is better,HIV/AIDS,Baseline year 2024.,,,https://www.citizen.org/wp-content/uploads/SIERRA-LEONE_FL-2026-00021_August-2026-Production_RELEASE.pdf
Sierra Leone,HIV/AIDS,# new HIV diagnoses among children and adults (age 18 months or older),Process,2027,9592.0,count,Absolute number,Lower is better,HIV/AIDS,Baseline year 2024.,,,https://www.citizen.org/wp-content/uploads/SIERRA-LEONE_FL-2026-00021_August-2026-Production_RELEASE.pdf
Sierra Leone,HIV/AIDS,# new HIV diagnoses among children and adults (age 18 months or older),Process,2028,4564.0,count,Absolute number,Lower is better,HIV/AIDS,Baseline year 2024.,,,https://www.citizen.org/wp-content/uploads/SIERRA-LEONE_FL-2026-00021_August-2026-Production_RELEASE.pdf
Sierra Leone,HIV/AIDS,# new HIV diagnoses among children and adults (age 18 months or older),Process,2029,2793.0,count,Absolute number,Lower is better,HIV/AIDS,Baseline year 2024.,,,https://www.citizen.org/wp-content/uploads/SIERRA-LEONE_FL-2026-00021_August-2026-Production_RELEASE.pdf
Sierra Leone,HIV/AIDS,# new HIV diagnoses among children and adults (age 18 months or older),Process,2030,1789.0,count,Absolute number,Lower is better,HIV/AIDS,Baseline year 2024.,,,https://www.citizen.org/wp-content/uploads/SIERRA-LEONE_FL-2026-00021_August-2026-Production_RELEASE.pdf
Sierra Leone,HIV/AIDS,% pregnant and breastfeeding women living with HIV who receive ART,Process,Baseline,93.0,%,Percentage,Higher is better,HIV/AIDS,Baseline year 2024.,,,https://www.citizen.org/wp-content/uploads/SIERRA-LEONE_FL-2026-00021_August-2026-Production_RELEASE.pdf
Sierra Leone,HIV/AIDS,% pregnant and breastfeeding women living with HIV who receive ART,Process,2026,98.0,%,Percentage,Higher is better,HIV/AIDS,Baseline year 2024.,,,https://www.citizen.org/wp-content/uploads/SIERRA-LEONE_FL-2026-00021_August-2026-Production_RELEASE.pdf
Sierra Leone,HIV/AIDS,% pregnant and breastfeeding women living with HIV who receive ART,Process,2027,98.0,%,Percentage,Higher is better,HIV/AIDS,Baseline year 2024.,,,https://www.citizen.org/wp-content/uploads/SIERRA-LEONE_FL-2026-00021_August-2026-Production_RELEASE.pdf
Sierra Leone,HIV/AIDS,% pregnant and breastfeeding women living with HIV who receive ART,Process,2028,98.0,%,Percentage,Higher is better,HIV/AIDS,Baseline year 2024.,,,https://www.citizen.org/wp-content/uploads/SIERRA-LEONE_FL-2026-00021_August-2026-Production_RELEASE.pdf
Sierra Leone,HIV/AIDS,% pregnant and breastfeeding women living with HIV who receive ART,Process,2029,98.0,%,Percentage,Higher is better,HIV/AIDS,Baseline year 2024.,,,https://www.citizen.org/wp-content/uploads/SIERRA-LEONE_FL-2026-00021_August-2026-Production_RELEASE.pdf
Sierra Leone,HIV/AIDS,% pregnant and breastfeeding women living with HIV who receive ART,Process,2030,98.0,%,Percentage,Higher is better,HIV/AIDS,Baseline year 2024.,,,https://www.citizen.org/wp-content/uploads/SIERRA-LEONE_FL-2026-00021_August-2026-Production_RELEASE.pdf
Sierra Leone,Malaria,% confirmed malaria cases that receive first-line antimalarial treatment,Process,Baseline,98.0,%,Percentage,Higher is better,Malaria,Baseline year 2024.,,,https://www.citizen.org/wp-content/uploads/SIERRA-LEONE_FL-2026-00021_August-2026-Production_RELEASE.pdf
Sierra Leone,Malaria,% confirmed malaria cases that receive first-line antimalarial treatment,Process,2026,100.0,%,Percentage,Higher is better,Malaria,Baseline year 2024.,,,https://www.citizen.org/wp-content/uploads/SIERRA-LEONE_FL-2026-00021_August-2026-Production_RELEASE.pdf
Sierra Leone,Malaria,% confirmed malaria cases that receive first-line antimalarial treatment,Process,2027,100.0,%,Percentage,Higher is better,Malaria,Baseline year 2024.,,,https://www.citizen.org/wp-content/uploads/SIERRA-LEONE_FL-2026-00021_August-2026-Production_RELEASE.pdf
Sierra Leone,Malaria,% confirmed malaria cases that receive first-line antimalarial treatment,Process,2028,100.0,%,Percentage,Higher is better,Malaria,Baseline year 2024.,,,https://www.citizen.org/wp-content/uploads/SIERRA-LEONE_FL-2026-00021_August-2026-Production_RELEASE.pdf
Sierra Leone,Malaria,% confirmed malaria cases that receive first-line antimalarial treatment,Process,2029,100.0,%,Percentage,Higher is better,Malaria,Baseline year 2024.,,,https://www.citizen.org/wp-content/uploads/SIERRA-LEONE_FL-2026-00021_August-2026-Production_RELEASE.pdf
Sierra Leone,Malaria,% confirmed malaria cases that receive first-line antimalarial treatment,Process,2030,100.0,%,Percentage,Higher is better,Malaria,Baseline year 2024.,,,https://www.citizen.org/wp-content/uploads/SIERRA-LEONE_FL-2026-00021_August-2026-Production_RELEASE.pdf
Sierra Leone,Malaria,# insecticide-treated nets distributed to populations at risk of malaria,Process,Baseline,364988.0,routine nets,Absolute number,Higher is better,Malaria,Baseline year 2024.,,,https://www.citizen.org/wp-content/uploads/SIERRA-LEONE_FL-2026-00021_August-2026-Production_RELEASE.pdf
Sierra Leone,Malaria,# insecticide-treated nets distributed to populations at risk of malaria,Process,2026,1137511.0,routine nets,Absolute number,Higher is better,Malaria,Baseline year 2024.,,,https://www.citizen.org/wp-content/uploads/SIERRA-LEONE_FL-2026-00021_August-2026-Production_RELEASE.pdf
Sierra Leone,Malaria,# insecticide-treated nets distributed to populations at risk of malaria,Process,2027,1062878.0,routine nets,Absolute number,Higher is better,Malaria,Baseline year 2024.,,,https://www.citizen.org/wp-content/uploads/SIERRA-LEONE_FL-2026-00021_August-2026-Production_RELEASE.pdf
Sierra Leone,Malaria,# insecticide-treated nets distributed to populations at risk of malaria,Process,2028,1197632.0,routine nets,Absolute number,Higher is better,Malaria,Baseline year 2024.,,,https://www.citizen.org/wp-content/uploads/SIERRA-LEONE_FL-2026-00021_August-2026-Production_RELEASE.pdf
Sierra Leone,Malaria,# insecticide-treated nets distributed to populations at risk of malaria,Process,2029,1228275.0,routine nets,Absolute number,Higher is better,Malaria,Baseline year 2024.,,,https://www.citizen.org/wp-content/uploads/SIERRA-LEONE_FL-2026-00021_August-2026-Production_RELEASE.pdf
Sierra Leone,Malaria,# insecticide-treated nets distributed to populations at risk of malaria,Process,2030,1531125.0,routine nets,Absolute number,Higher is better,Malaria,Baseline year 2024.,,,https://www.citizen.org/wp-content/uploads/SIERRA-LEONE_FL-2026-00021_August-2026-Production_RELEASE.pdf
Sierra Leone,TB,"# patients with TB notified (i.e., bacteriologically confirmed + clinically diagnosed)",Process,Baseline,22381.0,count,Absolute number,Higher is better,TB,Baseline year 2024.,,,https://www.citizen.org/wp-content/uploads/SIERRA-LEONE_FL-2026-00021_August-2026-Production_RELEASE.pdf
Sierra Leone,TB,"# patients with TB notified (i.e., bacteriologically confirmed + clinically diagnosed)",Process,2026,24744.0,count,Absolute number,Higher is better,TB,Baseline year 2024.,,,https://www.citizen.org/wp-content/uploads/SIERRA-LEONE_FL-2026-00021_August-2026-Production_RELEASE.pdf
Sierra Leone,TB,"# patients with TB notified (i.e., bacteriologically confirmed + clinically diagnosed)",Process,2027,26045.0,count,Absolute number,Higher is better,TB,Baseline year 2024.,,,https://www.citizen.org/wp-content/uploads/SIERRA-LEONE_FL-2026-00021_August-2026-Production_RELEASE.pdf
Sierra Leone,TB,"# patients with TB notified (i.e., bacteriologically confirmed + clinically diagnosed)",Process,2028,27336.0,count,Absolute number,Higher is better,TB,Baseline year 2024.,,,https://www.citizen.org/wp-content/uploads/SIERRA-LEONE_FL-2026-00021_August-2026-Production_RELEASE.pdf
Sierra Leone,TB,"# patients with TB notified (i.e., bacteriologically confirmed + clinically diagnosed)",Process,2029,28616.0,count,Absolute number,Higher is better,TB,Baseline year 2024.,,,https://www.citizen.org/wp-content/uploads/SIERRA-LEONE_FL-2026-00021_August-2026-Production_RELEASE.pdf
Sierra Leone,TB,"# patients with TB notified (i.e., bacteriologically confirmed + clinically diagnosed)",Process,2030,30618.0,count,Absolute number,Higher is better,TB,Baseline year 2024.,,,https://www.citizen.org/wp-content/uploads/SIERRA-LEONE_FL-2026-00021_August-2026-Production_RELEASE.pdf
Sierra Leone,TB,% patients with TB notified who completed treatment,Process,Baseline,92.0,%,Percentage,Higher is better,TB,Baseline year 2024.,,,https://www.citizen.org/wp-content/uploads/SIERRA-LEONE_FL-2026-00021_August-2026-Production_RELEASE.pdf
Sierra Leone,TB,% patients with TB notified who completed treatment,Process,2026,92.0,%,Percentage,Higher is better,TB,Baseline year 2024.,,,https://www.citizen.org/wp-content/uploads/SIERRA-LEONE_FL-2026-00021_August-2026-Production_RELEASE.pdf
Sierra Leone,TB,% patients with TB notified who completed treatment,Process,2027,92.0,%,Percentage,Higher is better,TB,Baseline year 2024.,,,https://www.citizen.org/wp-content/uploads/SIERRA-LEONE_FL-2026-00021_August-2026-Production_RELEASE.pdf
Sierra Leone,TB,% patients with TB notified who completed treatment,Process,2028,93.0,%,Percentage,Higher is better,TB,Baseline year 2024.,,,https://www.citizen.org/wp-content/uploads/SIERRA-LEONE_FL-2026-00021_August-2026-Production_RELEASE.pdf
Sierra Leone,TB,% patients with TB notified who completed treatment,Process,2029,94.0,%,Percentage,Higher is better,TB,Baseline year 2024.,,,https://www.citizen.org/wp-content/uploads/SIERRA-LEONE_FL-2026-00021_August-2026-Production_RELEASE.pdf
Sierra Leone,TB,% patients with TB notified who completed treatment,Process,2030,94.0,%,Percentage,Higher is better,TB,Baseline year 2024.,,,https://www.citizen.org/wp-content/uploads/SIERRA-LEONE_FL-2026-00021_August-2026-Production_RELEASE.pdf
Sierra Leone,Polio,% surviving infants who received at least one dose of inactivated polio vaccine,Process,Baseline,91.0,%,Percentage,Higher is better,Polio,Baseline year 2024.,,,https://www.citizen.org/wp-content/uploads/SIERRA-LEONE_FL-2026-00021_August-2026-Production_RELEASE.pdf
Sierra Leone,Polio,% surviving infants who received at least one dose of inactivated polio vaccine,Process,2026,93.0,%,Percentage,Higher is better,Polio,Baseline year 2024.,,,https://www.citizen.org/wp-content/uploads/SIERRA-LEONE_FL-2026-00021_August-2026-Production_RELEASE.pdf
Sierra Leone,Polio,% surviving infants who received at least one dose of inactivated polio vaccine,Process,2027,94.0,%,Percentage,Higher is better,Polio,Baseline year 2024.,,,https://www.citizen.org/wp-content/uploads/SIERRA-LEONE_FL-2026-00021_August-2026-Production_RELEASE.pdf
Sierra Leone,Polio,% surviving infants who received at least one dose of inactivated polio vaccine,Process,2028,95.0,%,Percentage,Higher is better,Polio,Baseline year 2024.,,,https://www.citizen.org/wp-content/uploads/SIERRA-LEONE_FL-2026-00021_August-2026-Production_RELEASE.pdf
Sierra Leone,Polio,% surviving infants who received at least one dose of inactivated polio vaccine,Process,2029,96.0,%,Percentage,Higher is better,Polio,Baseline year 2024.,,,https://www.citizen.org/wp-content/uploads/SIERRA-LEONE_FL-2026-00021_August-2026-Production_RELEASE.pdf
Sierra Leone,Polio,% surviving infants who received at least one dose of inactivated polio vaccine,Process,2030,97.0,%,Percentage,Higher is better,Polio,Baseline year 2024.,,,https://www.citizen.org/wp-content/uploads/SIERRA-LEONE_FL-2026-00021_August-2026-Production_RELEASE.pdf
Sierra Leone,Immunisation (measles),% of children aged 12-23 months who received one dose of measles-containing vaccine,Process,Baseline,90.0,%,Percentage,Higher is better,Immunisation (measles),Baseline year 2024.,,,https://www.citizen.org/wp-content/uploads/SIERRA-LEONE_FL-2026-00021_August-2026-Production_RELEASE.pdf
Sierra Leone,Immunisation (measles),% of children aged 12-23 months who received one dose of measles-containing vaccine,Process,2026,92.0,%,Percentage,Higher is better,Immunisation (measles),Baseline year 2024.,,,https://www.citizen.org/wp-content/uploads/SIERRA-LEONE_FL-2026-00021_August-2026-Production_RELEASE.pdf
Sierra Leone,Immunisation (measles),% of children aged 12-23 months who received one dose of measles-containing vaccine,Process,2027,93.0,%,Percentage,Higher is better,Immunisation (measles),Baseline year 2024.,,,https://www.citizen.org/wp-content/uploads/SIERRA-LEONE_FL-2026-00021_August-2026-Production_RELEASE.pdf
Sierra Leone,Immunisation (measles),% of children aged 12-23 months who received one dose of measles-containing vaccine,Process,2028,94.0,%,Percentage,Higher is better,Immunisation (measles),Baseline year 2024.,,,https://www.citizen.org/wp-content/uploads/SIERRA-LEONE_FL-2026-00021_August-2026-Production_RELEASE.pdf
Sierra Leone,Immunisation (measles),% of children aged 12-23 months who received one dose of measles-containing vaccine,Process,2029,95.0,%,Percentage,Higher is better,Immunisation (measles),Baseline year 2024.,,,https://www.citizen.org/wp-content/uploads/SIERRA-LEONE_FL-2026-00021_August-2026-Production_RELEASE.pdf
Sierra Leone,Immunisation (measles),% of children aged 12-23 months who received one dose of measles-containing vaccine,Process,2030,96.0,%,Percentage,Higher is better,Immunisation (measles),Baseline year 2024.,,,https://www.citizen.org/wp-content/uploads/SIERRA-LEONE_FL-2026-00021_August-2026-Production_RELEASE.pdf
Sierra Leone,MCH,Median number of antenatal care visits for pregnant women (4+ visits),Process,Baseline,86.0,%,Percentage,Higher is better,MCH,"Baseline year 2024. Printed under a ""median number of visits"" label but the values are percentages.",,,https://www.citizen.org/wp-content/uploads/SIERRA-LEONE_FL-2026-00021_August-2026-Production_RELEASE.pdf
Sierra Leone,MCH,Median number of antenatal care visits for pregnant women (4+ visits),Process,2026,88.0,%,Percentage,Higher is better,MCH,"Baseline year 2024. Printed under a ""median number of visits"" label but the values are percentages.",,,https://www.citizen.org/wp-content/uploads/SIERRA-LEONE_FL-2026-00021_August-2026-Production_RELEASE.pdf
Sierra Leone,MCH,Median number of antenatal care visits for pregnant women (4+ visits),Process,2027,89.0,%,Percentage,Higher is better,MCH,"Baseline year 2024. Printed under a ""median number of visits"" label but the values are percentages.",,,https://www.citizen.org/wp-content/uploads/SIERRA-LEONE_FL-2026-00021_August-2026-Production_RELEASE.pdf
Sierra Leone,MCH,Median number of antenatal care visits for pregnant women (4+ visits),Process,2028,91.0,%,Percentage,Higher is better,MCH,"Baseline year 2024. Printed under a ""median number of visits"" label but the values are percentages.",,,https://www.citizen.org/wp-content/uploads/SIERRA-LEONE_FL-2026-00021_August-2026-Production_RELEASE.pdf
Sierra Leone,MCH,Median number of antenatal care visits for pregnant women (4+ visits),Process,2029,93.0,%,Percentage,Higher is better,MCH,"Baseline year 2024. Printed under a ""median number of visits"" label but the values are percentages.",,,https://www.citizen.org/wp-content/uploads/SIERRA-LEONE_FL-2026-00021_August-2026-Production_RELEASE.pdf
Sierra Leone,MCH,Median number of antenatal care visits for pregnant women (4+ visits),Process,2030,95.0,%,Percentage,Higher is better,MCH,"Baseline year 2024. Printed under a ""median number of visits"" label but the values are percentages.",,,https://www.citizen.org/wp-content/uploads/SIERRA-LEONE_FL-2026-00021_August-2026-Production_RELEASE.pdf
Sierra Leone,Data systems & quality,% accuracy of data fields assessed during the annual data audit,Process,2026,90.0,%,Percentage,Higher is better,Data systems & quality,No baseline printed.,,,https://www.citizen.org/wp-content/uploads/SIERRA-LEONE_FL-2026-00021_August-2026-Production_RELEASE.pdf
Sierra Leone,Data systems & quality,% accuracy of data fields assessed during the annual data audit,Process,2027,90.0,%,Percentage,Higher is better,Data systems & quality,No baseline printed.,,,https://www.citizen.org/wp-content/uploads/SIERRA-LEONE_FL-2026-00021_August-2026-Production_RELEASE.pdf
Sierra Leone,Data systems & quality,% accuracy of data fields assessed during the annual data audit,Process,2028,90.0,%,Percentage,Higher is better,Data systems & quality,No baseline printed.,,,https://www.citizen.org/wp-content/uploads/SIERRA-LEONE_FL-2026-00021_August-2026-Production_RELEASE.pdf
Sierra Leone,Data systems & quality,% accuracy of data fields assessed during the annual data audit,Process,2029,90.0,%,Percentage,Higher is better,Data systems & quality,No baseline printed.,,,https://www.citizen.org/wp-content/uploads/SIERRA-LEONE_FL-2026-00021_August-2026-Production_RELEASE.pdf
Sierra Leone,Data systems & quality,% accuracy of data fields assessed during the annual data audit,Process,2030,90.0,%,Percentage,Higher is better,Data systems & quality,No baseline printed.,,,https://www.citizen.org/wp-content/uploads/SIERRA-LEONE_FL-2026-00021_August-2026-Production_RELEASE.pdf
Sierra Leone,GHS / outbreak response,Detects suspected infectious disease outbreaks with epidemic potential within X days of disease emergence,Outbreak response (7-1-7),Baseline,7.0,days,Days,Lower is better,Infectious Disease Outbreak Response Metrics,"Standing commitment for the whole term, not a yearly target. Party named in the MOU: the Government of Sierra Leone",,"Sec 1.3, p.3",https://www.citizen.org/wp-content/uploads/SIERRA-LEONE_FL-2026-00021_August-2026-Production_RELEASE.pdf
Sierra Leone,GHS / outbreak response,Notifies the U.S. Government within X day(s) of detection of a confirmed infectious disease outbreak,Outbreak response (7-1-7),Baseline,1.0,days,Days,Lower is better,Infectious Disease Outbreak Response Metrics,"Standing commitment for the whole term, not a yearly target. Party named in the MOU: the Government of Sierra Leone",,"Sec 1.3, p.3",https://www.citizen.org/wp-content/uploads/SIERRA-LEONE_FL-2026-00021_August-2026-Production_RELEASE.pdf
Sierra Leone,GHS / outbreak response,Completes relevant initial response actions within X days of notification,Outbreak response (7-1-7),Baseline,7.0,days,Days,Lower is better,Infectious Disease Outbreak Response Metrics,"Standing commitment for the whole term, not a yearly target. Party named in the MOU: the Government of Sierra Leone",,"Sec 1.3, p.3",https://www.citizen.org/wp-content/uploads/SIERRA-LEONE_FL-2026-00021_August-2026-Production_RELEASE.pdf
Botswana,HIV/AIDS,% People On Antiretroviral Treatment (ART) Who Are Virally Suppressed,Outcome,Baseline,98.0,%,Percentage,Higher is better,HIV/AIDS,"Botswana is a three-year MOU: Section 1 carries targets for 2026, 2027 and 2028 only.",,,https://www.citizen.org/wp-content/uploads/BOTSWANA_FL-2026-00021_August-2026-Production_RELEASE.pdf
Botswana,HIV/AIDS,% People On Antiretroviral Treatment (ART) Who Are Virally Suppressed,Outcome,2026,99.0,%,Percentage,Higher is better,HIV/AIDS,"Botswana is a three-year MOU: Section 1 carries targets for 2026, 2027 and 2028 only.",,,https://www.citizen.org/wp-content/uploads/BOTSWANA_FL-2026-00021_August-2026-Production_RELEASE.pdf
Botswana,HIV/AIDS,% People On Antiretroviral Treatment (ART) Who Are Virally Suppressed,Outcome,2027,100.0,%,Percentage,Higher is better,HIV/AIDS,"Botswana is a three-year MOU: Section 1 carries targets for 2026, 2027 and 2028 only.",,,https://www.citizen.org/wp-content/uploads/BOTSWANA_FL-2026-00021_August-2026-Production_RELEASE.pdf
Botswana,HIV/AIDS,% People On Antiretroviral Treatment (ART) Who Are Virally Suppressed,Outcome,2028,100.0,%,Percentage,Higher is better,HIV/AIDS,"Botswana is a three-year MOU: Section 1 carries targets for 2026, 2027 and 2028 only.",,,https://www.citizen.org/wp-content/uploads/BOTSWANA_FL-2026-00021_August-2026-Production_RELEASE.pdf
Botswana,HIV/AIDS,Viral Load Coverage,Outcome,Baseline,58.0,%,Percentage,Higher is better,HIV/AIDS,"Baseline source printed as ""58% (ASLM Report)"". Botswana is a three-year MOU: Section 1 carries targets for 2026, 2027 and 2028 only.",,,https://www.citizen.org/wp-content/uploads/BOTSWANA_FL-2026-00021_August-2026-Production_RELEASE.pdf
Botswana,HIV/AIDS,Viral Load Coverage,Outcome,2026,70.0,%,Percentage,Higher is better,HIV/AIDS,"Baseline source printed as ""58% (ASLM Report)"". Botswana is a three-year MOU: Section 1 carries targets for 2026, 2027 and 2028 only.",,,https://www.citizen.org/wp-content/uploads/BOTSWANA_FL-2026-00021_August-2026-Production_RELEASE.pdf
Botswana,HIV/AIDS,Viral Load Coverage,Outcome,2027,90.0,%,Percentage,Higher is better,HIV/AIDS,"Baseline source printed as ""58% (ASLM Report)"". Botswana is a three-year MOU: Section 1 carries targets for 2026, 2027 and 2028 only.",,,https://www.citizen.org/wp-content/uploads/BOTSWANA_FL-2026-00021_August-2026-Production_RELEASE.pdf
Botswana,HIV/AIDS,Viral Load Coverage,Outcome,2028,95.0,%,Percentage,Higher is better,HIV/AIDS,"Baseline source printed as ""58% (ASLM Report)"". Botswana is a three-year MOU: Section 1 carries targets for 2026, 2027 and 2028 only.",,,https://www.citizen.org/wp-content/uploads/BOTSWANA_FL-2026-00021_August-2026-Production_RELEASE.pdf
Botswana,TB,# TB Deaths (% TB mortality),Outcome,Baseline,7.0,%,Percentage,Lower is better,TB,"Row is headed ""# TB Deaths"" but the values are printed as percentages (% TB mortality). Botswana is a three-year MOU: Section 1 carries targets for 2026, 2027 and 2028 only.",,,https://www.citizen.org/wp-content/uploads/BOTSWANA_FL-2026-00021_August-2026-Production_RELEASE.pdf
Botswana,TB,# TB Deaths (% TB mortality),Outcome,2026,5.0,%,Percentage,Lower is better,TB,"Row is headed ""# TB Deaths"" but the values are printed as percentages (% TB mortality). Botswana is a three-year MOU: Section 1 carries targets for 2026, 2027 and 2028 only.",,,https://www.citizen.org/wp-content/uploads/BOTSWANA_FL-2026-00021_August-2026-Production_RELEASE.pdf
Botswana,TB,# TB Deaths (% TB mortality),Outcome,2027,5.0,%,Percentage,Lower is better,TB,"Row is headed ""# TB Deaths"" but the values are printed as percentages (% TB mortality). Botswana is a three-year MOU: Section 1 carries targets for 2026, 2027 and 2028 only.",,,https://www.citizen.org/wp-content/uploads/BOTSWANA_FL-2026-00021_August-2026-Production_RELEASE.pdf
Botswana,TB,# TB Deaths (% TB mortality),Outcome,2028,3.0,%,Percentage,Lower is better,TB,"Row is headed ""# TB Deaths"" but the values are printed as percentages (% TB mortality). Botswana is a three-year MOU: Section 1 carries targets for 2026, 2027 and 2028 only.",,,https://www.citizen.org/wp-content/uploads/BOTSWANA_FL-2026-00021_August-2026-Production_RELEASE.pdf
Botswana,Polio,"# Polio Cases (e.g., WPV, cVDPV)",Outcome,Baseline,0.0,count,Absolute number,Lower is better,Polio,"Botswana is a three-year MOU: Section 1 carries targets for 2026, 2027 and 2028 only.",,,https://www.citizen.org/wp-content/uploads/BOTSWANA_FL-2026-00021_August-2026-Production_RELEASE.pdf
Botswana,Polio,"# Polio Cases (e.g., WPV, cVDPV)",Outcome,2026,0.0,count,Absolute number,Lower is better,Polio,"Botswana is a three-year MOU: Section 1 carries targets for 2026, 2027 and 2028 only.",,,https://www.citizen.org/wp-content/uploads/BOTSWANA_FL-2026-00021_August-2026-Production_RELEASE.pdf
Botswana,Polio,"# Polio Cases (e.g., WPV, cVDPV)",Outcome,2027,0.0,count,Absolute number,Lower is better,Polio,"Botswana is a three-year MOU: Section 1 carries targets for 2026, 2027 and 2028 only.",,,https://www.citizen.org/wp-content/uploads/BOTSWANA_FL-2026-00021_August-2026-Production_RELEASE.pdf
Botswana,Polio,"# Polio Cases (e.g., WPV, cVDPV)",Outcome,2028,0.0,count,Absolute number,Lower is better,Polio,"Botswana is a three-year MOU: Section 1 carries targets for 2026, 2027 and 2028 only.",,,https://www.citizen.org/wp-content/uploads/BOTSWANA_FL-2026-00021_August-2026-Production_RELEASE.pdf
Botswana,Immunisation (measles),# Measles Cases,Outcome,Baseline,1.0,count,Absolute number,Lower is better,Immunisation (measles),"Botswana is a three-year MOU: Section 1 carries targets for 2026, 2027 and 2028 only.",,,https://www.citizen.org/wp-content/uploads/BOTSWANA_FL-2026-00021_August-2026-Production_RELEASE.pdf
Botswana,Immunisation (measles),# Measles Cases,Outcome,2026,0.0,count,Absolute number,Lower is better,Immunisation (measles),"Botswana is a three-year MOU: Section 1 carries targets for 2026, 2027 and 2028 only.",,,https://www.citizen.org/wp-content/uploads/BOTSWANA_FL-2026-00021_August-2026-Production_RELEASE.pdf
Botswana,Immunisation (measles),# Measles Cases,Outcome,2027,0.0,count,Absolute number,Lower is better,Immunisation (measles),"Botswana is a three-year MOU: Section 1 carries targets for 2026, 2027 and 2028 only.",,,https://www.citizen.org/wp-content/uploads/BOTSWANA_FL-2026-00021_August-2026-Production_RELEASE.pdf
Botswana,Immunisation (measles),# Measles Cases,Outcome,2028,0.0,count,Absolute number,Lower is better,Immunisation (measles),"Botswana is a three-year MOU: Section 1 carries targets for 2026, 2027 and 2028 only.",,,https://www.citizen.org/wp-content/uploads/BOTSWANA_FL-2026-00021_August-2026-Production_RELEASE.pdf
Botswana,MCH,"Maternal Mortality Rate (per 100,000 live births)",Outcome,Baseline,176.7,"per 100,000 live births",Rate,Lower is better,MCH,"Botswana is a three-year MOU: Section 1 carries targets for 2026, 2027 and 2028 only.",,,https://www.citizen.org/wp-content/uploads/BOTSWANA_FL-2026-00021_August-2026-Production_RELEASE.pdf
Botswana,MCH,"Maternal Mortality Rate (per 100,000 live births)",Outcome,2026,155.0,"per 100,000 live births",Rate,Lower is better,MCH,"Botswana is a three-year MOU: Section 1 carries targets for 2026, 2027 and 2028 only.",,,https://www.citizen.org/wp-content/uploads/BOTSWANA_FL-2026-00021_August-2026-Production_RELEASE.pdf
Botswana,MCH,"Maternal Mortality Rate (per 100,000 live births)",Outcome,2027,134.0,"per 100,000 live births",Rate,Lower is better,MCH,"Botswana is a three-year MOU: Section 1 carries targets for 2026, 2027 and 2028 only.",,,https://www.citizen.org/wp-content/uploads/BOTSWANA_FL-2026-00021_August-2026-Production_RELEASE.pdf
Botswana,MCH,"Maternal Mortality Rate (per 100,000 live births)",Outcome,2028,112.0,"per 100,000 live births",Rate,Lower is better,MCH,"Botswana is a three-year MOU: Section 1 carries targets for 2026, 2027 and 2028 only.",,,https://www.citizen.org/wp-content/uploads/BOTSWANA_FL-2026-00021_August-2026-Production_RELEASE.pdf
Botswana,MCH,"Children Under 5 Mortality Rate (per 1,000 live births)",Outcome,Baseline,28.7,"per 1,000 live births",Rate,Lower is better,MCH,"Botswana is a three-year MOU: Section 1 carries targets for 2026, 2027 and 2028 only.",,,https://www.citizen.org/wp-content/uploads/BOTSWANA_FL-2026-00021_August-2026-Production_RELEASE.pdf
Botswana,MCH,"Children Under 5 Mortality Rate (per 1,000 live births)",Outcome,2026,26.6,"per 1,000 live births",Rate,Lower is better,MCH,"Botswana is a three-year MOU: Section 1 carries targets for 2026, 2027 and 2028 only.",,,https://www.citizen.org/wp-content/uploads/BOTSWANA_FL-2026-00021_August-2026-Production_RELEASE.pdf
Botswana,MCH,"Children Under 5 Mortality Rate (per 1,000 live births)",Outcome,2027,25.2,"per 1,000 live births",Rate,Lower is better,MCH,"Botswana is a three-year MOU: Section 1 carries targets for 2026, 2027 and 2028 only.",,,https://www.citizen.org/wp-content/uploads/BOTSWANA_FL-2026-00021_August-2026-Production_RELEASE.pdf
Botswana,MCH,"Children Under 5 Mortality Rate (per 1,000 live births)",Outcome,2028,23.8,"per 1,000 live births",Rate,Lower is better,MCH,"Botswana is a three-year MOU: Section 1 carries targets for 2026, 2027 and 2028 only.",,,https://www.citizen.org/wp-content/uploads/BOTSWANA_FL-2026-00021_August-2026-Production_RELEASE.pdf
Botswana,HIV/AIDS,# people on ART (Spectrum Goals),Process,Baseline,341523.0,count,Absolute number,Higher is better,HIV/AIDS,"Botswana is a three-year MOU: Section 1 carries targets for 2026, 2027 and 2028 only.",,,https://www.citizen.org/wp-content/uploads/BOTSWANA_FL-2026-00021_August-2026-Production_RELEASE.pdf
Botswana,HIV/AIDS,# people on ART (Spectrum Goals),Process,2026,347036.0,count,Absolute number,Higher is better,HIV/AIDS,"Botswana is a three-year MOU: Section 1 carries targets for 2026, 2027 and 2028 only.",,,https://www.citizen.org/wp-content/uploads/BOTSWANA_FL-2026-00021_August-2026-Production_RELEASE.pdf
Botswana,HIV/AIDS,# people on ART (Spectrum Goals),Process,2027,350890.0,count,Absolute number,Higher is better,HIV/AIDS,"Botswana is a three-year MOU: Section 1 carries targets for 2026, 2027 and 2028 only.",,,https://www.citizen.org/wp-content/uploads/BOTSWANA_FL-2026-00021_August-2026-Production_RELEASE.pdf
Botswana,HIV/AIDS,# people on ART (Spectrum Goals),Process,2028,354744.0,count,Absolute number,Higher is better,HIV/AIDS,"Botswana is a three-year MOU: Section 1 carries targets for 2026, 2027 and 2028 only.",,,https://www.citizen.org/wp-content/uploads/BOTSWANA_FL-2026-00021_August-2026-Production_RELEASE.pdf
Botswana,HIV/AIDS,# new HIV diagnoses among infants (0-18 months) (Spectrum Goals),Process,Baseline,22.0,count,Absolute number,Lower is better,HIV/AIDS,"Botswana is a three-year MOU: Section 1 carries targets for 2026, 2027 and 2028 only.",,,https://www.citizen.org/wp-content/uploads/BOTSWANA_FL-2026-00021_August-2026-Production_RELEASE.pdf
Botswana,HIV/AIDS,# new HIV diagnoses among infants (0-18 months) (Spectrum Goals),Process,2026,20.0,count,Absolute number,Lower is better,HIV/AIDS,"Botswana is a three-year MOU: Section 1 carries targets for 2026, 2027 and 2028 only.",,,https://www.citizen.org/wp-content/uploads/BOTSWANA_FL-2026-00021_August-2026-Production_RELEASE.pdf
Botswana,HIV/AIDS,# new HIV diagnoses among infants (0-18 months) (Spectrum Goals),Process,2027,16.0,count,Absolute number,Lower is better,HIV/AIDS,"Botswana is a three-year MOU: Section 1 carries targets for 2026, 2027 and 2028 only.",,,https://www.citizen.org/wp-content/uploads/BOTSWANA_FL-2026-00021_August-2026-Production_RELEASE.pdf
Botswana,HIV/AIDS,# new HIV diagnoses among infants (0-18 months) (Spectrum Goals),Process,2028,14.0,count,Absolute number,Lower is better,HIV/AIDS,"Botswana is a three-year MOU: Section 1 carries targets for 2026, 2027 and 2028 only.",,,https://www.citizen.org/wp-content/uploads/BOTSWANA_FL-2026-00021_August-2026-Production_RELEASE.pdf
Botswana,HIV/AIDS,# new HIV diagnoses among children and adults (age 18 months or older),Process,Baseline,4200.0,count,Absolute number,Lower is better,HIV/AIDS,"Botswana is a three-year MOU: Section 1 carries targets for 2026, 2027 and 2028 only.",,,https://www.citizen.org/wp-content/uploads/BOTSWANA_FL-2026-00021_August-2026-Production_RELEASE.pdf
Botswana,HIV/AIDS,# new HIV diagnoses among children and adults (age 18 months or older),Process,2026,3973.0,count,Absolute number,Lower is better,HIV/AIDS,"Botswana is a three-year MOU: Section 1 carries targets for 2026, 2027 and 2028 only.",,,https://www.citizen.org/wp-content/uploads/BOTSWANA_FL-2026-00021_August-2026-Production_RELEASE.pdf
Botswana,HIV/AIDS,# new HIV diagnoses among children and adults (age 18 months or older),Process,2027,3817.0,count,Absolute number,Lower is better,HIV/AIDS,"Botswana is a three-year MOU: Section 1 carries targets for 2026, 2027 and 2028 only.",,,https://www.citizen.org/wp-content/uploads/BOTSWANA_FL-2026-00021_August-2026-Production_RELEASE.pdf
Botswana,HIV/AIDS,# new HIV diagnoses among children and adults (age 18 months or older),Process,2028,3674.0,count,Absolute number,Lower is better,HIV/AIDS,"Botswana is a three-year MOU: Section 1 carries targets for 2026, 2027 and 2028 only.",,,https://www.citizen.org/wp-content/uploads/BOTSWANA_FL-2026-00021_August-2026-Production_RELEASE.pdf
Botswana,HIV/AIDS,% pregnant and breastfeeding women living with HIV who receive ART,Process,Baseline,100.0,%,Percentage,Higher is better,HIV/AIDS,"Botswana is a three-year MOU: Section 1 carries targets for 2026, 2027 and 2028 only.",,,https://www.citizen.org/wp-content/uploads/BOTSWANA_FL-2026-00021_August-2026-Production_RELEASE.pdf
Botswana,HIV/AIDS,% pregnant and breastfeeding women living with HIV who receive ART,Process,2026,100.0,%,Percentage,Higher is better,HIV/AIDS,"Botswana is a three-year MOU: Section 1 carries targets for 2026, 2027 and 2028 only.",,,https://www.citizen.org/wp-content/uploads/BOTSWANA_FL-2026-00021_August-2026-Production_RELEASE.pdf
Botswana,HIV/AIDS,% pregnant and breastfeeding women living with HIV who receive ART,Process,2027,100.0,%,Percentage,Higher is better,HIV/AIDS,"Botswana is a three-year MOU: Section 1 carries targets for 2026, 2027 and 2028 only.",,,https://www.citizen.org/wp-content/uploads/BOTSWANA_FL-2026-00021_August-2026-Production_RELEASE.pdf
Botswana,HIV/AIDS,% pregnant and breastfeeding women living with HIV who receive ART,Process,2028,100.0,%,Percentage,Higher is better,HIV/AIDS,"Botswana is a three-year MOU: Section 1 carries targets for 2026, 2027 and 2028 only.",,,https://www.citizen.org/wp-content/uploads/BOTSWANA_FL-2026-00021_August-2026-Production_RELEASE.pdf
Botswana,TB,% patients with TB notified who completed treatment,Process,Baseline,68.0,%,Percentage,Higher is better,TB,"Botswana is a three-year MOU: Section 1 carries targets for 2026, 2027 and 2028 only.",,,https://www.citizen.org/wp-content/uploads/BOTSWANA_FL-2026-00021_August-2026-Production_RELEASE.pdf
Botswana,TB,% patients with TB notified who completed treatment,Process,2026,80.0,%,Percentage,Higher is better,TB,"Botswana is a three-year MOU: Section 1 carries targets for 2026, 2027 and 2028 only.",,,https://www.citizen.org/wp-content/uploads/BOTSWANA_FL-2026-00021_August-2026-Production_RELEASE.pdf
Botswana,TB,% patients with TB notified who completed treatment,Process,2027,82.0,%,Percentage,Higher is better,TB,"Botswana is a three-year MOU: Section 1 carries targets for 2026, 2027 and 2028 only.",,,https://www.citizen.org/wp-content/uploads/BOTSWANA_FL-2026-00021_August-2026-Production_RELEASE.pdf
Botswana,TB,% patients with TB notified who completed treatment,Process,2028,85.0,%,Percentage,Higher is better,TB,"Botswana is a three-year MOU: Section 1 carries targets for 2026, 2027 and 2028 only.",,,https://www.citizen.org/wp-content/uploads/BOTSWANA_FL-2026-00021_August-2026-Production_RELEASE.pdf
Botswana,Polio,% surviving infants who received at least one dose of inactivated polio vaccine,Process,Baseline,80.0,%,Percentage,Higher is better,Polio,"Botswana is a three-year MOU: Section 1 carries targets for 2026, 2027 and 2028 only.",,,https://www.citizen.org/wp-content/uploads/BOTSWANA_FL-2026-00021_August-2026-Production_RELEASE.pdf
Botswana,Polio,% surviving infants who received at least one dose of inactivated polio vaccine,Process,2026,82.0,%,Percentage,Higher is better,Polio,"Botswana is a three-year MOU: Section 1 carries targets for 2026, 2027 and 2028 only.",,,https://www.citizen.org/wp-content/uploads/BOTSWANA_FL-2026-00021_August-2026-Production_RELEASE.pdf
Botswana,Polio,% surviving infants who received at least one dose of inactivated polio vaccine,Process,2027,84.0,%,Percentage,Higher is better,Polio,"Botswana is a three-year MOU: Section 1 carries targets for 2026, 2027 and 2028 only.",,,https://www.citizen.org/wp-content/uploads/BOTSWANA_FL-2026-00021_August-2026-Production_RELEASE.pdf
Botswana,Polio,% surviving infants who received at least one dose of inactivated polio vaccine,Process,2028,86.0,%,Percentage,Higher is better,Polio,"Botswana is a three-year MOU: Section 1 carries targets for 2026, 2027 and 2028 only.",,,https://www.citizen.org/wp-content/uploads/BOTSWANA_FL-2026-00021_August-2026-Production_RELEASE.pdf
Botswana,Immunisation (measles),% of children aged 12-23 months who received one dose of measles-containing vaccine,Process,Baseline,77.0,%,Percentage,Higher is better,Immunisation (measles),"Botswana is a three-year MOU: Section 1 carries targets for 2026, 2027 and 2028 only.",,,https://www.citizen.org/wp-content/uploads/BOTSWANA_FL-2026-00021_August-2026-Production_RELEASE.pdf
Botswana,Immunisation (measles),% of children aged 12-23 months who received one dose of measles-containing vaccine,Process,2026,80.0,%,Percentage,Higher is better,Immunisation (measles),"Botswana is a three-year MOU: Section 1 carries targets for 2026, 2027 and 2028 only.",,,https://www.citizen.org/wp-content/uploads/BOTSWANA_FL-2026-00021_August-2026-Production_RELEASE.pdf
Botswana,Immunisation (measles),% of children aged 12-23 months who received one dose of measles-containing vaccine,Process,2027,82.0,%,Percentage,Higher is better,Immunisation (measles),"Botswana is a three-year MOU: Section 1 carries targets for 2026, 2027 and 2028 only.",,,https://www.citizen.org/wp-content/uploads/BOTSWANA_FL-2026-00021_August-2026-Production_RELEASE.pdf
Botswana,Immunisation (measles),% of children aged 12-23 months who received one dose of measles-containing vaccine,Process,2028,85.0,%,Percentage,Higher is better,Immunisation (measles),"Botswana is a three-year MOU: Section 1 carries targets for 2026, 2027 and 2028 only.",,,https://www.citizen.org/wp-content/uploads/BOTSWANA_FL-2026-00021_August-2026-Production_RELEASE.pdf
Botswana,MCH,Median number of antenatal care visits for pregnant women,Process,Baseline,9.0,visits,Count (visits),Higher is better,MCH,"Botswana is a three-year MOU: Section 1 carries targets for 2026, 2027 and 2028 only.",,,https://www.citizen.org/wp-content/uploads/BOTSWANA_FL-2026-00021_August-2026-Production_RELEASE.pdf
Botswana,MCH,Median number of antenatal care visits for pregnant women,Process,2026,9.0,visits,Count (visits),Higher is better,MCH,"Botswana is a three-year MOU: Section 1 carries targets for 2026, 2027 and 2028 only.",,,https://www.citizen.org/wp-content/uploads/BOTSWANA_FL-2026-00021_August-2026-Production_RELEASE.pdf
Botswana,MCH,Median number of antenatal care visits for pregnant women,Process,2027,9.0,visits,Count (visits),Higher is better,MCH,"Botswana is a three-year MOU: Section 1 carries targets for 2026, 2027 and 2028 only.",,,https://www.citizen.org/wp-content/uploads/BOTSWANA_FL-2026-00021_August-2026-Production_RELEASE.pdf
Botswana,MCH,Median number of antenatal care visits for pregnant women,Process,2028,9.0,visits,Count (visits),Higher is better,MCH,"Botswana is a three-year MOU: Section 1 carries targets for 2026, 2027 and 2028 only.",,,https://www.citizen.org/wp-content/uploads/BOTSWANA_FL-2026-00021_August-2026-Production_RELEASE.pdf
Botswana,Data systems & quality,% accuracy of data fields assessed during the annual data audit,Process,Baseline,90.0,%,Percentage,Higher is better,Data systems & quality,"2026-2028 printed as "">90%""; stored as 90. Botswana is a three-year MOU: Section 1 carries targets for 2026, 2027 and 2028 only.",,,https://www.citizen.org/wp-content/uploads/BOTSWANA_FL-2026-00021_August-2026-Production_RELEASE.pdf
Botswana,Data systems & quality,% accuracy of data fields assessed during the annual data audit,Process,2026,90.0,%,Percentage,Higher is better,Data systems & quality,"2026-2028 printed as "">90%""; stored as 90. Botswana is a three-year MOU: Section 1 carries targets for 2026, 2027 and 2028 only.",,,https://www.citizen.org/wp-content/uploads/BOTSWANA_FL-2026-00021_August-2026-Production_RELEASE.pdf
Botswana,Data systems & quality,% accuracy of data fields assessed during the annual data audit,Process,2027,90.0,%,Percentage,Higher is better,Data systems & quality,"2026-2028 printed as "">90%""; stored as 90. Botswana is a three-year MOU: Section 1 carries targets for 2026, 2027 and 2028 only.",,,https://www.citizen.org/wp-content/uploads/BOTSWANA_FL-2026-00021_August-2026-Production_RELEASE.pdf
Botswana,Data systems & quality,% accuracy of data fields assessed during the annual data audit,Process,2028,90.0,%,Percentage,Higher is better,Data systems & quality,"2026-2028 printed as "">90%""; stored as 90. Botswana is a three-year MOU: Section 1 carries targets for 2026, 2027 and 2028 only.",,,https://www.citizen.org/wp-content/uploads/BOTSWANA_FL-2026-00021_August-2026-Production_RELEASE.pdf
Botswana,GHS / outbreak response,Detects suspected infectious disease outbreaks with epidemic potential within X days of disease emergence,Outbreak response (7-1-7),Baseline,7.0,days,Days,Lower is better,Infectious Disease Outbreak Response Metrics,"Standing commitment for the whole term, not a yearly target. Party named in the MOU: the Botswana Government",,"Sec 1.3, p.4",https://www.citizen.org/wp-content/uploads/BOTSWANA_FL-2026-00021_August-2026-Production_RELEASE.pdf
Botswana,GHS / outbreak response,Notifies the U.S. Government within X day(s) of detection of a confirmed infectious disease outbreak,Outbreak response (7-1-7),Baseline,1.0,days,Days,Lower is better,Infectious Disease Outbreak Response Metrics,"Standing commitment for the whole term, not a yearly target. Party named in the MOU: the Botswana Government",,"Sec 1.3, p.4",https://www.citizen.org/wp-content/uploads/BOTSWANA_FL-2026-00021_August-2026-Production_RELEASE.pdf
Botswana,GHS / outbreak response,Completes relevant initial response actions within X days of notification,Outbreak response (7-1-7),Baseline,7.0,days,Days,Lower is better,Infectious Disease Outbreak Response Metrics,"Standing commitment for the whole term, not a yearly target. Party named in the MOU: the Botswana Government",,"Sec 1.3, p.4",https://www.citizen.org/wp-content/uploads/BOTSWANA_FL-2026-00021_August-2026-Production_RELEASE.pdf
Madagascar,Malaria,# Malaria Deaths in Children Under 5,Outcome,Baseline,217.0,count,Absolute number,Lower is better,Malaria,,,,https://www.citizen.org/wp-content/uploads/MADAGASCAR_FL-2026-00021_August-2026-Production_RELEASE.pdf
Madagascar,Malaria,# Malaria Deaths in Children Under 5,Outcome,2026,172.0,count,Absolute number,Lower is better,Malaria,,,,https://www.citizen.org/wp-content/uploads/MADAGASCAR_FL-2026-00021_August-2026-Production_RELEASE.pdf
Madagascar,Malaria,# Malaria Deaths in Children Under 5,Outcome,2027,149.0,count,Absolute number,Lower is better,Malaria,,,,https://www.citizen.org/wp-content/uploads/MADAGASCAR_FL-2026-00021_August-2026-Production_RELEASE.pdf
Madagascar,Malaria,# Malaria Deaths in Children Under 5,Outcome,2028,128.0,count,Absolute number,Lower is better,Malaria,,,,https://www.citizen.org/wp-content/uploads/MADAGASCAR_FL-2026-00021_August-2026-Production_RELEASE.pdf
Madagascar,Malaria,# Malaria Deaths in Children Under 5,Outcome,2029,108.0,count,Absolute number,Lower is better,Malaria,,,,https://www.citizen.org/wp-content/uploads/MADAGASCAR_FL-2026-00021_August-2026-Production_RELEASE.pdf
Madagascar,Malaria,# Malaria Deaths in Children Under 5,Outcome,2030,90.0,count,Absolute number,Lower is better,Malaria,,,,https://www.citizen.org/wp-content/uploads/MADAGASCAR_FL-2026-00021_August-2026-Production_RELEASE.pdf
Madagascar,Polio,"# Polio Cases (e.g., WPV, CVDPVB)",Outcome,Baseline,0.0,count,Absolute number,Lower is better,Polio,,,,https://www.citizen.org/wp-content/uploads/MADAGASCAR_FL-2026-00021_August-2026-Production_RELEASE.pdf
Madagascar,Polio,"# Polio Cases (e.g., WPV, CVDPVB)",Outcome,2026,0.0,count,Absolute number,Lower is better,Polio,,,,https://www.citizen.org/wp-content/uploads/MADAGASCAR_FL-2026-00021_August-2026-Production_RELEASE.pdf
Madagascar,Polio,"# Polio Cases (e.g., WPV, CVDPVB)",Outcome,2027,0.0,count,Absolute number,Lower is better,Polio,,,,https://www.citizen.org/wp-content/uploads/MADAGASCAR_FL-2026-00021_August-2026-Production_RELEASE.pdf
Madagascar,Polio,"# Polio Cases (e.g., WPV, CVDPVB)",Outcome,2028,0.0,count,Absolute number,Lower is better,Polio,,,,https://www.citizen.org/wp-content/uploads/MADAGASCAR_FL-2026-00021_August-2026-Production_RELEASE.pdf
Madagascar,Polio,"# Polio Cases (e.g., WPV, CVDPVB)",Outcome,2029,0.0,count,Absolute number,Lower is better,Polio,,,,https://www.citizen.org/wp-content/uploads/MADAGASCAR_FL-2026-00021_August-2026-Production_RELEASE.pdf
Madagascar,Polio,"# Polio Cases (e.g., WPV, CVDPVB)",Outcome,2030,0.0,count,Absolute number,Lower is better,Polio,,,,https://www.citizen.org/wp-content/uploads/MADAGASCAR_FL-2026-00021_August-2026-Production_RELEASE.pdf
Madagascar,Immunisation (measles),# Measles Cases,Outcome,Baseline,2193.0,count,Absolute number,Lower is better,Immunisation (measles),,,,https://www.citizen.org/wp-content/uploads/MADAGASCAR_FL-2026-00021_August-2026-Production_RELEASE.pdf
Madagascar,Immunisation (measles),# Measles Cases,Outcome,2026,1096.0,count,Absolute number,Lower is better,Immunisation (measles),,,,https://www.citizen.org/wp-content/uploads/MADAGASCAR_FL-2026-00021_August-2026-Production_RELEASE.pdf
Madagascar,Immunisation (measles),# Measles Cases,Outcome,2027,548.0,count,Absolute number,Lower is better,Immunisation (measles),,,,https://www.citizen.org/wp-content/uploads/MADAGASCAR_FL-2026-00021_August-2026-Production_RELEASE.pdf
Madagascar,Immunisation (measles),# Measles Cases,Outcome,2028,274.0,count,Absolute number,Lower is better,Immunisation (measles),,,,https://www.citizen.org/wp-content/uploads/MADAGASCAR_FL-2026-00021_August-2026-Production_RELEASE.pdf
Madagascar,Immunisation (measles),# Measles Cases,Outcome,2029,137.0,count,Absolute number,Lower is better,Immunisation (measles),,,,https://www.citizen.org/wp-content/uploads/MADAGASCAR_FL-2026-00021_August-2026-Production_RELEASE.pdf
Madagascar,Immunisation (measles),# Measles Cases,Outcome,2030,68.0,count,Absolute number,Lower is better,Immunisation (measles),,,,https://www.citizen.org/wp-content/uploads/MADAGASCAR_FL-2026-00021_August-2026-Production_RELEASE.pdf
Madagascar,MCH,"Maternal Mortality Rate (per 100,000 live births)",Outcome,Baseline,395.0,"per 100,000 live births",Rate,Lower is better,MCH,"SOURCE ERROR: the 2030 target (295) is WORSE than 2029 (286), reversing the trend in the final year. Transcribed as printed.",* The Participants plan to validate and set targets for Maternal and Child Health indicators in 2026; the Participants to the MOU intend to retroactively update to include this data once verified.,"Sec 1 outcome-metrics table, p.2, asterisk on the Maternal Mortality Rate and Children Under 5 Mortality Rate rows",https://www.citizen.org/wp-content/uploads/MADAGASCAR_FL-2026-00021_August-2026-Production_RELEASE.pdf
Madagascar,MCH,"Maternal Mortality Rate (per 100,000 live births)",Outcome,2026,370.0,"per 100,000 live births",Rate,Lower is better,MCH,"SOURCE ERROR: the 2030 target (295) is WORSE than 2029 (286), reversing the trend in the final year. Transcribed as printed.",* The Participants plan to validate and set targets for Maternal and Child Health indicators in 2026; the Participants to the MOU intend to retroactively update to include this data once verified.,"Sec 1 outcome-metrics table, p.2, asterisk on the Maternal Mortality Rate and Children Under 5 Mortality Rate rows",https://www.citizen.org/wp-content/uploads/MADAGASCAR_FL-2026-00021_August-2026-Production_RELEASE.pdf
Madagascar,MCH,"Maternal Mortality Rate (per 100,000 live births)",Outcome,2027,345.0,"per 100,000 live births",Rate,Lower is better,MCH,"SOURCE ERROR: the 2030 target (295) is WORSE than 2029 (286), reversing the trend in the final year. Transcribed as printed.",* The Participants plan to validate and set targets for Maternal and Child Health indicators in 2026; the Participants to the MOU intend to retroactively update to include this data once verified.,"Sec 1 outcome-metrics table, p.2, asterisk on the Maternal Mortality Rate and Children Under 5 Mortality Rate rows",https://www.citizen.org/wp-content/uploads/MADAGASCAR_FL-2026-00021_August-2026-Production_RELEASE.pdf
Madagascar,MCH,"Maternal Mortality Rate (per 100,000 live births)",Outcome,2028,320.0,"per 100,000 live births",Rate,Lower is better,MCH,"SOURCE ERROR: the 2030 target (295) is WORSE than 2029 (286), reversing the trend in the final year. Transcribed as printed.",* The Participants plan to validate and set targets for Maternal and Child Health indicators in 2026; the Participants to the MOU intend to retroactively update to include this data once verified.,"Sec 1 outcome-metrics table, p.2, asterisk on the Maternal Mortality Rate and Children Under 5 Mortality Rate rows",https://www.citizen.org/wp-content/uploads/MADAGASCAR_FL-2026-00021_August-2026-Production_RELEASE.pdf
Madagascar,MCH,"Maternal Mortality Rate (per 100,000 live births)",Outcome,2029,286.0,"per 100,000 live births",Rate,Lower is better,MCH,"SOURCE ERROR: the 2030 target (295) is WORSE than 2029 (286), reversing the trend in the final year. Transcribed as printed.",* The Participants plan to validate and set targets for Maternal and Child Health indicators in 2026; the Participants to the MOU intend to retroactively update to include this data once verified.,"Sec 1 outcome-metrics table, p.2, asterisk on the Maternal Mortality Rate and Children Under 5 Mortality Rate rows",https://www.citizen.org/wp-content/uploads/MADAGASCAR_FL-2026-00021_August-2026-Production_RELEASE.pdf
Madagascar,MCH,"Maternal Mortality Rate (per 100,000 live births)",Outcome,2030,295.0,"per 100,000 live births",Rate,Lower is better,MCH,"SOURCE ERROR: the 2030 target (295) is WORSE than 2029 (286), reversing the trend in the final year. Transcribed as printed.",* The Participants plan to validate and set targets for Maternal and Child Health indicators in 2026; the Participants to the MOU intend to retroactively update to include this data once verified.,"Sec 1 outcome-metrics table, p.2, asterisk on the Maternal Mortality Rate and Children Under 5 Mortality Rate rows",https://www.citizen.org/wp-content/uploads/MADAGASCAR_FL-2026-00021_August-2026-Production_RELEASE.pdf
Madagascar,MCH,"Children Under 5 Mortality Rate (per 1,000 live births)",Outcome,Baseline,62.3,"per 1,000 live births",Rate,Lower is better,MCH,"Values printed with European decimal commas in the source (e.g. ""62,3""); transcribed as decimal points.",* The Participants plan to validate and set targets for Maternal and Child Health indicators in 2026; the Participants to the MOU intend to retroactively update to include this data once verified.,"Sec 1 outcome-metrics table, p.2, asterisk on the Maternal Mortality Rate and Children Under 5 Mortality Rate rows",https://www.citizen.org/wp-content/uploads/MADAGASCAR_FL-2026-00021_August-2026-Production_RELEASE.pdf
Madagascar,MCH,"Children Under 5 Mortality Rate (per 1,000 live births)",Outcome,2026,60.2,"per 1,000 live births",Rate,Lower is better,MCH,"Values printed with European decimal commas in the source (e.g. ""62,3""); transcribed as decimal points.",* The Participants plan to validate and set targets for Maternal and Child Health indicators in 2026; the Participants to the MOU intend to retroactively update to include this data once verified.,"Sec 1 outcome-metrics table, p.2, asterisk on the Maternal Mortality Rate and Children Under 5 Mortality Rate rows",https://www.citizen.org/wp-content/uploads/MADAGASCAR_FL-2026-00021_August-2026-Production_RELEASE.pdf
Madagascar,MCH,"Children Under 5 Mortality Rate (per 1,000 live births)",Outcome,2027,58.1,"per 1,000 live births",Rate,Lower is better,MCH,"Values printed with European decimal commas in the source (e.g. ""62,3""); transcribed as decimal points.",* The Participants plan to validate and set targets for Maternal and Child Health indicators in 2026; the Participants to the MOU intend to retroactively update to include this data once verified.,"Sec 1 outcome-metrics table, p.2, asterisk on the Maternal Mortality Rate and Children Under 5 Mortality Rate rows",https://www.citizen.org/wp-content/uploads/MADAGASCAR_FL-2026-00021_August-2026-Production_RELEASE.pdf
Madagascar,MCH,"Children Under 5 Mortality Rate (per 1,000 live births)",Outcome,2028,56.0,"per 1,000 live births",Rate,Lower is better,MCH,"Values printed with European decimal commas in the source (e.g. ""62,3""); transcribed as decimal points.",* The Participants plan to validate and set targets for Maternal and Child Health indicators in 2026; the Participants to the MOU intend to retroactively update to include this data once verified.,"Sec 1 outcome-metrics table, p.2, asterisk on the Maternal Mortality Rate and Children Under 5 Mortality Rate rows",https://www.citizen.org/wp-content/uploads/MADAGASCAR_FL-2026-00021_August-2026-Production_RELEASE.pdf
Madagascar,MCH,"Children Under 5 Mortality Rate (per 1,000 live births)",Outcome,2029,53.9,"per 1,000 live births",Rate,Lower is better,MCH,"Values printed with European decimal commas in the source (e.g. ""62,3""); transcribed as decimal points.",* The Participants plan to validate and set targets for Maternal and Child Health indicators in 2026; the Participants to the MOU intend to retroactively update to include this data once verified.,"Sec 1 outcome-metrics table, p.2, asterisk on the Maternal Mortality Rate and Children Under 5 Mortality Rate rows",https://www.citizen.org/wp-content/uploads/MADAGASCAR_FL-2026-00021_August-2026-Production_RELEASE.pdf
Madagascar,MCH,"Children Under 5 Mortality Rate (per 1,000 live births)",Outcome,2030,52.0,"per 1,000 live births",Rate,Lower is better,MCH,"Values printed with European decimal commas in the source (e.g. ""62,3""); transcribed as decimal points.",* The Participants plan to validate and set targets for Maternal and Child Health indicators in 2026; the Participants to the MOU intend to retroactively update to include this data once verified.,"Sec 1 outcome-metrics table, p.2, asterisk on the Maternal Mortality Rate and Children Under 5 Mortality Rate rows",https://www.citizen.org/wp-content/uploads/MADAGASCAR_FL-2026-00021_August-2026-Production_RELEASE.pdf
Madagascar,Malaria,% confirmed malaria cases that receive first-line antimalarial treatment,Process,Baseline,95.08,%,Percentage,Higher is better,Malaria,,,,https://www.citizen.org/wp-content/uploads/MADAGASCAR_FL-2026-00021_August-2026-Production_RELEASE.pdf
Madagascar,Malaria,% confirmed malaria cases that receive first-line antimalarial treatment,Process,2026,95.87,%,Percentage,Higher is better,Malaria,,,,https://www.citizen.org/wp-content/uploads/MADAGASCAR_FL-2026-00021_August-2026-Production_RELEASE.pdf
Madagascar,Malaria,% confirmed malaria cases that receive first-line antimalarial treatment,Process,2027,96.66,%,Percentage,Higher is better,Malaria,,,,https://www.citizen.org/wp-content/uploads/MADAGASCAR_FL-2026-00021_August-2026-Production_RELEASE.pdf
Madagascar,Malaria,% confirmed malaria cases that receive first-line antimalarial treatment,Process,2028,97.46,%,Percentage,Higher is better,Malaria,,,,https://www.citizen.org/wp-content/uploads/MADAGASCAR_FL-2026-00021_August-2026-Production_RELEASE.pdf
Madagascar,Malaria,% confirmed malaria cases that receive first-line antimalarial treatment,Process,2029,98.25,%,Percentage,Higher is better,Malaria,,,,https://www.citizen.org/wp-content/uploads/MADAGASCAR_FL-2026-00021_August-2026-Production_RELEASE.pdf
Madagascar,Malaria,% confirmed malaria cases that receive first-line antimalarial treatment,Process,2030,99.04,%,Percentage,Higher is better,Malaria,,,,https://www.citizen.org/wp-content/uploads/MADAGASCAR_FL-2026-00021_August-2026-Production_RELEASE.pdf
Madagascar,Malaria,# insecticide-treated nets distributed to populations at risk of malaria,Process,Baseline,17420720.0,routine nets,Absolute number,Higher is better,Malaria,"Erratic as printed: 2026 (1.72M) is an order of magnitude below the 17.42M baseline and the 16.71M 2027 target, and the series then drops again to 3.9-5.0M. Likely reflects mass-campaign years, but the MOU prints no note. Transcribed as printed.",,,https://www.citizen.org/wp-content/uploads/MADAGASCAR_FL-2026-00021_August-2026-Production_RELEASE.pdf
Madagascar,Malaria,# insecticide-treated nets distributed to populations at risk of malaria,Process,2026,1715101.0,routine nets,Absolute number,Higher is better,Malaria,"Erratic as printed: 2026 (1.72M) is an order of magnitude below the 17.42M baseline and the 16.71M 2027 target, and the series then drops again to 3.9-5.0M. Likely reflects mass-campaign years, but the MOU prints no note. Transcribed as printed.",,,https://www.citizen.org/wp-content/uploads/MADAGASCAR_FL-2026-00021_August-2026-Production_RELEASE.pdf
Madagascar,Malaria,# insecticide-treated nets distributed to populations at risk of malaria,Process,2027,16705786.0,routine nets,Absolute number,Higher is better,Malaria,"Erratic as printed: 2026 (1.72M) is an order of magnitude below the 17.42M baseline and the 16.71M 2027 target, and the series then drops again to 3.9-5.0M. Likely reflects mass-campaign years, but the MOU prints no note. Transcribed as printed.",,,https://www.citizen.org/wp-content/uploads/MADAGASCAR_FL-2026-00021_August-2026-Production_RELEASE.pdf
Madagascar,Malaria,# insecticide-treated nets distributed to populations at risk of malaria,Process,2028,3919939.0,routine nets,Absolute number,Higher is better,Malaria,"Erratic as printed: 2026 (1.72M) is an order of magnitude below the 17.42M baseline and the 16.71M 2027 target, and the series then drops again to 3.9-5.0M. Likely reflects mass-campaign years, but the MOU prints no note. Transcribed as printed.",,,https://www.citizen.org/wp-content/uploads/MADAGASCAR_FL-2026-00021_August-2026-Production_RELEASE.pdf
Madagascar,Malaria,# insecticide-treated nets distributed to populations at risk of malaria,Process,2029,4529238.0,routine nets,Absolute number,Higher is better,Malaria,"Erratic as printed: 2026 (1.72M) is an order of magnitude below the 17.42M baseline and the 16.71M 2027 target, and the series then drops again to 3.9-5.0M. Likely reflects mass-campaign years, but the MOU prints no note. Transcribed as printed.",,,https://www.citizen.org/wp-content/uploads/MADAGASCAR_FL-2026-00021_August-2026-Production_RELEASE.pdf
Madagascar,Malaria,# insecticide-treated nets distributed to populations at risk of malaria,Process,2030,4982162.0,routine nets,Absolute number,Higher is better,Malaria,"Erratic as printed: 2026 (1.72M) is an order of magnitude below the 17.42M baseline and the 16.71M 2027 target, and the series then drops again to 3.9-5.0M. Likely reflects mass-campaign years, but the MOU prints no note. Transcribed as printed.",,,https://www.citizen.org/wp-content/uploads/MADAGASCAR_FL-2026-00021_August-2026-Production_RELEASE.pdf
Madagascar,Polio,% surviving infants who received at least one dose of inactivated polio vaccine,Process,Baseline,63.0,%,Percentage,Higher is better,Polio,,"*All figures for the indicator ""percentage of surviving infants who received at least one dose of inactivated polio vaccine"" are estimates based on World Bank and historical data. Targets for the indicators ""children aged 12-23 months who received one dose of measles-containing vaccine"" and ""% of women with at least 4 ANC visits during pregnancy"" are also estimated using World Bank and historical data. Targets for the indicator ""accuracy of data fields assessed during the annual data audit"" are estimated.","Sec 1.2 process-metrics table, p.3, footnote paragraph beneath the table",https://www.citizen.org/wp-content/uploads/MADAGASCAR_FL-2026-00021_August-2026-Production_RELEASE.pdf
Madagascar,Polio,% surviving infants who received at least one dose of inactivated polio vaccine,Process,2026,72.0,%,Percentage,Higher is better,Polio,,"*All figures for the indicator ""percentage of surviving infants who received at least one dose of inactivated polio vaccine"" are estimates based on World Bank and historical data. Targets for the indicators ""children aged 12-23 months who received one dose of measles-containing vaccine"" and ""% of women with at least 4 ANC visits during pregnancy"" are also estimated using World Bank and historical data. Targets for the indicator ""accuracy of data fields assessed during the annual data audit"" are estimated.","Sec 1.2 process-metrics table, p.3, footnote paragraph beneath the table",https://www.citizen.org/wp-content/uploads/MADAGASCAR_FL-2026-00021_August-2026-Production_RELEASE.pdf
Madagascar,Polio,% surviving infants who received at least one dose of inactivated polio vaccine,Process,2027,75.0,%,Percentage,Higher is better,Polio,,"*All figures for the indicator ""percentage of surviving infants who received at least one dose of inactivated polio vaccine"" are estimates based on World Bank and historical data. Targets for the indicators ""children aged 12-23 months who received one dose of measles-containing vaccine"" and ""% of women with at least 4 ANC visits during pregnancy"" are also estimated using World Bank and historical data. Targets for the indicator ""accuracy of data fields assessed during the annual data audit"" are estimated.","Sec 1.2 process-metrics table, p.3, footnote paragraph beneath the table",https://www.citizen.org/wp-content/uploads/MADAGASCAR_FL-2026-00021_August-2026-Production_RELEASE.pdf
Madagascar,Polio,% surviving infants who received at least one dose of inactivated polio vaccine,Process,2028,78.0,%,Percentage,Higher is better,Polio,,"*All figures for the indicator ""percentage of surviving infants who received at least one dose of inactivated polio vaccine"" are estimates based on World Bank and historical data. Targets for the indicators ""children aged 12-23 months who received one dose of measles-containing vaccine"" and ""% of women with at least 4 ANC visits during pregnancy"" are also estimated using World Bank and historical data. Targets for the indicator ""accuracy of data fields assessed during the annual data audit"" are estimated.","Sec 1.2 process-metrics table, p.3, footnote paragraph beneath the table",https://www.citizen.org/wp-content/uploads/MADAGASCAR_FL-2026-00021_August-2026-Production_RELEASE.pdf
Madagascar,Polio,% surviving infants who received at least one dose of inactivated polio vaccine,Process,2029,81.0,%,Percentage,Higher is better,Polio,,"*All figures for the indicator ""percentage of surviving infants who received at least one dose of inactivated polio vaccine"" are estimates based on World Bank and historical data. Targets for the indicators ""children aged 12-23 months who received one dose of measles-containing vaccine"" and ""% of women with at least 4 ANC visits during pregnancy"" are also estimated using World Bank and historical data. Targets for the indicator ""accuracy of data fields assessed during the annual data audit"" are estimated.","Sec 1.2 process-metrics table, p.3, footnote paragraph beneath the table",https://www.citizen.org/wp-content/uploads/MADAGASCAR_FL-2026-00021_August-2026-Production_RELEASE.pdf
Madagascar,Polio,% surviving infants who received at least one dose of inactivated polio vaccine,Process,2030,84.0,%,Percentage,Higher is better,Polio,,"*All figures for the indicator ""percentage of surviving infants who received at least one dose of inactivated polio vaccine"" are estimates based on World Bank and historical data. Targets for the indicators ""children aged 12-23 months who received one dose of measles-containing vaccine"" and ""% of women with at least 4 ANC visits during pregnancy"" are also estimated using World Bank and historical data. Targets for the indicator ""accuracy of data fields assessed during the annual data audit"" are estimated.","Sec 1.2 process-metrics table, p.3, footnote paragraph beneath the table",https://www.citizen.org/wp-content/uploads/MADAGASCAR_FL-2026-00021_August-2026-Production_RELEASE.pdf
Madagascar,Immunisation (measles),% of children aged 12-23 months who received one dose of measles-containing vaccine,Process,Baseline,60.7,%,Percentage,Higher is better,Immunisation (measles),,"*All figures for the indicator ""percentage of surviving infants who received at least one dose of inactivated polio vaccine"" are estimates based on World Bank and historical data. Targets for the indicators ""children aged 12-23 months who received one dose of measles-containing vaccine"" and ""% of women with at least 4 ANC visits during pregnancy"" are also estimated using World Bank and historical data. Targets for the indicator ""accuracy of data fields assessed during the annual data audit"" are estimated.","Sec 1.2 process-metrics table, p.3, footnote paragraph beneath the table",https://www.citizen.org/wp-content/uploads/MADAGASCAR_FL-2026-00021_August-2026-Production_RELEASE.pdf
Madagascar,Immunisation (measles),% of children aged 12-23 months who received one dose of measles-containing vaccine,Process,2026,67.0,%,Percentage,Higher is better,Immunisation (measles),,"*All figures for the indicator ""percentage of surviving infants who received at least one dose of inactivated polio vaccine"" are estimates based on World Bank and historical data. Targets for the indicators ""children aged 12-23 months who received one dose of measles-containing vaccine"" and ""% of women with at least 4 ANC visits during pregnancy"" are also estimated using World Bank and historical data. Targets for the indicator ""accuracy of data fields assessed during the annual data audit"" are estimated.","Sec 1.2 process-metrics table, p.3, footnote paragraph beneath the table",https://www.citizen.org/wp-content/uploads/MADAGASCAR_FL-2026-00021_August-2026-Production_RELEASE.pdf
Madagascar,Immunisation (measles),% of children aged 12-23 months who received one dose of measles-containing vaccine,Process,2027,73.0,%,Percentage,Higher is better,Immunisation (measles),,"*All figures for the indicator ""percentage of surviving infants who received at least one dose of inactivated polio vaccine"" are estimates based on World Bank and historical data. Targets for the indicators ""children aged 12-23 months who received one dose of measles-containing vaccine"" and ""% of women with at least 4 ANC visits during pregnancy"" are also estimated using World Bank and historical data. Targets for the indicator ""accuracy of data fields assessed during the annual data audit"" are estimated.","Sec 1.2 process-metrics table, p.3, footnote paragraph beneath the table",https://www.citizen.org/wp-content/uploads/MADAGASCAR_FL-2026-00021_August-2026-Production_RELEASE.pdf
Madagascar,Immunisation (measles),% of children aged 12-23 months who received one dose of measles-containing vaccine,Process,2028,78.0,%,Percentage,Higher is better,Immunisation (measles),,"*All figures for the indicator ""percentage of surviving infants who received at least one dose of inactivated polio vaccine"" are estimates based on World Bank and historical data. Targets for the indicators ""children aged 12-23 months who received one dose of measles-containing vaccine"" and ""% of women with at least 4 ANC visits during pregnancy"" are also estimated using World Bank and historical data. Targets for the indicator ""accuracy of data fields assessed during the annual data audit"" are estimated.","Sec 1.2 process-metrics table, p.3, footnote paragraph beneath the table",https://www.citizen.org/wp-content/uploads/MADAGASCAR_FL-2026-00021_August-2026-Production_RELEASE.pdf
Madagascar,Immunisation (measles),% of children aged 12-23 months who received one dose of measles-containing vaccine,Process,2029,84.0,%,Percentage,Higher is better,Immunisation (measles),,"*All figures for the indicator ""percentage of surviving infants who received at least one dose of inactivated polio vaccine"" are estimates based on World Bank and historical data. Targets for the indicators ""children aged 12-23 months who received one dose of measles-containing vaccine"" and ""% of women with at least 4 ANC visits during pregnancy"" are also estimated using World Bank and historical data. Targets for the indicator ""accuracy of data fields assessed during the annual data audit"" are estimated.","Sec 1.2 process-metrics table, p.3, footnote paragraph beneath the table",https://www.citizen.org/wp-content/uploads/MADAGASCAR_FL-2026-00021_August-2026-Production_RELEASE.pdf
Madagascar,Immunisation (measles),% of children aged 12-23 months who received one dose of measles-containing vaccine,Process,2030,90.0,%,Percentage,Higher is better,Immunisation (measles),,"*All figures for the indicator ""percentage of surviving infants who received at least one dose of inactivated polio vaccine"" are estimates based on World Bank and historical data. Targets for the indicators ""children aged 12-23 months who received one dose of measles-containing vaccine"" and ""% of women with at least 4 ANC visits during pregnancy"" are also estimated using World Bank and historical data. Targets for the indicator ""accuracy of data fields assessed during the annual data audit"" are estimated.","Sec 1.2 process-metrics table, p.3, footnote paragraph beneath the table",https://www.citizen.org/wp-content/uploads/MADAGASCAR_FL-2026-00021_August-2026-Production_RELEASE.pdf
Madagascar,MCH,% of women with at least 4 ANC visits during pregnancy,Process,Baseline,40.4,%,Percentage,Higher is better,MCH,,"*All figures for the indicator ""percentage of surviving infants who received at least one dose of inactivated polio vaccine"" are estimates based on World Bank and historical data. Targets for the indicators ""children aged 12-23 months who received one dose of measles-containing vaccine"" and ""% of women with at least 4 ANC visits during pregnancy"" are also estimated using World Bank and historical data. Targets for the indicator ""accuracy of data fields assessed during the annual data audit"" are estimated.","Sec 1.2 process-metrics table, p.3, footnote paragraph beneath the table",https://www.citizen.org/wp-content/uploads/MADAGASCAR_FL-2026-00021_August-2026-Production_RELEASE.pdf
Madagascar,MCH,% of women with at least 4 ANC visits during pregnancy,Process,2026,52.0,%,Percentage,Higher is better,MCH,,"*All figures for the indicator ""percentage of surviving infants who received at least one dose of inactivated polio vaccine"" are estimates based on World Bank and historical data. Targets for the indicators ""children aged 12-23 months who received one dose of measles-containing vaccine"" and ""% of women with at least 4 ANC visits during pregnancy"" are also estimated using World Bank and historical data. Targets for the indicator ""accuracy of data fields assessed during the annual data audit"" are estimated.","Sec 1.2 process-metrics table, p.3, footnote paragraph beneath the table",https://www.citizen.org/wp-content/uploads/MADAGASCAR_FL-2026-00021_August-2026-Production_RELEASE.pdf
Madagascar,MCH,% of women with at least 4 ANC visits during pregnancy,Process,2027,57.5,%,Percentage,Higher is better,MCH,,"*All figures for the indicator ""percentage of surviving infants who received at least one dose of inactivated polio vaccine"" are estimates based on World Bank and historical data. Targets for the indicators ""children aged 12-23 months who received one dose of measles-containing vaccine"" and ""% of women with at least 4 ANC visits during pregnancy"" are also estimated using World Bank and historical data. Targets for the indicator ""accuracy of data fields assessed during the annual data audit"" are estimated.","Sec 1.2 process-metrics table, p.3, footnote paragraph beneath the table",https://www.citizen.org/wp-content/uploads/MADAGASCAR_FL-2026-00021_August-2026-Production_RELEASE.pdf
Madagascar,MCH,% of women with at least 4 ANC visits during pregnancy,Process,2028,63.0,%,Percentage,Higher is better,MCH,,"*All figures for the indicator ""percentage of surviving infants who received at least one dose of inactivated polio vaccine"" are estimates based on World Bank and historical data. Targets for the indicators ""children aged 12-23 months who received one dose of measles-containing vaccine"" and ""% of women with at least 4 ANC visits during pregnancy"" are also estimated using World Bank and historical data. Targets for the indicator ""accuracy of data fields assessed during the annual data audit"" are estimated.","Sec 1.2 process-metrics table, p.3, footnote paragraph beneath the table",https://www.citizen.org/wp-content/uploads/MADAGASCAR_FL-2026-00021_August-2026-Production_RELEASE.pdf
Madagascar,MCH,% of women with at least 4 ANC visits during pregnancy,Process,2029,69.0,%,Percentage,Higher is better,MCH,,"*All figures for the indicator ""percentage of surviving infants who received at least one dose of inactivated polio vaccine"" are estimates based on World Bank and historical data. Targets for the indicators ""children aged 12-23 months who received one dose of measles-containing vaccine"" and ""% of women with at least 4 ANC visits during pregnancy"" are also estimated using World Bank and historical data. Targets for the indicator ""accuracy of data fields assessed during the annual data audit"" are estimated.","Sec 1.2 process-metrics table, p.3, footnote paragraph beneath the table",https://www.citizen.org/wp-content/uploads/MADAGASCAR_FL-2026-00021_August-2026-Production_RELEASE.pdf
Madagascar,MCH,% of women with at least 4 ANC visits during pregnancy,Process,2030,75.0,%,Percentage,Higher is better,MCH,,"*All figures for the indicator ""percentage of surviving infants who received at least one dose of inactivated polio vaccine"" are estimates based on World Bank and historical data. Targets for the indicators ""children aged 12-23 months who received one dose of measles-containing vaccine"" and ""% of women with at least 4 ANC visits during pregnancy"" are also estimated using World Bank and historical data. Targets for the indicator ""accuracy of data fields assessed during the annual data audit"" are estimated.","Sec 1.2 process-metrics table, p.3, footnote paragraph beneath the table",https://www.citizen.org/wp-content/uploads/MADAGASCAR_FL-2026-00021_August-2026-Production_RELEASE.pdf
Madagascar,Data systems & quality,% accuracy of data fields assessed during the annual data audit,Process,2026,75.0,%,Percentage,Higher is better,Data systems & quality,"Baseline printed as ""N/A"".","*All figures for the indicator ""percentage of surviving infants who received at least one dose of inactivated polio vaccine"" are estimates based on World Bank and historical data. Targets for the indicators ""children aged 12-23 months who received one dose of measles-containing vaccine"" and ""% of women with at least 4 ANC visits during pregnancy"" are also estimated using World Bank and historical data. Targets for the indicator ""accuracy of data fields assessed during the annual data audit"" are estimated.","Sec 1.2 process-metrics table, p.3, footnote paragraph beneath the table",https://www.citizen.org/wp-content/uploads/MADAGASCAR_FL-2026-00021_August-2026-Production_RELEASE.pdf
Madagascar,Data systems & quality,% accuracy of data fields assessed during the annual data audit,Process,2027,80.0,%,Percentage,Higher is better,Data systems & quality,"Baseline printed as ""N/A"".","*All figures for the indicator ""percentage of surviving infants who received at least one dose of inactivated polio vaccine"" are estimates based on World Bank and historical data. Targets for the indicators ""children aged 12-23 months who received one dose of measles-containing vaccine"" and ""% of women with at least 4 ANC visits during pregnancy"" are also estimated using World Bank and historical data. Targets for the indicator ""accuracy of data fields assessed during the annual data audit"" are estimated.","Sec 1.2 process-metrics table, p.3, footnote paragraph beneath the table",https://www.citizen.org/wp-content/uploads/MADAGASCAR_FL-2026-00021_August-2026-Production_RELEASE.pdf
Madagascar,Data systems & quality,% accuracy of data fields assessed during the annual data audit,Process,2028,85.0,%,Percentage,Higher is better,Data systems & quality,"Baseline printed as ""N/A"".","*All figures for the indicator ""percentage of surviving infants who received at least one dose of inactivated polio vaccine"" are estimates based on World Bank and historical data. Targets for the indicators ""children aged 12-23 months who received one dose of measles-containing vaccine"" and ""% of women with at least 4 ANC visits during pregnancy"" are also estimated using World Bank and historical data. Targets for the indicator ""accuracy of data fields assessed during the annual data audit"" are estimated.","Sec 1.2 process-metrics table, p.3, footnote paragraph beneath the table",https://www.citizen.org/wp-content/uploads/MADAGASCAR_FL-2026-00021_August-2026-Production_RELEASE.pdf
Madagascar,Data systems & quality,% accuracy of data fields assessed during the annual data audit,Process,2029,90.0,%,Percentage,Higher is better,Data systems & quality,"Baseline printed as ""N/A"".","*All figures for the indicator ""percentage of surviving infants who received at least one dose of inactivated polio vaccine"" are estimates based on World Bank and historical data. Targets for the indicators ""children aged 12-23 months who received one dose of measles-containing vaccine"" and ""% of women with at least 4 ANC visits during pregnancy"" are also estimated using World Bank and historical data. Targets for the indicator ""accuracy of data fields assessed during the annual data audit"" are estimated.","Sec 1.2 process-metrics table, p.3, footnote paragraph beneath the table",https://www.citizen.org/wp-content/uploads/MADAGASCAR_FL-2026-00021_August-2026-Production_RELEASE.pdf
Madagascar,Data systems & quality,% accuracy of data fields assessed during the annual data audit,Process,2030,95.0,%,Percentage,Higher is better,Data systems & quality,"Baseline printed as ""N/A"".","*All figures for the indicator ""percentage of surviving infants who received at least one dose of inactivated polio vaccine"" are estimates based on World Bank and historical data. Targets for the indicators ""children aged 12-23 months who received one dose of measles-containing vaccine"" and ""% of women with at least 4 ANC visits during pregnancy"" are also estimated using World Bank and historical data. Targets for the indicator ""accuracy of data fields assessed during the annual data audit"" are estimated.","Sec 1.2 process-metrics table, p.3, footnote paragraph beneath the table",https://www.citizen.org/wp-content/uploads/MADAGASCAR_FL-2026-00021_August-2026-Production_RELEASE.pdf
Madagascar,GHS / outbreak response,Detects suspected infectious disease outbreaks with epidemic potential within X days of disease emergence,Outbreak response (7-1-7),Baseline,7.0,days,Days,Lower is better,Infectious Disease Outbreak Response Metrics,"Standing commitment for the whole term, not a yearly target. Party named in the MOU: the Government of Madagascar",,Sec 1.3,https://www.citizen.org/wp-content/uploads/MADAGASCAR_FL-2026-00021_August-2026-Production_RELEASE.pdf
Madagascar,GHS / outbreak response,Notifies the U.S. Government within X day(s) of detection of a confirmed infectious disease outbreak,Outbreak response (7-1-7),Baseline,1.0,days,Days,Lower is better,Infectious Disease Outbreak Response Metrics,"Standing commitment for the whole term, not a yearly target. Party named in the MOU: the Government of Madagascar",,Sec 1.3,https://www.citizen.org/wp-content/uploads/MADAGASCAR_FL-2026-00021_August-2026-Production_RELEASE.pdf
Madagascar,GHS / outbreak response,Completes relevant initial response actions within X days of notification,Outbreak response (7-1-7),Baseline,7.0,days,Days,Lower is better,Infectious Disease Outbreak Response Metrics,"Standing commitment for the whole term, not a yearly target. Party named in the MOU: the Government of Madagascar",,Sec 1.3,https://www.citizen.org/wp-content/uploads/MADAGASCAR_FL-2026-00021_August-2026-Production_RELEASE.pdf
Malawi,HIV/AIDS,Number of People Living with HIV <15,Outcome,Baseline,46832.0,count,Absolute number,Higher is better,HIV/AIDS,"Malawi publishes the most granular Section 1 of any MOU: 19 outcome indicators, most disaggregated <15 / 15+.",,,https://www.citizen.org/wp-content/uploads/2026-0015QN-Malawi-1.13.2026.pdf
Malawi,HIV/AIDS,Number of People Living with HIV <15,Outcome,2026,41389.0,count,Absolute number,Higher is better,HIV/AIDS,"Malawi publishes the most granular Section 1 of any MOU: 19 outcome indicators, most disaggregated <15 / 15+.",,,https://www.citizen.org/wp-content/uploads/2026-0015QN-Malawi-1.13.2026.pdf
Malawi,HIV/AIDS,Number of People Living with HIV <15,Outcome,2027,36156.0,count,Absolute number,Higher is better,HIV/AIDS,"Malawi publishes the most granular Section 1 of any MOU: 19 outcome indicators, most disaggregated <15 / 15+.",,,https://www.citizen.org/wp-content/uploads/2026-0015QN-Malawi-1.13.2026.pdf
Malawi,HIV/AIDS,Number of People Living with HIV <15,Outcome,2028,31509.0,count,Absolute number,Higher is better,HIV/AIDS,"Malawi publishes the most granular Section 1 of any MOU: 19 outcome indicators, most disaggregated <15 / 15+.",,,https://www.citizen.org/wp-content/uploads/2026-0015QN-Malawi-1.13.2026.pdf
Malawi,HIV/AIDS,Number of People Living with HIV <15,Outcome,2029,27525.0,count,Absolute number,Higher is better,HIV/AIDS,"Malawi publishes the most granular Section 1 of any MOU: 19 outcome indicators, most disaggregated <15 / 15+.",,,https://www.citizen.org/wp-content/uploads/2026-0015QN-Malawi-1.13.2026.pdf
Malawi,HIV/AIDS,Number of People Living with HIV <15,Outcome,2030,24308.0,count,Absolute number,Higher is better,HIV/AIDS,"Malawi publishes the most granular Section 1 of any MOU: 19 outcome indicators, most disaggregated <15 / 15+.",,,https://www.citizen.org/wp-content/uploads/2026-0015QN-Malawi-1.13.2026.pdf
Malawi,HIV/AIDS,Number of People Living with HIV 15+,Outcome,Baseline,935012.0,count,Absolute number,Higher is better,HIV/AIDS,,,,https://www.citizen.org/wp-content/uploads/2026-0015QN-Malawi-1.13.2026.pdf
Malawi,HIV/AIDS,Number of People Living with HIV 15+,Outcome,2026,930801.0,count,Absolute number,Higher is better,HIV/AIDS,,,,https://www.citizen.org/wp-content/uploads/2026-0015QN-Malawi-1.13.2026.pdf
Malawi,HIV/AIDS,Number of People Living with HIV 15+,Outcome,2027,926113.0,count,Absolute number,Higher is better,HIV/AIDS,,,,https://www.citizen.org/wp-content/uploads/2026-0015QN-Malawi-1.13.2026.pdf
Malawi,HIV/AIDS,Number of People Living with HIV 15+,Outcome,2028,921273.0,count,Absolute number,Higher is better,HIV/AIDS,,,,https://www.citizen.org/wp-content/uploads/2026-0015QN-Malawi-1.13.2026.pdf
Malawi,HIV/AIDS,Number of People Living with HIV 15+,Outcome,2029,916311.0,count,Absolute number,Higher is better,HIV/AIDS,,,,https://www.citizen.org/wp-content/uploads/2026-0015QN-Malawi-1.13.2026.pdf
Malawi,HIV/AIDS,Number of People Living with HIV 15+,Outcome,2030,910919.0,count,Absolute number,Higher is better,HIV/AIDS,,,,https://www.citizen.org/wp-content/uploads/2026-0015QN-Malawi-1.13.2026.pdf
Malawi,HIV/AIDS,HIV Prevalence 15+,Outcome,Baseline,7.01,%,Percentage,Lower is better,HIV/AIDS,,,,https://www.citizen.org/wp-content/uploads/2026-0015QN-Malawi-1.13.2026.pdf
Malawi,HIV/AIDS,HIV Prevalence 15+,Outcome,2026,6.74,%,Percentage,Lower is better,HIV/AIDS,,,,https://www.citizen.org/wp-content/uploads/2026-0015QN-Malawi-1.13.2026.pdf
Malawi,HIV/AIDS,HIV Prevalence 15+,Outcome,2027,6.49,%,Percentage,Lower is better,HIV/AIDS,,,,https://www.citizen.org/wp-content/uploads/2026-0015QN-Malawi-1.13.2026.pdf
Malawi,HIV/AIDS,HIV Prevalence 15+,Outcome,2028,6.25,%,Percentage,Lower is better,HIV/AIDS,,,,https://www.citizen.org/wp-content/uploads/2026-0015QN-Malawi-1.13.2026.pdf
Malawi,HIV/AIDS,HIV Prevalence 15+,Outcome,2029,6.03,%,Percentage,Lower is better,HIV/AIDS,,,,https://www.citizen.org/wp-content/uploads/2026-0015QN-Malawi-1.13.2026.pdf
Malawi,HIV/AIDS,HIV Prevalence 15+,Outcome,2030,5.81,%,Percentage,Lower is better,HIV/AIDS,,,,https://www.citizen.org/wp-content/uploads/2026-0015QN-Malawi-1.13.2026.pdf
Malawi,HIV/AIDS,% People With HIV Who Know Their Status <15,Outcome,Baseline,82.0,%,Percentage,Higher is better,HIV/AIDS,,,,https://www.citizen.org/wp-content/uploads/2026-0015QN-Malawi-1.13.2026.pdf
Malawi,HIV/AIDS,% People With HIV Who Know Their Status <15,Outcome,2026,84.0,%,Percentage,Higher is better,HIV/AIDS,,,,https://www.citizen.org/wp-content/uploads/2026-0015QN-Malawi-1.13.2026.pdf
Malawi,HIV/AIDS,% People With HIV Who Know Their Status <15,Outcome,2027,85.0,%,Percentage,Higher is better,HIV/AIDS,,,,https://www.citizen.org/wp-content/uploads/2026-0015QN-Malawi-1.13.2026.pdf
Malawi,HIV/AIDS,% People With HIV Who Know Their Status <15,Outcome,2028,87.0,%,Percentage,Higher is better,HIV/AIDS,,,,https://www.citizen.org/wp-content/uploads/2026-0015QN-Malawi-1.13.2026.pdf
Malawi,HIV/AIDS,% People With HIV Who Know Their Status <15,Outcome,2029,88.0,%,Percentage,Higher is better,HIV/AIDS,,,,https://www.citizen.org/wp-content/uploads/2026-0015QN-Malawi-1.13.2026.pdf
Malawi,HIV/AIDS,% People With HIV Who Know Their Status <15,Outcome,2030,90.0,%,Percentage,Higher is better,HIV/AIDS,,,,https://www.citizen.org/wp-content/uploads/2026-0015QN-Malawi-1.13.2026.pdf
Malawi,HIV/AIDS,% People with HIV Who Know Their status 15+,Outcome,Baseline,96.0,%,Percentage,Higher is better,HIV/AIDS,,,,https://www.citizen.org/wp-content/uploads/2026-0015QN-Malawi-1.13.2026.pdf
Malawi,HIV/AIDS,% People with HIV Who Know Their status 15+,Outcome,2026,96.0,%,Percentage,Higher is better,HIV/AIDS,,,,https://www.citizen.org/wp-content/uploads/2026-0015QN-Malawi-1.13.2026.pdf
Malawi,HIV/AIDS,% People with HIV Who Know Their status 15+,Outcome,2027,96.0,%,Percentage,Higher is better,HIV/AIDS,,,,https://www.citizen.org/wp-content/uploads/2026-0015QN-Malawi-1.13.2026.pdf
Malawi,HIV/AIDS,% People with HIV Who Know Their status 15+,Outcome,2028,96.0,%,Percentage,Higher is better,HIV/AIDS,,,,https://www.citizen.org/wp-content/uploads/2026-0015QN-Malawi-1.13.2026.pdf
Malawi,HIV/AIDS,% People with HIV Who Know Their status 15+,Outcome,2029,96.0,%,Percentage,Higher is better,HIV/AIDS,,,,https://www.citizen.org/wp-content/uploads/2026-0015QN-Malawi-1.13.2026.pdf
Malawi,HIV/AIDS,% People with HIV Who Know Their status 15+,Outcome,2030,96.0,%,Percentage,Higher is better,HIV/AIDS,,,,https://www.citizen.org/wp-content/uploads/2026-0015QN-Malawi-1.13.2026.pdf
Malawi,HIV/AIDS,% People Who Know Their HIV Status on Treatment <15,Outcome,Baseline,71.0,%,Percentage,Higher is better,HIV/AIDS,,,,https://www.citizen.org/wp-content/uploads/2026-0015QN-Malawi-1.13.2026.pdf
Malawi,HIV/AIDS,% People Who Know Their HIV Status on Treatment <15,Outcome,2026,73.0,%,Percentage,Higher is better,HIV/AIDS,,,,https://www.citizen.org/wp-content/uploads/2026-0015QN-Malawi-1.13.2026.pdf
Malawi,HIV/AIDS,% People Who Know Their HIV Status on Treatment <15,Outcome,2027,76.0,%,Percentage,Higher is better,HIV/AIDS,,,,https://www.citizen.org/wp-content/uploads/2026-0015QN-Malawi-1.13.2026.pdf
Malawi,HIV/AIDS,% People Who Know Their HIV Status on Treatment <15,Outcome,2028,78.0,%,Percentage,Higher is better,HIV/AIDS,,,,https://www.citizen.org/wp-content/uploads/2026-0015QN-Malawi-1.13.2026.pdf
Malawi,HIV/AIDS,% People Who Know Their HIV Status on Treatment <15,Outcome,2029,83.0,%,Percentage,Higher is better,HIV/AIDS,,,,https://www.citizen.org/wp-content/uploads/2026-0015QN-Malawi-1.13.2026.pdf
Malawi,HIV/AIDS,% People Who Know Their HIV Status on Treatment <15,Outcome,2030,85.0,%,Percentage,Higher is better,HIV/AIDS,,,,https://www.citizen.org/wp-content/uploads/2026-0015QN-Malawi-1.13.2026.pdf
Malawi,HIV/AIDS,% People who know their HIV status on Treatment 15+,Outcome,Baseline,96.0,%,Percentage,Higher is better,HIV/AIDS,,,,https://www.citizen.org/wp-content/uploads/2026-0015QN-Malawi-1.13.2026.pdf
Malawi,HIV/AIDS,% People who know their HIV status on Treatment 15+,Outcome,2026,96.0,%,Percentage,Higher is better,HIV/AIDS,,,,https://www.citizen.org/wp-content/uploads/2026-0015QN-Malawi-1.13.2026.pdf
Malawi,HIV/AIDS,% People who know their HIV status on Treatment 15+,Outcome,2027,96.0,%,Percentage,Higher is better,HIV/AIDS,,,,https://www.citizen.org/wp-content/uploads/2026-0015QN-Malawi-1.13.2026.pdf
Malawi,HIV/AIDS,% People who know their HIV status on Treatment 15+,Outcome,2028,96.0,%,Percentage,Higher is better,HIV/AIDS,,,,https://www.citizen.org/wp-content/uploads/2026-0015QN-Malawi-1.13.2026.pdf
Malawi,HIV/AIDS,% People who know their HIV status on Treatment 15+,Outcome,2029,96.0,%,Percentage,Higher is better,HIV/AIDS,,,,https://www.citizen.org/wp-content/uploads/2026-0015QN-Malawi-1.13.2026.pdf
Malawi,HIV/AIDS,% People who know their HIV status on Treatment 15+,Outcome,2030,96.0,%,Percentage,Higher is better,HIV/AIDS,,,,https://www.citizen.org/wp-content/uploads/2026-0015QN-Malawi-1.13.2026.pdf
Malawi,HIV/AIDS,% People Living with HIV Who Are Virally Suppressed <15,Outcome,Baseline,49.0,%,Percentage,Higher is better,HIV/AIDS,Paediatric viral suppression starts at 49% against 89% for adults - the widest paediatric-adult gap in any published MOU.,,,https://www.citizen.org/wp-content/uploads/2026-0015QN-Malawi-1.13.2026.pdf
Malawi,HIV/AIDS,% People Living with HIV Who Are Virally Suppressed <15,Outcome,2026,56.0,%,Percentage,Higher is better,HIV/AIDS,Paediatric viral suppression starts at 49% against 89% for adults - the widest paediatric-adult gap in any published MOU.,,,https://www.citizen.org/wp-content/uploads/2026-0015QN-Malawi-1.13.2026.pdf
Malawi,HIV/AIDS,% People Living with HIV Who Are Virally Suppressed <15,Outcome,2027,62.0,%,Percentage,Higher is better,HIV/AIDS,Paediatric viral suppression starts at 49% against 89% for adults - the widest paediatric-adult gap in any published MOU.,,,https://www.citizen.org/wp-content/uploads/2026-0015QN-Malawi-1.13.2026.pdf
Malawi,HIV/AIDS,% People Living with HIV Who Are Virally Suppressed <15,Outcome,2028,68.0,%,Percentage,Higher is better,HIV/AIDS,Paediatric viral suppression starts at 49% against 89% for adults - the widest paediatric-adult gap in any published MOU.,,,https://www.citizen.org/wp-content/uploads/2026-0015QN-Malawi-1.13.2026.pdf
Malawi,HIV/AIDS,% People Living with HIV Who Are Virally Suppressed <15,Outcome,2029,75.0,%,Percentage,Higher is better,HIV/AIDS,Paediatric viral suppression starts at 49% against 89% for adults - the widest paediatric-adult gap in any published MOU.,,,https://www.citizen.org/wp-content/uploads/2026-0015QN-Malawi-1.13.2026.pdf
Malawi,HIV/AIDS,% People Living with HIV Who Are Virally Suppressed <15,Outcome,2030,81.0,%,Percentage,Higher is better,HIV/AIDS,Paediatric viral suppression starts at 49% against 89% for adults - the widest paediatric-adult gap in any published MOU.,,,https://www.citizen.org/wp-content/uploads/2026-0015QN-Malawi-1.13.2026.pdf
Malawi,HIV/AIDS,% People Living with HIV Who Are Virally Suppressed 15+,Outcome,Baseline,89.0,%,Percentage,Higher is better,HIV/AIDS,,,,https://www.citizen.org/wp-content/uploads/2026-0015QN-Malawi-1.13.2026.pdf
Malawi,HIV/AIDS,% People Living with HIV Who Are Virally Suppressed 15+,Outcome,2026,89.0,%,Percentage,Higher is better,HIV/AIDS,,,,https://www.citizen.org/wp-content/uploads/2026-0015QN-Malawi-1.13.2026.pdf
Malawi,HIV/AIDS,% People Living with HIV Who Are Virally Suppressed 15+,Outcome,2027,89.0,%,Percentage,Higher is better,HIV/AIDS,,,,https://www.citizen.org/wp-content/uploads/2026-0015QN-Malawi-1.13.2026.pdf
Malawi,HIV/AIDS,% People Living with HIV Who Are Virally Suppressed 15+,Outcome,2028,89.0,%,Percentage,Higher is better,HIV/AIDS,,,,https://www.citizen.org/wp-content/uploads/2026-0015QN-Malawi-1.13.2026.pdf
Malawi,HIV/AIDS,% People Living with HIV Who Are Virally Suppressed 15+,Outcome,2029,89.0,%,Percentage,Higher is better,HIV/AIDS,,,,https://www.citizen.org/wp-content/uploads/2026-0015QN-Malawi-1.13.2026.pdf
Malawi,HIV/AIDS,% People Living with HIV Who Are Virally Suppressed 15+,Outcome,2030,90.0,%,Percentage,Higher is better,HIV/AIDS,,,,https://www.citizen.org/wp-content/uploads/2026-0015QN-Malawi-1.13.2026.pdf
Malawi,HIV/AIDS,Number of New HIV Infections <15,Outcome,Baseline,1644.0,count,Absolute number,Higher is better,HIV/AIDS,,,,https://www.citizen.org/wp-content/uploads/2026-0015QN-Malawi-1.13.2026.pdf
Malawi,HIV/AIDS,Number of New HIV Infections <15,Outcome,2026,1478.0,count,Absolute number,Higher is better,HIV/AIDS,,,,https://www.citizen.org/wp-content/uploads/2026-0015QN-Malawi-1.13.2026.pdf
Malawi,HIV/AIDS,Number of New HIV Infections <15,Outcome,2027,1362.0,count,Absolute number,Higher is better,HIV/AIDS,,,,https://www.citizen.org/wp-content/uploads/2026-0015QN-Malawi-1.13.2026.pdf
Malawi,HIV/AIDS,Number of New HIV Infections <15,Outcome,2028,1284.0,count,Absolute number,Higher is better,HIV/AIDS,,,,https://www.citizen.org/wp-content/uploads/2026-0015QN-Malawi-1.13.2026.pdf
Malawi,HIV/AIDS,Number of New HIV Infections <15,Outcome,2029,1207.0,count,Absolute number,Higher is better,HIV/AIDS,,,,https://www.citizen.org/wp-content/uploads/2026-0015QN-Malawi-1.13.2026.pdf
Malawi,HIV/AIDS,Number of New HIV Infections <15,Outcome,2030,1148.0,count,Absolute number,Higher is better,HIV/AIDS,,,,https://www.citizen.org/wp-content/uploads/2026-0015QN-Malawi-1.13.2026.pdf
Malawi,HIV/AIDS,Number of New HIV Infections 15+,Outcome,Baseline,8443.0,count,Absolute number,Higher is better,HIV/AIDS,"SOURCE ODDITY: adult new infections fall to 2027 then RISE every year to 2030 (7,766), ending above the 2027 target. Transcribed as printed.",,,https://www.citizen.org/wp-content/uploads/2026-0015QN-Malawi-1.13.2026.pdf
Malawi,HIV/AIDS,Number of New HIV Infections 15+,Outcome,2026,7303.0,count,Absolute number,Higher is better,HIV/AIDS,"SOURCE ODDITY: adult new infections fall to 2027 then RISE every year to 2030 (7,766), ending above the 2027 target. Transcribed as printed.",,,https://www.citizen.org/wp-content/uploads/2026-0015QN-Malawi-1.13.2026.pdf
Malawi,HIV/AIDS,Number of New HIV Infections 15+,Outcome,2027,6884.0,count,Absolute number,Higher is better,HIV/AIDS,"SOURCE ODDITY: adult new infections fall to 2027 then RISE every year to 2030 (7,766), ending above the 2027 target. Transcribed as printed.",,,https://www.citizen.org/wp-content/uploads/2026-0015QN-Malawi-1.13.2026.pdf
Malawi,HIV/AIDS,Number of New HIV Infections 15+,Outcome,2028,7209.0,count,Absolute number,Higher is better,HIV/AIDS,"SOURCE ODDITY: adult new infections fall to 2027 then RISE every year to 2030 (7,766), ending above the 2027 target. Transcribed as printed.",,,https://www.citizen.org/wp-content/uploads/2026-0015QN-Malawi-1.13.2026.pdf
Malawi,HIV/AIDS,Number of New HIV Infections 15+,Outcome,2029,7285.0,count,Absolute number,Higher is better,HIV/AIDS,"SOURCE ODDITY: adult new infections fall to 2027 then RISE every year to 2030 (7,766), ending above the 2027 target. Transcribed as printed.",,,https://www.citizen.org/wp-content/uploads/2026-0015QN-Malawi-1.13.2026.pdf
Malawi,HIV/AIDS,Number of New HIV Infections 15+,Outcome,2030,7766.0,count,Absolute number,Higher is better,HIV/AIDS,"SOURCE ODDITY: adult new infections fall to 2027 then RISE every year to 2030 (7,766), ending above the 2027 target. Transcribed as printed.",,,https://www.citizen.org/wp-content/uploads/2026-0015QN-Malawi-1.13.2026.pdf
Malawi,Malaria,"# Malaria Deaths in Children <5 per 100,000",Outcome,Baseline,39.0,"per 100,000",Rate,Lower is better,Malaria,,,,https://www.citizen.org/wp-content/uploads/2026-0015QN-Malawi-1.13.2026.pdf
Malawi,Malaria,"# Malaria Deaths in Children <5 per 100,000",Outcome,2026,32.0,"per 100,000",Rate,Lower is better,Malaria,,,,https://www.citizen.org/wp-content/uploads/2026-0015QN-Malawi-1.13.2026.pdf
Malawi,Malaria,"# Malaria Deaths in Children <5 per 100,000",Outcome,2027,24.0,"per 100,000",Rate,Lower is better,Malaria,,,,https://www.citizen.org/wp-content/uploads/2026-0015QN-Malawi-1.13.2026.pdf
Malawi,Malaria,"# Malaria Deaths in Children <5 per 100,000",Outcome,2028,15.0,"per 100,000",Rate,Lower is better,Malaria,,,,https://www.citizen.org/wp-content/uploads/2026-0015QN-Malawi-1.13.2026.pdf
Malawi,Malaria,"# Malaria Deaths in Children <5 per 100,000",Outcome,2029,11.0,"per 100,000",Rate,Lower is better,Malaria,,,,https://www.citizen.org/wp-content/uploads/2026-0015QN-Malawi-1.13.2026.pdf
Malawi,Malaria,"# Malaria Deaths in Children <5 per 100,000",Outcome,2030,5.0,"per 100,000",Rate,Lower is better,Malaria,,,,https://www.citizen.org/wp-content/uploads/2026-0015QN-Malawi-1.13.2026.pdf
Malawi,Malaria,"# Malaria Deaths per 100,000 population",Outcome,Baseline,11.0,"per 100,000",Rate,Lower is better,Malaria,,,,https://www.citizen.org/wp-content/uploads/2026-0015QN-Malawi-1.13.2026.pdf
Malawi,Malaria,"# Malaria Deaths per 100,000 population",Outcome,2026,9.0,"per 100,000",Rate,Lower is better,Malaria,,,,https://www.citizen.org/wp-content/uploads/2026-0015QN-Malawi-1.13.2026.pdf
Malawi,Malaria,"# Malaria Deaths per 100,000 population",Outcome,2027,7.0,"per 100,000",Rate,Lower is better,Malaria,,,,https://www.citizen.org/wp-content/uploads/2026-0015QN-Malawi-1.13.2026.pdf
Malawi,Malaria,"# Malaria Deaths per 100,000 population",Outcome,2028,5.0,"per 100,000",Rate,Lower is better,Malaria,,,,https://www.citizen.org/wp-content/uploads/2026-0015QN-Malawi-1.13.2026.pdf
Malawi,Malaria,"# Malaria Deaths per 100,000 population",Outcome,2029,3.0,"per 100,000",Rate,Lower is better,Malaria,,,,https://www.citizen.org/wp-content/uploads/2026-0015QN-Malawi-1.13.2026.pdf
Malawi,Malaria,"# Malaria Deaths per 100,000 population",Outcome,2030,2.0,"per 100,000",Rate,Lower is better,Malaria,,,,https://www.citizen.org/wp-content/uploads/2026-0015QN-Malawi-1.13.2026.pdf
Malawi,TB,"TB Mortality per 100,000",Outcome,Baseline,22.0,"per 100,000",Rate,Lower is better,TB,,,,https://www.citizen.org/wp-content/uploads/2026-0015QN-Malawi-1.13.2026.pdf
Malawi,TB,"TB Mortality per 100,000",Outcome,2026,16.5,"per 100,000",Rate,Lower is better,TB,,,,https://www.citizen.org/wp-content/uploads/2026-0015QN-Malawi-1.13.2026.pdf
Malawi,TB,"TB Mortality per 100,000",Outcome,2027,16.5,"per 100,000",Rate,Lower is better,TB,,,,https://www.citizen.org/wp-content/uploads/2026-0015QN-Malawi-1.13.2026.pdf
Malawi,TB,"TB Mortality per 100,000",Outcome,2028,14.0,"per 100,000",Rate,Lower is better,TB,,,,https://www.citizen.org/wp-content/uploads/2026-0015QN-Malawi-1.13.2026.pdf
Malawi,TB,"TB Mortality per 100,000",Outcome,2029,11.5,"per 100,000",Rate,Lower is better,TB,,,,https://www.citizen.org/wp-content/uploads/2026-0015QN-Malawi-1.13.2026.pdf
Malawi,TB,"TB Mortality per 100,000",Outcome,2030,9.0,"per 100,000",Rate,Lower is better,TB,,,,https://www.citizen.org/wp-content/uploads/2026-0015QN-Malawi-1.13.2026.pdf
Malawi,TB,"TB incidence rate per 100,000 population",Outcome,Baseline,113.0,"per 100,000",Rate,Lower is better,TB,,,,https://www.citizen.org/wp-content/uploads/2026-0015QN-Malawi-1.13.2026.pdf
Malawi,TB,"TB incidence rate per 100,000 population",Outcome,2026,108.0,"per 100,000",Rate,Lower is better,TB,,,,https://www.citizen.org/wp-content/uploads/2026-0015QN-Malawi-1.13.2026.pdf
Malawi,TB,"TB incidence rate per 100,000 population",Outcome,2027,102.0,"per 100,000",Rate,Lower is better,TB,,,,https://www.citizen.org/wp-content/uploads/2026-0015QN-Malawi-1.13.2026.pdf
Malawi,TB,"TB incidence rate per 100,000 population",Outcome,2028,97.0,"per 100,000",Rate,Lower is better,TB,,,,https://www.citizen.org/wp-content/uploads/2026-0015QN-Malawi-1.13.2026.pdf
Malawi,TB,"TB incidence rate per 100,000 population",Outcome,2029,94.0,"per 100,000",Rate,Lower is better,TB,,,,https://www.citizen.org/wp-content/uploads/2026-0015QN-Malawi-1.13.2026.pdf
Malawi,TB,"TB incidence rate per 100,000 population",Outcome,2030,91.0,"per 100,000",Rate,Lower is better,TB,,,,https://www.citizen.org/wp-content/uploads/2026-0015QN-Malawi-1.13.2026.pdf
Malawi,Polio,"# Polio Cases (e.g., WPV, cVDPVB)",Outcome,Baseline,0.0,count,Absolute number,Lower is better,Polio,,,,https://www.citizen.org/wp-content/uploads/2026-0015QN-Malawi-1.13.2026.pdf
Malawi,Polio,"# Polio Cases (e.g., WPV, cVDPVB)",Outcome,2026,0.0,count,Absolute number,Lower is better,Polio,,,,https://www.citizen.org/wp-content/uploads/2026-0015QN-Malawi-1.13.2026.pdf
Malawi,Polio,"# Polio Cases (e.g., WPV, cVDPVB)",Outcome,2027,0.0,count,Absolute number,Lower is better,Polio,,,,https://www.citizen.org/wp-content/uploads/2026-0015QN-Malawi-1.13.2026.pdf
Malawi,Polio,"# Polio Cases (e.g., WPV, cVDPVB)",Outcome,2028,0.0,count,Absolute number,Lower is better,Polio,,,,https://www.citizen.org/wp-content/uploads/2026-0015QN-Malawi-1.13.2026.pdf
Malawi,Polio,"# Polio Cases (e.g., WPV, cVDPVB)",Outcome,2029,0.0,count,Absolute number,Lower is better,Polio,,,,https://www.citizen.org/wp-content/uploads/2026-0015QN-Malawi-1.13.2026.pdf
Malawi,Polio,"# Polio Cases (e.g., WPV, cVDPVB)",Outcome,2030,0.0,count,Absolute number,Lower is better,Polio,,,,https://www.citizen.org/wp-content/uploads/2026-0015QN-Malawi-1.13.2026.pdf
Malawi,Immunisation (measles),# Measles Cases,Outcome,Baseline,1068.0,count,Absolute number,Lower is better,Immunisation (measles),,,,https://www.citizen.org/wp-content/uploads/2026-0015QN-Malawi-1.13.2026.pdf
Malawi,Immunisation (measles),# Measles Cases,Outcome,2026,264.0,count,Absolute number,Lower is better,Immunisation (measles),,,,https://www.citizen.org/wp-content/uploads/2026-0015QN-Malawi-1.13.2026.pdf
Malawi,Immunisation (measles),# Measles Cases,Outcome,2027,66.0,count,Absolute number,Lower is better,Immunisation (measles),,,,https://www.citizen.org/wp-content/uploads/2026-0015QN-Malawi-1.13.2026.pdf
Malawi,Immunisation (measles),# Measles Cases,Outcome,2028,16.0,count,Absolute number,Lower is better,Immunisation (measles),,,,https://www.citizen.org/wp-content/uploads/2026-0015QN-Malawi-1.13.2026.pdf
Malawi,Immunisation (measles),# Measles Cases,Outcome,2029,4.0,count,Absolute number,Lower is better,Immunisation (measles),,,,https://www.citizen.org/wp-content/uploads/2026-0015QN-Malawi-1.13.2026.pdf
Malawi,Immunisation (measles),# Measles Cases,Outcome,2030,0.0,count,Absolute number,Lower is better,Immunisation (measles),,,,https://www.citizen.org/wp-content/uploads/2026-0015QN-Malawi-1.13.2026.pdf
Malawi,MCH,"Maternal Mortality Rate per 100,000",Outcome,Baseline,225.0,"per 100,000",Rate,Lower is better,MCH,,,,https://www.citizen.org/wp-content/uploads/2026-0015QN-Malawi-1.13.2026.pdf
Malawi,MCH,"Maternal Mortality Rate per 100,000",Outcome,2026,189.0,"per 100,000",Rate,Lower is better,MCH,,,,https://www.citizen.org/wp-content/uploads/2026-0015QN-Malawi-1.13.2026.pdf
Malawi,MCH,"Maternal Mortality Rate per 100,000",Outcome,2027,177.0,"per 100,000",Rate,Lower is better,MCH,,,,https://www.citizen.org/wp-content/uploads/2026-0015QN-Malawi-1.13.2026.pdf
Malawi,MCH,"Maternal Mortality Rate per 100,000",Outcome,2028,165.0,"per 100,000",Rate,Lower is better,MCH,,,,https://www.citizen.org/wp-content/uploads/2026-0015QN-Malawi-1.13.2026.pdf
Malawi,MCH,"Maternal Mortality Rate per 100,000",Outcome,2029,152.0,"per 100,000",Rate,Lower is better,MCH,,,,https://www.citizen.org/wp-content/uploads/2026-0015QN-Malawi-1.13.2026.pdf
Malawi,MCH,"Maternal Mortality Rate per 100,000",Outcome,2030,140.0,"per 100,000",Rate,Lower is better,MCH,,,,https://www.citizen.org/wp-content/uploads/2026-0015QN-Malawi-1.13.2026.pdf
Malawi,MCH,"Children Under 5 Mortality Rate per 1,000",Outcome,Baseline,37.7,"per 1,000",Rate,Lower is better,MCH,,,,https://www.citizen.org/wp-content/uploads/2026-0015QN-Malawi-1.13.2026.pdf
Malawi,MCH,"Children Under 5 Mortality Rate per 1,000",Outcome,2026,36.6,"per 1,000",Rate,Lower is better,MCH,,,,https://www.citizen.org/wp-content/uploads/2026-0015QN-Malawi-1.13.2026.pdf
Malawi,MCH,"Children Under 5 Mortality Rate per 1,000",Outcome,2027,35.8,"per 1,000",Rate,Lower is better,MCH,,,,https://www.citizen.org/wp-content/uploads/2026-0015QN-Malawi-1.13.2026.pdf
Malawi,MCH,"Children Under 5 Mortality Rate per 1,000",Outcome,2028,34.9,"per 1,000",Rate,Lower is better,MCH,,,,https://www.citizen.org/wp-content/uploads/2026-0015QN-Malawi-1.13.2026.pdf
Malawi,MCH,"Children Under 5 Mortality Rate per 1,000",Outcome,2029,34.0,"per 1,000",Rate,Lower is better,MCH,,,,https://www.citizen.org/wp-content/uploads/2026-0015QN-Malawi-1.13.2026.pdf
Malawi,MCH,"Children Under 5 Mortality Rate per 1,000",Outcome,2030,33.1,"per 1,000",Rate,Lower is better,MCH,,,,https://www.citizen.org/wp-content/uploads/2026-0015QN-Malawi-1.13.2026.pdf
Malawi,HIV/AIDS,# people on ART,Process,Baseline,897949.0,count,Absolute number,Higher is better,HIV/AIDS,"Declines every year, tracking the falling PLHIV estimate.",,,https://www.citizen.org/wp-content/uploads/2026-0015QN-Malawi-1.13.2026.pdf
Malawi,HIV/AIDS,# people on ART,Process,2026,892021.0,count,Absolute number,Higher is better,HIV/AIDS,"Declines every year, tracking the falling PLHIV estimate.",,,https://www.citizen.org/wp-content/uploads/2026-0015QN-Malawi-1.13.2026.pdf
Malawi,HIV/AIDS,# people on ART,Process,2027,885808.0,count,Absolute number,Higher is better,HIV/AIDS,"Declines every year, tracking the falling PLHIV estimate.",,,https://www.citizen.org/wp-content/uploads/2026-0015QN-Malawi-1.13.2026.pdf
Malawi,HIV/AIDS,# people on ART,Process,2028,879222.0,count,Absolute number,Higher is better,HIV/AIDS,"Declines every year, tracking the falling PLHIV estimate.",,,https://www.citizen.org/wp-content/uploads/2026-0015QN-Malawi-1.13.2026.pdf
Malawi,HIV/AIDS,# people on ART,Process,2029,873464.0,count,Absolute number,Higher is better,HIV/AIDS,"Declines every year, tracking the falling PLHIV estimate.",,,https://www.citizen.org/wp-content/uploads/2026-0015QN-Malawi-1.13.2026.pdf
Malawi,HIV/AIDS,# people on ART,Process,2030,866843.0,count,Absolute number,Higher is better,HIV/AIDS,"Declines every year, tracking the falling PLHIV estimate.",,,https://www.citizen.org/wp-content/uploads/2026-0015QN-Malawi-1.13.2026.pdf
Malawi,HIV/AIDS,# new HIV diagnoses among infants (0-24 months),Process,Baseline,569.0,count,Absolute number,Lower is better,HIV/AIDS,Age band is 0-24 months; most other MOUs use 0-18 months.,,,https://www.citizen.org/wp-content/uploads/2026-0015QN-Malawi-1.13.2026.pdf
Malawi,HIV/AIDS,# new HIV diagnoses among infants (0-24 months),Process,2026,505.0,count,Absolute number,Lower is better,HIV/AIDS,Age band is 0-24 months; most other MOUs use 0-18 months.,,,https://www.citizen.org/wp-content/uploads/2026-0015QN-Malawi-1.13.2026.pdf
Malawi,HIV/AIDS,# new HIV diagnoses among infants (0-24 months),Process,2027,469.0,count,Absolute number,Lower is better,HIV/AIDS,Age band is 0-24 months; most other MOUs use 0-18 months.,,,https://www.citizen.org/wp-content/uploads/2026-0015QN-Malawi-1.13.2026.pdf
Malawi,HIV/AIDS,# new HIV diagnoses among infants (0-24 months),Process,2028,444.0,count,Absolute number,Lower is better,HIV/AIDS,Age band is 0-24 months; most other MOUs use 0-18 months.,,,https://www.citizen.org/wp-content/uploads/2026-0015QN-Malawi-1.13.2026.pdf
Malawi,HIV/AIDS,# new HIV diagnoses among infants (0-24 months),Process,2029,420.0,count,Absolute number,Lower is better,HIV/AIDS,Age band is 0-24 months; most other MOUs use 0-18 months.,,,https://www.citizen.org/wp-content/uploads/2026-0015QN-Malawi-1.13.2026.pdf
Malawi,HIV/AIDS,# new HIV diagnoses among infants (0-24 months),Process,2030,402.0,count,Absolute number,Lower is better,HIV/AIDS,Age band is 0-24 months; most other MOUs use 0-18 months.,,,https://www.citizen.org/wp-content/uploads/2026-0015QN-Malawi-1.13.2026.pdf
Malawi,HIV/AIDS,# new HIV diagnoses among children and adults (2 years and older),Process,Baseline,44722.0,count,Absolute number,Lower is better,HIV/AIDS,,,,https://www.citizen.org/wp-content/uploads/2026-0015QN-Malawi-1.13.2026.pdf
Malawi,HIV/AIDS,# new HIV diagnoses among children and adults (2 years and older),Process,2026,40107.0,count,Absolute number,Lower is better,HIV/AIDS,,,,https://www.citizen.org/wp-content/uploads/2026-0015QN-Malawi-1.13.2026.pdf
Malawi,HIV/AIDS,# new HIV diagnoses among children and adults (2 years and older),Process,2027,35969.0,count,Absolute number,Lower is better,HIV/AIDS,,,,https://www.citizen.org/wp-content/uploads/2026-0015QN-Malawi-1.13.2026.pdf
Malawi,HIV/AIDS,# new HIV diagnoses among children and adults (2 years and older),Process,2028,32257.0,count,Absolute number,Lower is better,HIV/AIDS,,,,https://www.citizen.org/wp-content/uploads/2026-0015QN-Malawi-1.13.2026.pdf
Malawi,HIV/AIDS,# new HIV diagnoses among children and adults (2 years and older),Process,2029,28938.0,count,Absolute number,Lower is better,HIV/AIDS,,,,https://www.citizen.org/wp-content/uploads/2026-0015QN-Malawi-1.13.2026.pdf
Malawi,HIV/AIDS,# new HIV diagnoses among children and adults (2 years and older),Process,2030,25943.0,count,Absolute number,Lower is better,HIV/AIDS,,,,https://www.citizen.org/wp-content/uploads/2026-0015QN-Malawi-1.13.2026.pdf
Malawi,HIV/AIDS,% pregnant and breastfeeding women living with HIV who receive ART,Process,Baseline,98.0,%,Percentage,Higher is better,HIV/AIDS,,,,https://www.citizen.org/wp-content/uploads/2026-0015QN-Malawi-1.13.2026.pdf
Malawi,HIV/AIDS,% pregnant and breastfeeding women living with HIV who receive ART,Process,2026,98.0,%,Percentage,Higher is better,HIV/AIDS,,,,https://www.citizen.org/wp-content/uploads/2026-0015QN-Malawi-1.13.2026.pdf
Malawi,HIV/AIDS,% pregnant and breastfeeding women living with HIV who receive ART,Process,2027,98.0,%,Percentage,Higher is better,HIV/AIDS,,,,https://www.citizen.org/wp-content/uploads/2026-0015QN-Malawi-1.13.2026.pdf
Malawi,HIV/AIDS,% pregnant and breastfeeding women living with HIV who receive ART,Process,2028,98.0,%,Percentage,Higher is better,HIV/AIDS,,,,https://www.citizen.org/wp-content/uploads/2026-0015QN-Malawi-1.13.2026.pdf
Malawi,HIV/AIDS,% pregnant and breastfeeding women living with HIV who receive ART,Process,2029,98.0,%,Percentage,Higher is better,HIV/AIDS,,,,https://www.citizen.org/wp-content/uploads/2026-0015QN-Malawi-1.13.2026.pdf
Malawi,HIV/AIDS,% pregnant and breastfeeding women living with HIV who receive ART,Process,2030,98.0,%,Percentage,Higher is better,HIV/AIDS,,,,https://www.citizen.org/wp-content/uploads/2026-0015QN-Malawi-1.13.2026.pdf
Malawi,Malaria,% confirmed malaria cases that receive first-line antimalarial treatment,Process,Baseline,98.0,%,Percentage,Higher is better,Malaria,,,,https://www.citizen.org/wp-content/uploads/2026-0015QN-Malawi-1.13.2026.pdf
Malawi,Malaria,% confirmed malaria cases that receive first-line antimalarial treatment,Process,2026,99.0,%,Percentage,Higher is better,Malaria,,,,https://www.citizen.org/wp-content/uploads/2026-0015QN-Malawi-1.13.2026.pdf
Malawi,Malaria,% confirmed malaria cases that receive first-line antimalarial treatment,Process,2027,99.0,%,Percentage,Higher is better,Malaria,,,,https://www.citizen.org/wp-content/uploads/2026-0015QN-Malawi-1.13.2026.pdf
Malawi,Malaria,% confirmed malaria cases that receive first-line antimalarial treatment,Process,2028,99.0,%,Percentage,Higher is better,Malaria,,,,https://www.citizen.org/wp-content/uploads/2026-0015QN-Malawi-1.13.2026.pdf
Malawi,Malaria,% confirmed malaria cases that receive first-line antimalarial treatment,Process,2029,99.0,%,Percentage,Higher is better,Malaria,,,,https://www.citizen.org/wp-content/uploads/2026-0015QN-Malawi-1.13.2026.pdf
Malawi,Malaria,% confirmed malaria cases that receive first-line antimalarial treatment,Process,2030,99.0,%,Percentage,Higher is better,Malaria,,,,https://www.citizen.org/wp-content/uploads/2026-0015QN-Malawi-1.13.2026.pdf
Malawi,Malaria,# insecticide-treated nets distributed to populations at risk of malaria,Process,Baseline,10127953.0,routine nets,Absolute number,Higher is better,Malaria,Malawi is the only MOU to explain its net-distribution spikes: the baseline and the 2028 peak are mass-campaign years.,(note: mass campaign distributions included in baseline and expected again in 2028),"Sec 1.2 process-metrics table, p.3, parenthetical inside the indicator label",https://www.citizen.org/wp-content/uploads/2026-0015QN-Malawi-1.13.2026.pdf
Malawi,Malaria,# insecticide-treated nets distributed to populations at risk of malaria,Process,2026,1100000.0,routine nets,Absolute number,Higher is better,Malaria,Malawi is the only MOU to explain its net-distribution spikes: the baseline and the 2028 peak are mass-campaign years.,(note: mass campaign distributions included in baseline and expected again in 2028),"Sec 1.2 process-metrics table, p.3, parenthetical inside the indicator label",https://www.citizen.org/wp-content/uploads/2026-0015QN-Malawi-1.13.2026.pdf
Malawi,Malaria,# insecticide-treated nets distributed to populations at risk of malaria,Process,2027,1380000.0,routine nets,Absolute number,Higher is better,Malaria,Malawi is the only MOU to explain its net-distribution spikes: the baseline and the 2028 peak are mass-campaign years.,(note: mass campaign distributions included in baseline and expected again in 2028),"Sec 1.2 process-metrics table, p.3, parenthetical inside the indicator label",https://www.citizen.org/wp-content/uploads/2026-0015QN-Malawi-1.13.2026.pdf
Malawi,Malaria,# insecticide-treated nets distributed to populations at risk of malaria,Process,2028,12338223.0,routine nets,Absolute number,Higher is better,Malaria,Malawi is the only MOU to explain its net-distribution spikes: the baseline and the 2028 peak are mass-campaign years.,(note: mass campaign distributions included in baseline and expected again in 2028),"Sec 1.2 process-metrics table, p.3, parenthetical inside the indicator label",https://www.citizen.org/wp-content/uploads/2026-0015QN-Malawi-1.13.2026.pdf
Malawi,Malaria,# insecticide-treated nets distributed to populations at risk of malaria,Process,2029,1400000.0,routine nets,Absolute number,Higher is better,Malaria,Malawi is the only MOU to explain its net-distribution spikes: the baseline and the 2028 peak are mass-campaign years.,(note: mass campaign distributions included in baseline and expected again in 2028),"Sec 1.2 process-metrics table, p.3, parenthetical inside the indicator label",https://www.citizen.org/wp-content/uploads/2026-0015QN-Malawi-1.13.2026.pdf
Malawi,Malaria,# insecticide-treated nets distributed to populations at risk of malaria,Process,2030,1400000.0,routine nets,Absolute number,Higher is better,Malaria,Malawi is the only MOU to explain its net-distribution spikes: the baseline and the 2028 peak are mass-campaign years.,(note: mass campaign distributions included in baseline and expected again in 2028),"Sec 1.2 process-metrics table, p.3, parenthetical inside the indicator label",https://www.citizen.org/wp-content/uploads/2026-0015QN-Malawi-1.13.2026.pdf
Malawi,Malaria,% of pregnant women who have access to and receive 3 or more doses of IPTp for malaria prevention,Process,Baseline,56.0,%,Percentage,Higher is better,Malaria,,,,https://www.citizen.org/wp-content/uploads/2026-0015QN-Malawi-1.13.2026.pdf
Malawi,Malaria,% of pregnant women who have access to and receive 3 or more doses of IPTp for malaria prevention,Process,2026,60.0,%,Percentage,Higher is better,Malaria,,,,https://www.citizen.org/wp-content/uploads/2026-0015QN-Malawi-1.13.2026.pdf
Malawi,Malaria,% of pregnant women who have access to and receive 3 or more doses of IPTp for malaria prevention,Process,2027,64.0,%,Percentage,Higher is better,Malaria,,,,https://www.citizen.org/wp-content/uploads/2026-0015QN-Malawi-1.13.2026.pdf
Malawi,Malaria,% of pregnant women who have access to and receive 3 or more doses of IPTp for malaria prevention,Process,2028,68.0,%,Percentage,Higher is better,Malaria,,,,https://www.citizen.org/wp-content/uploads/2026-0015QN-Malawi-1.13.2026.pdf
Malawi,Malaria,% of pregnant women who have access to and receive 3 or more doses of IPTp for malaria prevention,Process,2029,72.0,%,Percentage,Higher is better,Malaria,,,,https://www.citizen.org/wp-content/uploads/2026-0015QN-Malawi-1.13.2026.pdf
Malawi,Malaria,% of pregnant women who have access to and receive 3 or more doses of IPTp for malaria prevention,Process,2030,80.0,%,Percentage,Higher is better,Malaria,,,,https://www.citizen.org/wp-content/uploads/2026-0015QN-Malawi-1.13.2026.pdf
Malawi,TB,"# patients with TB notified (i.e., bacteriologically confirmed + clinically diagnosed)",Process,Baseline,18310.0,count,Absolute number,Higher is better,TB,,,,https://www.citizen.org/wp-content/uploads/2026-0015QN-Malawi-1.13.2026.pdf
Malawi,TB,"# patients with TB notified (i.e., bacteriologically confirmed + clinically diagnosed)",Process,2026,19490.0,count,Absolute number,Higher is better,TB,,,,https://www.citizen.org/wp-content/uploads/2026-0015QN-Malawi-1.13.2026.pdf
Malawi,TB,"# patients with TB notified (i.e., bacteriologically confirmed + clinically diagnosed)",Process,2027,18927.0,count,Absolute number,Higher is better,TB,,,,https://www.citizen.org/wp-content/uploads/2026-0015QN-Malawi-1.13.2026.pdf
Malawi,TB,"# patients with TB notified (i.e., bacteriologically confirmed + clinically diagnosed)",Process,2028,18359.0,count,Absolute number,Higher is better,TB,,,,https://www.citizen.org/wp-content/uploads/2026-0015QN-Malawi-1.13.2026.pdf
Malawi,TB,"# patients with TB notified (i.e., bacteriologically confirmed + clinically diagnosed)",Process,2029,17808.0,count,Absolute number,Higher is better,TB,,,,https://www.citizen.org/wp-content/uploads/2026-0015QN-Malawi-1.13.2026.pdf
Malawi,TB,"# patients with TB notified (i.e., bacteriologically confirmed + clinically diagnosed)",Process,2030,17274.0,count,Absolute number,Higher is better,TB,,,,https://www.citizen.org/wp-content/uploads/2026-0015QN-Malawi-1.13.2026.pdf
Malawi,TB,% patients with TB notified who completed treatment,Process,Baseline,90.0,%,Percentage,Higher is better,TB,,,,https://www.citizen.org/wp-content/uploads/2026-0015QN-Malawi-1.13.2026.pdf
Malawi,TB,% patients with TB notified who completed treatment,Process,2026,92.0,%,Percentage,Higher is better,TB,,,,https://www.citizen.org/wp-content/uploads/2026-0015QN-Malawi-1.13.2026.pdf
Malawi,TB,% patients with TB notified who completed treatment,Process,2027,92.0,%,Percentage,Higher is better,TB,,,,https://www.citizen.org/wp-content/uploads/2026-0015QN-Malawi-1.13.2026.pdf
Malawi,TB,% patients with TB notified who completed treatment,Process,2028,93.0,%,Percentage,Higher is better,TB,,,,https://www.citizen.org/wp-content/uploads/2026-0015QN-Malawi-1.13.2026.pdf
Malawi,TB,% patients with TB notified who completed treatment,Process,2029,93.0,%,Percentage,Higher is better,TB,,,,https://www.citizen.org/wp-content/uploads/2026-0015QN-Malawi-1.13.2026.pdf
Malawi,TB,% patients with TB notified who completed treatment,Process,2030,94.0,%,Percentage,Higher is better,TB,,,,https://www.citizen.org/wp-content/uploads/2026-0015QN-Malawi-1.13.2026.pdf
Malawi,Polio,% surviving infants who received at least one dose of inactivated polio vaccine,Process,Baseline,97.0,%,Percentage,Higher is better,Polio,,,,https://www.citizen.org/wp-content/uploads/2026-0015QN-Malawi-1.13.2026.pdf
Malawi,Polio,% surviving infants who received at least one dose of inactivated polio vaccine,Process,2026,97.0,%,Percentage,Higher is better,Polio,,,,https://www.citizen.org/wp-content/uploads/2026-0015QN-Malawi-1.13.2026.pdf
Malawi,Polio,% surviving infants who received at least one dose of inactivated polio vaccine,Process,2027,98.0,%,Percentage,Higher is better,Polio,,,,https://www.citizen.org/wp-content/uploads/2026-0015QN-Malawi-1.13.2026.pdf
Malawi,Polio,% surviving infants who received at least one dose of inactivated polio vaccine,Process,2028,99.0,%,Percentage,Higher is better,Polio,,,,https://www.citizen.org/wp-content/uploads/2026-0015QN-Malawi-1.13.2026.pdf
Malawi,Polio,% surviving infants who received at least one dose of inactivated polio vaccine,Process,2029,99.0,%,Percentage,Higher is better,Polio,,,,https://www.citizen.org/wp-content/uploads/2026-0015QN-Malawi-1.13.2026.pdf
Malawi,Polio,% surviving infants who received at least one dose of inactivated polio vaccine,Process,2030,99.0,%,Percentage,Higher is better,Polio,,,,https://www.citizen.org/wp-content/uploads/2026-0015QN-Malawi-1.13.2026.pdf
Malawi,Immunisation (measles),% of children aged 12-23 months who received one dose of measles-containing vaccine,Process,Baseline,88.0,%,Percentage,Higher is better,Immunisation (measles),,,,https://www.citizen.org/wp-content/uploads/2026-0015QN-Malawi-1.13.2026.pdf
Malawi,Immunisation (measles),% of children aged 12-23 months who received one dose of measles-containing vaccine,Process,2026,89.0,%,Percentage,Higher is better,Immunisation (measles),,,,https://www.citizen.org/wp-content/uploads/2026-0015QN-Malawi-1.13.2026.pdf
Malawi,Immunisation (measles),% of children aged 12-23 months who received one dose of measles-containing vaccine,Process,2027,90.0,%,Percentage,Higher is better,Immunisation (measles),,,,https://www.citizen.org/wp-content/uploads/2026-0015QN-Malawi-1.13.2026.pdf
Malawi,Immunisation (measles),% of children aged 12-23 months who received one dose of measles-containing vaccine,Process,2028,92.0,%,Percentage,Higher is better,Immunisation (measles),,,,https://www.citizen.org/wp-content/uploads/2026-0015QN-Malawi-1.13.2026.pdf
Malawi,Immunisation (measles),% of children aged 12-23 months who received one dose of measles-containing vaccine,Process,2029,94.0,%,Percentage,Higher is better,Immunisation (measles),,,,https://www.citizen.org/wp-content/uploads/2026-0015QN-Malawi-1.13.2026.pdf
Malawi,Immunisation (measles),% of children aged 12-23 months who received one dose of measles-containing vaccine,Process,2030,95.0,%,Percentage,Higher is better,Immunisation (measles),,,,https://www.citizen.org/wp-content/uploads/2026-0015QN-Malawi-1.13.2026.pdf
Malawi,MCH,% pregnant women attending at least 4 antenatal care visits during pregnancy,Process,Baseline,78.0,%,Percentage,Higher is better,MCH,,,,https://www.citizen.org/wp-content/uploads/2026-0015QN-Malawi-1.13.2026.pdf
Malawi,MCH,% pregnant women attending at least 4 antenatal care visits during pregnancy,Process,2026,79.0,%,Percentage,Higher is better,MCH,,,,https://www.citizen.org/wp-content/uploads/2026-0015QN-Malawi-1.13.2026.pdf
Malawi,MCH,% pregnant women attending at least 4 antenatal care visits during pregnancy,Process,2027,80.0,%,Percentage,Higher is better,MCH,,,,https://www.citizen.org/wp-content/uploads/2026-0015QN-Malawi-1.13.2026.pdf
Malawi,MCH,% pregnant women attending at least 4 antenatal care visits during pregnancy,Process,2028,81.0,%,Percentage,Higher is better,MCH,,,,https://www.citizen.org/wp-content/uploads/2026-0015QN-Malawi-1.13.2026.pdf
Malawi,MCH,% pregnant women attending at least 4 antenatal care visits during pregnancy,Process,2029,82.0,%,Percentage,Higher is better,MCH,,,,https://www.citizen.org/wp-content/uploads/2026-0015QN-Malawi-1.13.2026.pdf
Malawi,MCH,% pregnant women attending at least 4 antenatal care visits during pregnancy,Process,2030,83.0,%,Percentage,Higher is better,MCH,,,,https://www.citizen.org/wp-content/uploads/2026-0015QN-Malawi-1.13.2026.pdf
Malawi,Data systems & quality,% accuracy of data fields assessed during the annual data audit,Process,Baseline,80.0,%,Percentage,Higher is better,Data systems & quality,,,,https://www.citizen.org/wp-content/uploads/2026-0015QN-Malawi-1.13.2026.pdf
Malawi,Data systems & quality,% accuracy of data fields assessed during the annual data audit,Process,2026,80.0,%,Percentage,Higher is better,Data systems & quality,,,,https://www.citizen.org/wp-content/uploads/2026-0015QN-Malawi-1.13.2026.pdf
Malawi,Data systems & quality,% accuracy of data fields assessed during the annual data audit,Process,2027,85.0,%,Percentage,Higher is better,Data systems & quality,,,,https://www.citizen.org/wp-content/uploads/2026-0015QN-Malawi-1.13.2026.pdf
Malawi,Data systems & quality,% accuracy of data fields assessed during the annual data audit,Process,2028,90.0,%,Percentage,Higher is better,Data systems & quality,,,,https://www.citizen.org/wp-content/uploads/2026-0015QN-Malawi-1.13.2026.pdf
Malawi,Data systems & quality,% accuracy of data fields assessed during the annual data audit,Process,2029,90.0,%,Percentage,Higher is better,Data systems & quality,,,,https://www.citizen.org/wp-content/uploads/2026-0015QN-Malawi-1.13.2026.pdf
Malawi,Data systems & quality,% accuracy of data fields assessed during the annual data audit,Process,2030,95.0,%,Percentage,Higher is better,Data systems & quality,,,,https://www.citizen.org/wp-content/uploads/2026-0015QN-Malawi-1.13.2026.pdf
Malawi,GHS / outbreak response,Detects suspected infectious disease outbreaks with epidemic potential within X days of disease emergence,Outbreak response (7-1-7),Baseline,7.0,days,Days,Lower is better,Infectious Disease Outbreak Response Metrics,"Standing commitment for the whole term, not a yearly target. Party named in the MOU: the Government of Malawi",,"Sec 1.3, p.4",https://www.citizen.org/wp-content/uploads/2026-0015QN-Malawi-1.13.2026.pdf
Malawi,GHS / outbreak response,Notifies the U.S. Government within X day(s) of detection of a confirmed infectious disease outbreak,Outbreak response (7-1-7),Baseline,1.0,days,Days,Lower is better,Infectious Disease Outbreak Response Metrics,"Standing commitment for the whole term, not a yearly target. Party named in the MOU: the Government of Malawi",,"Sec 1.3, p.4",https://www.citizen.org/wp-content/uploads/2026-0015QN-Malawi-1.13.2026.pdf
Malawi,GHS / outbreak response,Completes relevant initial response actions within X days of notification,Outbreak response (7-1-7),Baseline,7.0,days,Days,Lower is better,Infectious Disease Outbreak Response Metrics,"Standing commitment for the whole term, not a yearly target. Party named in the MOU: the Government of Malawi",,"Sec 1.3, p.4",https://www.citizen.org/wp-content/uploads/2026-0015QN-Malawi-1.13.2026.pdf
Burundi,HIV/AIDS,% People With HIV Who Know Their Status,Outcome,Baseline,96.5,%,Percentage,Higher is better,HIV/AIDS,Signed in English and French; where the two texts diverge the English text prevails.,,,https://www.citizen.org/wp-content/uploads/BURUNDI_FL-2026-00021_August-2026-Production_RELEASE.pdf
Burundi,HIV/AIDS,% People With HIV Who Know Their Status,Outcome,2026,96.5,%,Percentage,Higher is better,HIV/AIDS,Signed in English and French; where the two texts diverge the English text prevails.,,,https://www.citizen.org/wp-content/uploads/BURUNDI_FL-2026-00021_August-2026-Production_RELEASE.pdf
Burundi,HIV/AIDS,% People With HIV Who Know Their Status,Outcome,2027,96.5,%,Percentage,Higher is better,HIV/AIDS,Signed in English and French; where the two texts diverge the English text prevails.,,,https://www.citizen.org/wp-content/uploads/BURUNDI_FL-2026-00021_August-2026-Production_RELEASE.pdf
Burundi,HIV/AIDS,% People With HIV Who Know Their Status,Outcome,2028,97.0,%,Percentage,Higher is better,HIV/AIDS,Signed in English and French; where the two texts diverge the English text prevails.,,,https://www.citizen.org/wp-content/uploads/BURUNDI_FL-2026-00021_August-2026-Production_RELEASE.pdf
Burundi,HIV/AIDS,% People With HIV Who Know Their Status,Outcome,2029,97.0,%,Percentage,Higher is better,HIV/AIDS,Signed in English and French; where the two texts diverge the English text prevails.,,,https://www.citizen.org/wp-content/uploads/BURUNDI_FL-2026-00021_August-2026-Production_RELEASE.pdf
Burundi,HIV/AIDS,% People With HIV Who Know Their Status,Outcome,2030,97.0,%,Percentage,Higher is better,HIV/AIDS,Signed in English and French; where the two texts diverge the English text prevails.,,,https://www.citizen.org/wp-content/uploads/BURUNDI_FL-2026-00021_August-2026-Production_RELEASE.pdf
Burundi,HIV/AIDS,% People Who Know Their HIV Status on Treatment,Outcome,Baseline,97.0,%,Percentage,Higher is better,HIV/AIDS,,,,https://www.citizen.org/wp-content/uploads/BURUNDI_FL-2026-00021_August-2026-Production_RELEASE.pdf
Burundi,HIV/AIDS,% People Who Know Their HIV Status on Treatment,Outcome,2026,97.0,%,Percentage,Higher is better,HIV/AIDS,,,,https://www.citizen.org/wp-content/uploads/BURUNDI_FL-2026-00021_August-2026-Production_RELEASE.pdf
Burundi,HIV/AIDS,% People Who Know Their HIV Status on Treatment,Outcome,2027,97.0,%,Percentage,Higher is better,HIV/AIDS,,,,https://www.citizen.org/wp-content/uploads/BURUNDI_FL-2026-00021_August-2026-Production_RELEASE.pdf
Burundi,HIV/AIDS,% People Who Know Their HIV Status on Treatment,Outcome,2028,98.0,%,Percentage,Higher is better,HIV/AIDS,,,,https://www.citizen.org/wp-content/uploads/BURUNDI_FL-2026-00021_August-2026-Production_RELEASE.pdf
Burundi,HIV/AIDS,% People Who Know Their HIV Status on Treatment,Outcome,2029,98.0,%,Percentage,Higher is better,HIV/AIDS,,,,https://www.citizen.org/wp-content/uploads/BURUNDI_FL-2026-00021_August-2026-Production_RELEASE.pdf
Burundi,HIV/AIDS,% People Who Know Their HIV Status on Treatment,Outcome,2030,98.0,%,Percentage,Higher is better,HIV/AIDS,,,,https://www.citizen.org/wp-content/uploads/BURUNDI_FL-2026-00021_August-2026-Production_RELEASE.pdf
Burundi,HIV/AIDS,% People On Antiretroviral Treatment (ART) Who Are Virally Suppressed,Outcome,Baseline,93.3,%,Percentage,Higher is better,HIV/AIDS,,,,https://www.citizen.org/wp-content/uploads/BURUNDI_FL-2026-00021_August-2026-Production_RELEASE.pdf
Burundi,HIV/AIDS,% People On Antiretroviral Treatment (ART) Who Are Virally Suppressed,Outcome,2026,94.0,%,Percentage,Higher is better,HIV/AIDS,,,,https://www.citizen.org/wp-content/uploads/BURUNDI_FL-2026-00021_August-2026-Production_RELEASE.pdf
Burundi,HIV/AIDS,% People On Antiretroviral Treatment (ART) Who Are Virally Suppressed,Outcome,2027,94.0,%,Percentage,Higher is better,HIV/AIDS,,,,https://www.citizen.org/wp-content/uploads/BURUNDI_FL-2026-00021_August-2026-Production_RELEASE.pdf
Burundi,HIV/AIDS,% People On Antiretroviral Treatment (ART) Who Are Virally Suppressed,Outcome,2028,95.0,%,Percentage,Higher is better,HIV/AIDS,,,,https://www.citizen.org/wp-content/uploads/BURUNDI_FL-2026-00021_August-2026-Production_RELEASE.pdf
Burundi,HIV/AIDS,% People On Antiretroviral Treatment (ART) Who Are Virally Suppressed,Outcome,2029,95.0,%,Percentage,Higher is better,HIV/AIDS,,,,https://www.citizen.org/wp-content/uploads/BURUNDI_FL-2026-00021_August-2026-Production_RELEASE.pdf
Burundi,HIV/AIDS,% People On Antiretroviral Treatment (ART) Who Are Virally Suppressed,Outcome,2030,95.0,%,Percentage,Higher is better,HIV/AIDS,,,,https://www.citizen.org/wp-content/uploads/BURUNDI_FL-2026-00021_August-2026-Production_RELEASE.pdf
Burundi,Malaria,# Malaria Deaths in Children Under 5,Outcome,Baseline,916.0,count,Absolute number,Lower is better,Malaria,,,,https://www.citizen.org/wp-content/uploads/BURUNDI_FL-2026-00021_August-2026-Production_RELEASE.pdf
Burundi,Malaria,# Malaria Deaths in Children Under 5,Outcome,2026,680.0,count,Absolute number,Lower is better,Malaria,,,,https://www.citizen.org/wp-content/uploads/BURUNDI_FL-2026-00021_August-2026-Production_RELEASE.pdf
Burundi,Malaria,# Malaria Deaths in Children Under 5,Outcome,2027,623.0,count,Absolute number,Lower is better,Malaria,,,,https://www.citizen.org/wp-content/uploads/BURUNDI_FL-2026-00021_August-2026-Production_RELEASE.pdf
Burundi,Malaria,# Malaria Deaths in Children Under 5,Outcome,2028,566.0,count,Absolute number,Lower is better,Malaria,,,,https://www.citizen.org/wp-content/uploads/BURUNDI_FL-2026-00021_August-2026-Production_RELEASE.pdf
Burundi,Malaria,# Malaria Deaths in Children Under 5,Outcome,2029,509.0,count,Absolute number,Lower is better,Malaria,,,,https://www.citizen.org/wp-content/uploads/BURUNDI_FL-2026-00021_August-2026-Production_RELEASE.pdf
Burundi,Malaria,# Malaria Deaths in Children Under 5,Outcome,2030,453.0,count,Absolute number,Lower is better,Malaria,,,,https://www.citizen.org/wp-content/uploads/BURUNDI_FL-2026-00021_August-2026-Production_RELEASE.pdf
Burundi,TB,# TB Deaths,Outcome,Baseline,170.0,count,Absolute number,Lower is better,TB,,,,https://www.citizen.org/wp-content/uploads/BURUNDI_FL-2026-00021_August-2026-Production_RELEASE.pdf
Burundi,TB,# TB Deaths,Outcome,2026,130.0,count,Absolute number,Lower is better,TB,,,,https://www.citizen.org/wp-content/uploads/BURUNDI_FL-2026-00021_August-2026-Production_RELEASE.pdf
Burundi,TB,# TB Deaths,Outcome,2027,100.0,count,Absolute number,Lower is better,TB,,,,https://www.citizen.org/wp-content/uploads/BURUNDI_FL-2026-00021_August-2026-Production_RELEASE.pdf
Burundi,TB,# TB Deaths,Outcome,2028,80.0,count,Absolute number,Lower is better,TB,,,,https://www.citizen.org/wp-content/uploads/BURUNDI_FL-2026-00021_August-2026-Production_RELEASE.pdf
Burundi,TB,# TB Deaths,Outcome,2029,60.0,count,Absolute number,Lower is better,TB,,,,https://www.citizen.org/wp-content/uploads/BURUNDI_FL-2026-00021_August-2026-Production_RELEASE.pdf
Burundi,TB,# TB Deaths,Outcome,2030,40.0,count,Absolute number,Lower is better,TB,,,,https://www.citizen.org/wp-content/uploads/BURUNDI_FL-2026-00021_August-2026-Production_RELEASE.pdf
Burundi,Polio,"# Polio Cases (e.g., WPV, cVDPVB)",Outcome,Baseline,0.0,count,Absolute number,Lower is better,Polio,,,,https://www.citizen.org/wp-content/uploads/BURUNDI_FL-2026-00021_August-2026-Production_RELEASE.pdf
Burundi,Polio,"# Polio Cases (e.g., WPV, cVDPVB)",Outcome,2026,0.0,count,Absolute number,Lower is better,Polio,,,,https://www.citizen.org/wp-content/uploads/BURUNDI_FL-2026-00021_August-2026-Production_RELEASE.pdf
Burundi,Polio,"# Polio Cases (e.g., WPV, cVDPVB)",Outcome,2027,0.0,count,Absolute number,Lower is better,Polio,,,,https://www.citizen.org/wp-content/uploads/BURUNDI_FL-2026-00021_August-2026-Production_RELEASE.pdf
Burundi,Polio,"# Polio Cases (e.g., WPV, cVDPVB)",Outcome,2028,0.0,count,Absolute number,Lower is better,Polio,,,,https://www.citizen.org/wp-content/uploads/BURUNDI_FL-2026-00021_August-2026-Production_RELEASE.pdf
Burundi,Polio,"# Polio Cases (e.g., WPV, cVDPVB)",Outcome,2029,0.0,count,Absolute number,Lower is better,Polio,,,,https://www.citizen.org/wp-content/uploads/BURUNDI_FL-2026-00021_August-2026-Production_RELEASE.pdf
Burundi,Polio,"# Polio Cases (e.g., WPV, cVDPVB)",Outcome,2030,0.0,count,Absolute number,Lower is better,Polio,,,,https://www.citizen.org/wp-content/uploads/BURUNDI_FL-2026-00021_August-2026-Production_RELEASE.pdf
Burundi,Immunisation (measles),# Measles Cases,Outcome,Baseline,133.0,count,Absolute number,Lower is better,Immunisation (measles),,,,https://www.citizen.org/wp-content/uploads/BURUNDI_FL-2026-00021_August-2026-Production_RELEASE.pdf
Burundi,Immunisation (measles),# Measles Cases,Outcome,2026,130.0,count,Absolute number,Lower is better,Immunisation (measles),,,,https://www.citizen.org/wp-content/uploads/BURUNDI_FL-2026-00021_August-2026-Production_RELEASE.pdf
Burundi,Immunisation (measles),# Measles Cases,Outcome,2027,115.0,count,Absolute number,Lower is better,Immunisation (measles),,,,https://www.citizen.org/wp-content/uploads/BURUNDI_FL-2026-00021_August-2026-Production_RELEASE.pdf
Burundi,Immunisation (measles),# Measles Cases,Outcome,2028,100.0,count,Absolute number,Lower is better,Immunisation (measles),,,,https://www.citizen.org/wp-content/uploads/BURUNDI_FL-2026-00021_August-2026-Production_RELEASE.pdf
Burundi,Immunisation (measles),# Measles Cases,Outcome,2029,85.0,count,Absolute number,Lower is better,Immunisation (measles),,,,https://www.citizen.org/wp-content/uploads/BURUNDI_FL-2026-00021_August-2026-Production_RELEASE.pdf
Burundi,Immunisation (measles),# Measles Cases,Outcome,2030,70.0,count,Absolute number,Lower is better,Immunisation (measles),,,,https://www.citizen.org/wp-content/uploads/BURUNDI_FL-2026-00021_August-2026-Production_RELEASE.pdf
Burundi,MCH,Maternal Mortality Rate,Outcome,Baseline,334.0,"per 100,000",Rate,Lower is better,MCH,The MOU prints no denominator for this row.,,,https://www.citizen.org/wp-content/uploads/BURUNDI_FL-2026-00021_August-2026-Production_RELEASE.pdf
Burundi,MCH,Maternal Mortality Rate,Outcome,2026,300.0,"per 100,000",Rate,Lower is better,MCH,The MOU prints no denominator for this row.,,,https://www.citizen.org/wp-content/uploads/BURUNDI_FL-2026-00021_August-2026-Production_RELEASE.pdf
Burundi,MCH,Maternal Mortality Rate,Outcome,2027,270.0,"per 100,000",Rate,Lower is better,MCH,The MOU prints no denominator for this row.,,,https://www.citizen.org/wp-content/uploads/BURUNDI_FL-2026-00021_August-2026-Production_RELEASE.pdf
Burundi,MCH,Maternal Mortality Rate,Outcome,2028,240.0,"per 100,000",Rate,Lower is better,MCH,The MOU prints no denominator for this row.,,,https://www.citizen.org/wp-content/uploads/BURUNDI_FL-2026-00021_August-2026-Production_RELEASE.pdf
Burundi,MCH,Maternal Mortality Rate,Outcome,2029,210.0,"per 100,000",Rate,Lower is better,MCH,The MOU prints no denominator for this row.,,,https://www.citizen.org/wp-content/uploads/BURUNDI_FL-2026-00021_August-2026-Production_RELEASE.pdf
Burundi,MCH,Maternal Mortality Rate,Outcome,2030,180.0,"per 100,000",Rate,Lower is better,MCH,The MOU prints no denominator for this row.,,,https://www.citizen.org/wp-content/uploads/BURUNDI_FL-2026-00021_August-2026-Production_RELEASE.pdf
Burundi,MCH,"Children Under 5 Mortality Rate (per 1,000 live births)",Outcome,Baseline,54.0,"per 1,000 live births",Rate,Lower is better,MCH,,,,https://www.citizen.org/wp-content/uploads/BURUNDI_FL-2026-00021_August-2026-Production_RELEASE.pdf
Burundi,MCH,"Children Under 5 Mortality Rate (per 1,000 live births)",Outcome,2026,52.0,"per 1,000 live births",Rate,Lower is better,MCH,,,,https://www.citizen.org/wp-content/uploads/BURUNDI_FL-2026-00021_August-2026-Production_RELEASE.pdf
Burundi,MCH,"Children Under 5 Mortality Rate (per 1,000 live births)",Outcome,2027,48.0,"per 1,000 live births",Rate,Lower is better,MCH,,,,https://www.citizen.org/wp-content/uploads/BURUNDI_FL-2026-00021_August-2026-Production_RELEASE.pdf
Burundi,MCH,"Children Under 5 Mortality Rate (per 1,000 live births)",Outcome,2028,44.0,"per 1,000 live births",Rate,Lower is better,MCH,,,,https://www.citizen.org/wp-content/uploads/BURUNDI_FL-2026-00021_August-2026-Production_RELEASE.pdf
Burundi,MCH,"Children Under 5 Mortality Rate (per 1,000 live births)",Outcome,2029,40.0,"per 1,000 live births",Rate,Lower is better,MCH,,,,https://www.citizen.org/wp-content/uploads/BURUNDI_FL-2026-00021_August-2026-Production_RELEASE.pdf
Burundi,MCH,"Children Under 5 Mortality Rate (per 1,000 live births)",Outcome,2030,35.0,"per 1,000 live births",Rate,Lower is better,MCH,,,,https://www.citizen.org/wp-content/uploads/BURUNDI_FL-2026-00021_August-2026-Production_RELEASE.pdf
Burundi,HIV/AIDS,# People on ART,Process,Baseline,78285.0,count,Absolute number,Higher is better,HIV/AIDS,,,,https://www.citizen.org/wp-content/uploads/BURUNDI_FL-2026-00021_August-2026-Production_RELEASE.pdf
Burundi,HIV/AIDS,# People on ART,Process,2026,79263.0,count,Absolute number,Higher is better,HIV/AIDS,,,,https://www.citizen.org/wp-content/uploads/BURUNDI_FL-2026-00021_August-2026-Production_RELEASE.pdf
Burundi,HIV/AIDS,# People on ART,Process,2027,79842.0,count,Absolute number,Higher is better,HIV/AIDS,,,,https://www.citizen.org/wp-content/uploads/BURUNDI_FL-2026-00021_August-2026-Production_RELEASE.pdf
Burundi,HIV/AIDS,# People on ART,Process,2028,80478.0,count,Absolute number,Higher is better,HIV/AIDS,,,,https://www.citizen.org/wp-content/uploads/BURUNDI_FL-2026-00021_August-2026-Production_RELEASE.pdf
Burundi,HIV/AIDS,# People on ART,Process,2029,81141.0,count,Absolute number,Higher is better,HIV/AIDS,,,,https://www.citizen.org/wp-content/uploads/BURUNDI_FL-2026-00021_August-2026-Production_RELEASE.pdf
Burundi,HIV/AIDS,# People on ART,Process,2030,81887.0,count,Absolute number,Higher is better,HIV/AIDS,,,,https://www.citizen.org/wp-content/uploads/BURUNDI_FL-2026-00021_August-2026-Production_RELEASE.pdf
Burundi,HIV/AIDS,# New HIV diagnoses among infants (0-11 months),Process,Baseline,35.0,count,Absolute number,Lower is better,HIV/AIDS,Age band is 0-11 months - the narrowest of any published MOU.,,,https://www.citizen.org/wp-content/uploads/BURUNDI_FL-2026-00021_August-2026-Production_RELEASE.pdf
Burundi,HIV/AIDS,# New HIV diagnoses among infants (0-11 months),Process,2026,27.0,count,Absolute number,Lower is better,HIV/AIDS,Age band is 0-11 months - the narrowest of any published MOU.,,,https://www.citizen.org/wp-content/uploads/BURUNDI_FL-2026-00021_August-2026-Production_RELEASE.pdf
Burundi,HIV/AIDS,# New HIV diagnoses among infants (0-11 months),Process,2027,23.0,count,Absolute number,Lower is better,HIV/AIDS,Age band is 0-11 months - the narrowest of any published MOU.,,,https://www.citizen.org/wp-content/uploads/BURUNDI_FL-2026-00021_August-2026-Production_RELEASE.pdf
Burundi,HIV/AIDS,# New HIV diagnoses among infants (0-11 months),Process,2028,19.0,count,Absolute number,Lower is better,HIV/AIDS,Age band is 0-11 months - the narrowest of any published MOU.,,,https://www.citizen.org/wp-content/uploads/BURUNDI_FL-2026-00021_August-2026-Production_RELEASE.pdf
Burundi,HIV/AIDS,# New HIV diagnoses among infants (0-11 months),Process,2029,15.0,count,Absolute number,Lower is better,HIV/AIDS,Age band is 0-11 months - the narrowest of any published MOU.,,,https://www.citizen.org/wp-content/uploads/BURUNDI_FL-2026-00021_August-2026-Production_RELEASE.pdf
Burundi,HIV/AIDS,# New HIV diagnoses among infants (0-11 months),Process,2030,11.0,count,Absolute number,Lower is better,HIV/AIDS,Age band is 0-11 months - the narrowest of any published MOU.,,,https://www.citizen.org/wp-content/uploads/BURUNDI_FL-2026-00021_August-2026-Production_RELEASE.pdf
Burundi,HIV/AIDS,# New HIV diagnoses among children and adults (age 12 months or older),Process,Baseline,5082.0,count,Absolute number,Lower is better,HIV/AIDS,,,,https://www.citizen.org/wp-content/uploads/BURUNDI_FL-2026-00021_August-2026-Production_RELEASE.pdf
Burundi,HIV/AIDS,# New HIV diagnoses among children and adults (age 12 months or older),Process,2026,4930.0,count,Absolute number,Lower is better,HIV/AIDS,,,,https://www.citizen.org/wp-content/uploads/BURUNDI_FL-2026-00021_August-2026-Production_RELEASE.pdf
Burundi,HIV/AIDS,# New HIV diagnoses among children and adults (age 12 months or older),Process,2027,4854.0,count,Absolute number,Lower is better,HIV/AIDS,,,,https://www.citizen.org/wp-content/uploads/BURUNDI_FL-2026-00021_August-2026-Production_RELEASE.pdf
Burundi,HIV/AIDS,# New HIV diagnoses among children and adults (age 12 months or older),Process,2028,4778.0,count,Absolute number,Lower is better,HIV/AIDS,,,,https://www.citizen.org/wp-content/uploads/BURUNDI_FL-2026-00021_August-2026-Production_RELEASE.pdf
Burundi,HIV/AIDS,# New HIV diagnoses among children and adults (age 12 months or older),Process,2029,4702.0,count,Absolute number,Lower is better,HIV/AIDS,,,,https://www.citizen.org/wp-content/uploads/BURUNDI_FL-2026-00021_August-2026-Production_RELEASE.pdf
Burundi,HIV/AIDS,# New HIV diagnoses among children and adults (age 12 months or older),Process,2030,4626.0,count,Absolute number,Lower is better,HIV/AIDS,,,,https://www.citizen.org/wp-content/uploads/BURUNDI_FL-2026-00021_August-2026-Production_RELEASE.pdf
Burundi,HIV/AIDS,% Pregnant and breastfeeding women living with HIV who receive ART,Process,Baseline,74.0,%,Percentage,Higher is better,HIV/AIDS,,,,https://www.citizen.org/wp-content/uploads/BURUNDI_FL-2026-00021_August-2026-Production_RELEASE.pdf
Burundi,HIV/AIDS,% Pregnant and breastfeeding women living with HIV who receive ART,Process,2026,80.0,%,Percentage,Higher is better,HIV/AIDS,,,,https://www.citizen.org/wp-content/uploads/BURUNDI_FL-2026-00021_August-2026-Production_RELEASE.pdf
Burundi,HIV/AIDS,% Pregnant and breastfeeding women living with HIV who receive ART,Process,2027,85.0,%,Percentage,Higher is better,HIV/AIDS,,,,https://www.citizen.org/wp-content/uploads/BURUNDI_FL-2026-00021_August-2026-Production_RELEASE.pdf
Burundi,HIV/AIDS,% Pregnant and breastfeeding women living with HIV who receive ART,Process,2028,90.0,%,Percentage,Higher is better,HIV/AIDS,,,,https://www.citizen.org/wp-content/uploads/BURUNDI_FL-2026-00021_August-2026-Production_RELEASE.pdf
Burundi,HIV/AIDS,% Pregnant and breastfeeding women living with HIV who receive ART,Process,2029,95.0,%,Percentage,Higher is better,HIV/AIDS,,,,https://www.citizen.org/wp-content/uploads/BURUNDI_FL-2026-00021_August-2026-Production_RELEASE.pdf
Burundi,HIV/AIDS,% Pregnant and breastfeeding women living with HIV who receive ART,Process,2030,95.0,%,Percentage,Higher is better,HIV/AIDS,,,,https://www.citizen.org/wp-content/uploads/BURUNDI_FL-2026-00021_August-2026-Production_RELEASE.pdf
Burundi,Malaria,% Confirmed malaria cases that receive first-line antimalarial treatment,Process,Baseline,96.9,%,Percentage,Higher is better,Malaria,,,,https://www.citizen.org/wp-content/uploads/BURUNDI_FL-2026-00021_August-2026-Production_RELEASE.pdf
Burundi,Malaria,% Confirmed malaria cases that receive first-line antimalarial treatment,Process,2026,97.0,%,Percentage,Higher is better,Malaria,,,,https://www.citizen.org/wp-content/uploads/BURUNDI_FL-2026-00021_August-2026-Production_RELEASE.pdf
Burundi,Malaria,% Confirmed malaria cases that receive first-line antimalarial treatment,Process,2027,97.0,%,Percentage,Higher is better,Malaria,,,,https://www.citizen.org/wp-content/uploads/BURUNDI_FL-2026-00021_August-2026-Production_RELEASE.pdf
Burundi,Malaria,% Confirmed malaria cases that receive first-line antimalarial treatment,Process,2028,97.1,%,Percentage,Higher is better,Malaria,,,,https://www.citizen.org/wp-content/uploads/BURUNDI_FL-2026-00021_August-2026-Production_RELEASE.pdf
Burundi,Malaria,% Confirmed malaria cases that receive first-line antimalarial treatment,Process,2029,97.2,%,Percentage,Higher is better,Malaria,,,,https://www.citizen.org/wp-content/uploads/BURUNDI_FL-2026-00021_August-2026-Production_RELEASE.pdf
Burundi,Malaria,% Confirmed malaria cases that receive first-line antimalarial treatment,Process,2030,97.3,%,Percentage,Higher is better,Malaria,,,,https://www.citizen.org/wp-content/uploads/BURUNDI_FL-2026-00021_August-2026-Production_RELEASE.pdf
Burundi,Malaria,# Insecticide-treated nets distributed to populations at risk of malaria,Process,Baseline,1048287.0,routine nets,Absolute number,Higher is better,Malaria,,,,https://www.citizen.org/wp-content/uploads/BURUNDI_FL-2026-00021_August-2026-Production_RELEASE.pdf
Burundi,Malaria,# Insecticide-treated nets distributed to populations at risk of malaria,Process,2026,1105659.0,routine nets,Absolute number,Higher is better,Malaria,,,,https://www.citizen.org/wp-content/uploads/BURUNDI_FL-2026-00021_August-2026-Production_RELEASE.pdf
Burundi,Malaria,# Insecticide-treated nets distributed to populations at risk of malaria,Process,2027,1135511.0,routine nets,Absolute number,Higher is better,Malaria,,,,https://www.citizen.org/wp-content/uploads/BURUNDI_FL-2026-00021_August-2026-Production_RELEASE.pdf
Burundi,Malaria,# Insecticide-treated nets distributed to populations at risk of malaria,Process,2028,1166170.0,routine nets,Absolute number,Higher is better,Malaria,,,,https://www.citizen.org/wp-content/uploads/BURUNDI_FL-2026-00021_August-2026-Production_RELEASE.pdf
Burundi,Malaria,# Insecticide-treated nets distributed to populations at risk of malaria,Process,2029,1197657.0,routine nets,Absolute number,Higher is better,Malaria,,,,https://www.citizen.org/wp-content/uploads/BURUNDI_FL-2026-00021_August-2026-Production_RELEASE.pdf
Burundi,Malaria,# Insecticide-treated nets distributed to populations at risk of malaria,Process,2030,1229994.0,routine nets,Absolute number,Higher is better,Malaria,,,,https://www.citizen.org/wp-content/uploads/BURUNDI_FL-2026-00021_August-2026-Production_RELEASE.pdf
Burundi,Data systems & quality,% Accuracy of data fields assessed during the annual data audit,Process,Baseline,84.0,%,Percentage,Higher is better,Data systems & quality,,,,https://www.citizen.org/wp-content/uploads/BURUNDI_FL-2026-00021_August-2026-Production_RELEASE.pdf
Burundi,Data systems & quality,% Accuracy of data fields assessed during the annual data audit,Process,2026,84.0,%,Percentage,Higher is better,Data systems & quality,,,,https://www.citizen.org/wp-content/uploads/BURUNDI_FL-2026-00021_August-2026-Production_RELEASE.pdf
Burundi,Data systems & quality,% Accuracy of data fields assessed during the annual data audit,Process,2027,84.0,%,Percentage,Higher is better,Data systems & quality,,,,https://www.citizen.org/wp-content/uploads/BURUNDI_FL-2026-00021_August-2026-Production_RELEASE.pdf
Burundi,Data systems & quality,% Accuracy of data fields assessed during the annual data audit,Process,2028,85.0,%,Percentage,Higher is better,Data systems & quality,,,,https://www.citizen.org/wp-content/uploads/BURUNDI_FL-2026-00021_August-2026-Production_RELEASE.pdf
Burundi,Data systems & quality,% Accuracy of data fields assessed during the annual data audit,Process,2029,88.0,%,Percentage,Higher is better,Data systems & quality,,,,https://www.citizen.org/wp-content/uploads/BURUNDI_FL-2026-00021_August-2026-Production_RELEASE.pdf
Burundi,Data systems & quality,% Accuracy of data fields assessed during the annual data audit,Process,2030,88.0,%,Percentage,Higher is better,Data systems & quality,,,,https://www.citizen.org/wp-content/uploads/BURUNDI_FL-2026-00021_August-2026-Production_RELEASE.pdf
Burundi,GHS / outbreak response,Detects suspected infectious disease outbreaks with epidemic potential within X days of disease emergence,Outbreak response (7-1-7),Baseline,7.0,days,Days,Lower is better,Infectious Disease Outbreak Response Metrics,"Standing commitment for the whole term, not a yearly target. Party named in the MOU: the Burundi Government",,"Sec 1.3, p.3",https://www.citizen.org/wp-content/uploads/BURUNDI_FL-2026-00021_August-2026-Production_RELEASE.pdf
Burundi,GHS / outbreak response,Notifies the U.S. Government within X day(s) of detection of a confirmed infectious disease outbreak,Outbreak response (7-1-7),Baseline,1.0,days,Days,Lower is better,Infectious Disease Outbreak Response Metrics,"Standing commitment for the whole term, not a yearly target. Party named in the MOU: the Burundi Government",,"Sec 1.3, p.3",https://www.citizen.org/wp-content/uploads/BURUNDI_FL-2026-00021_August-2026-Production_RELEASE.pdf
Burundi,GHS / outbreak response,Completes relevant initial response actions within X days of notification,Outbreak response (7-1-7),Baseline,7.0,days,Days,Lower is better,Infectious Disease Outbreak Response Metrics,"Standing commitment for the whole term, not a yearly target. Party named in the MOU: the Burundi Government",,"Sec 1.3, p.3",https://www.citizen.org/wp-content/uploads/BURUNDI_FL-2026-00021_August-2026-Production_RELEASE.pdf
